record_id,duplicate_key,source_id,source_quality_tier,snapshot_date,visa_subclass,application_status,event_observed,lodgement_date,decision_date,as_of_date,waiting_days,education_level,study_sector,field_of_study_group,submit_location,includes_partner,is_diy,provider_group,record_quality_score,quality_flags,provenance_url
VD-160935e9c696772b6da9,1494cc06b18dd47edcdc,PLAT-VISADASHBOARD,C,2026-09-24,500,granted,1,2026-08-13,2026-08-18,2026-08-18,5,PhD,Postgraduate Research,Health and Medicine,Outside Australia,no,yes,Unknown,100,,https://www.visadashboard.top/dashboard/table
VD-059050c95bce66674873,63551f041cbcd4eef3cc,PLAT-VISADASHBOARD,C,2026-09-24,500,granted,1,2025-07-16,2026-07-31,2026-07-31,380,PhD,Postgraduate Research,Computing and Data,Outside Australia,no,unknown,Unknown,100,,https://www.visadashboard.top/dashboard/table
VD-d88f44ed89bc2fd055b1,97b73d7d983333e102c6,PLAT-VISADASHBOARD,C,2026-09-24,500,granted,1,2026-07-03,2026-07-13,2026-07-13,10,PhD,Postgraduate Research,Humanities and Social Sciences,Outside Australia,no,yes,Unknown,100,,https://www.visadashboard.top/dashboard/table
VD-77effdeb7a3dce41f144,b1f914562962e7977ec1,PLAT-VISADASHBOARD,C,2026-09-24,500,granted,1,2025-05-02,2026-07-06,2026-07-06,430,PhD,Postgraduate Research,Natural Sciences,In Australia,no,unknown,Unknown,100,,https://www.visadashboard.top/dashboard/table
VD-d872665c9ee159d557e6,0af41ac67a18d6a9e1f6,PLAT-VISADASHBOARD,C,2026-09-24,500,granted,1,2026-07-05,2026-07-05,2026-07-05,0,PhD,Postgraduate Research,Engineering,Outside Australia,no,yes,Group of Eight,100,,https://www.visadashboard.top/dashboard/table
VD-08e457073c9fa7123d86,9af30a168a4284a4221e,PLAT-VISADASHBOARD,C,2026-09-24,500,granted,1,2025-09-05,2026-07-04,2026-07-04,302,PhD,Postgraduate Research,Natural Sciences,Outside Australia,no,unknown,Unknown,100,,https://www.visadashboard.top/dashboard/table
VD-5d8f54d73f9cb2c0015f,f8d75bd9e20501d7c7ed,PLAT-VISADASHBOARD,C,2026-09-24,500,granted,1,2026-06-19,2026-06-24,2026-06-24,5,PhD,Postgraduate Research,Natural Sciences,Outside Australia,no,no,Other/Unverified,100,,https://www.visadashboard.top/dashboard/table
VD-498cc02f75b8ab024c0b,1b8ce378f00d39c10b7a,PLAT-VISADASHBOARD,C,2026-09-24,500,granted,1,2025-08-14,2026-06-19,2026-06-19,309,PhD,Postgraduate Research,Engineering,Outside Australia,no,yes,Group of Eight,100,,https://www.visadashboard.top/dashboard/table
VD-3374e3bef4832559b1f2,a2b7a64602c304d047ed,PLAT-VISADASHBOARD,C,2026-09-24,500,granted,1,2025-07-30,2026-06-19,2026-06-19,324,PhD,Postgraduate Research,Other,Outside Australia,no,unknown,Unknown,100,,https://www.visadashboard.top/dashboard/table
VD-559301affee10287767e,dbadb8fdde44c8378208,PLAT-VISADASHBOARD,C,2026-09-24,500,granted,1,2026-06-03,2026-06-03,2026-06-03,0,PhD,Postgraduate Research,Health and Medicine,Outside Australia,no,yes,Other/Unverified,100,,https://www.visadashboard.top/dashboard/table
VD-d1f49427edafdb262357,55f7897755d664bbd06b,PLAT-VISADASHBOARD,C,2026-09-24,500,granted,1,2026-04-22,2026-05-28,2026-05-28,36,PhD,Postgraduate Research,Computing and Data,Outside Australia,no,no,Other/Unverified,100,,https://www.visadashboard.top/dashboard/table
VD-1a68c9996dd77b482965,0e0f039916cfd2ec5808,PLAT-VISADASHBOARD,C,2026-09-24,500,granted,1,2026-05-22,2026-05-27,2026-05-27,5,PhD,Postgraduate Research,Other,Outside Australia,no,yes,Other/Unverified,100,,https://www.visadashboard.top/dashboard/table
VD-ffce78d33e660ff0c1e9,d5cf2c04fa976959ae41,PLAT-VISADASHBOARD,C,2026-09-24,500,granted,1,2026-05-07,2026-05-13,2026-05-13,6,PhD,Postgraduate Research,Humanities and Social Sciences,Outside Australia,no,yes,Other/Unverified,100,,https://www.visadashboard.top/dashboard/table
VD-8c103b115f9b4fdd05a2,59f81272e0264b1aa981,PLAT-VISADASHBOARD,C,2026-09-24,500,granted,1,2026-04-07,2026-05-11,2026-05-11,34,PhD,Postgraduate Research,Other,Unknown,no,yes,Group of Eight,95,unknown_submit_location,https://www.visadashboard.top/dashboard/table
VD-d272e1bdf722e50ac111,900ba3f22d731ec52a1f,PLAT-VISADASHBOARD,C,2026-09-24,500,granted,1,2026-05-01,2026-05-05,2026-05-05,4,PhD,Postgraduate Research,Other,Outside Australia,no,yes,Unknown,100,,https://www.visadashboard.top/dashboard/table
VD-658584e6bee7393591b4,440f0ed608be8a41be97,PLAT-VISADASHBOARD,C,2026-09-24,500,granted,1,2025-09-03,2026-04-30,2026-04-30,239,PhD,Postgraduate Research,Humanities and Social Sciences,Outside Australia,no,no,Other/Unverified,100,,https://www.visadashboard.top/dashboard/table
VD-9406bbbcc12e2826ef88,8e593fc4de4803fa40ad,PLAT-VISADASHBOARD,C,2026-09-24,500,granted,1,2025-08-19,2026-04-29,2026-04-29,253,PhD,Postgraduate Research,Computing and Data,Outside Australia,no,yes,Unknown,100,,https://www.visadashboard.top/dashboard/table
VD-54ec27ef4ed87936b33b,85216e51fdf7c55c47db,PLAT-VISADASHBOARD,C,2026-09-24,500,granted,1,2025-08-14,2026-04-29,2026-04-29,258,PhD,Postgraduate Research,Engineering,Outside Australia,no,no,Group of Eight,100,,https://www.visadashboard.top/dashboard/table
VD-e5b679d6dfb12c98e110,e80d868ac4411b85557b,PLAT-VISADASHBOARD,C,2026-09-24,500,granted,1,2025-07-31,2026-04-29,2026-04-29,272,PhD,Postgraduate Research,Other,Outside Australia,no,unknown,Other/Unverified,100,,https://www.visadashboard.top/dashboard/table
VD-cc5ab69cd871d432933b,500853b0a42414eddfe1,PLAT-VISADASHBOARD,C,2026-09-24,500,granted,1,2025-07-18,2026-04-27,2026-04-27,283,PhD,Postgraduate Research,Natural Sciences,Outside Australia,no,yes,Group of Eight,100,,https://www.visadashboard.top/dashboard/table
VD-e63861b0a4aea04d4e33,5571a8cd5d4f0c79a417,PLAT-VISADASHBOARD,C,2026-09-24,500,granted,1,2026-04-23,2026-04-25,2026-04-25,2,PhD,Postgraduate Research,Natural Sciences,Outside Australia,no,yes,Group of Eight,100,,https://www.visadashboard.top/dashboard/table
VD-ea735b4c999fed60c0bb,d79601dd8bdb5b514bcf,PLAT-VISADASHBOARD,C,2026-09-24,500,granted,1,2025-08-18,2026-04-23,2026-04-23,248,PhD,Postgraduate Research,Natural Sciences,Outside Australia,no,no,Other/Unverified,100,,https://www.visadashboard.top/dashboard/table
VD-50437a7f12bc60380046,914ebbbd166bc33311be,PLAT-VISADASHBOARD,C,2026-09-24,500,granted,1,2025-07-23,2026-04-23,2026-04-23,274,PhD,Postgraduate Research,Natural Sciences,Outside Australia,no,yes,Group of Eight,100,,https://www.visadashboard.top/dashboard/table
VD-3a012487dfe498522fd3,bc813111bffee88759a7,PLAT-VISADASHBOARD,C,2026-09-24,500,granted,1,2025-07-22,2026-04-23,2026-04-23,275,PhD,Postgraduate Research,Other,Outside Australia,no,yes,Group of Eight,100,,https://www.visadashboard.top/dashboard/table
VD-26965c5c114e20ce8a0c,61b80a07647c63e93a9b,PLAT-VISADASHBOARD,C,2026-09-24,500,granted,1,2025-07-10,2026-04-22,2026-04-22,286,PhD,Postgraduate Research,Engineering,Outside Australia,no,no,Group of Eight,100,,https://www.visadashboard.top/dashboard/table
VD-90749d193709c82d3e5f,12e208d2ce08a60996d5,PLAT-VISADASHBOARD,C,2026-09-24,500,granted,1,2025-07-22,2026-04-20,2026-04-20,272,PhD,Postgraduate Research,Other,Outside Australia,no,no,Group of Eight,100,,https://www.visadashboard.top/dashboard/table
VD-08fe8315a02caf5ad339,8b8bc094fa05fa3c76c6,PLAT-VISADASHBOARD,C,2026-09-24,500,granted,1,2025-07-29,2026-04-17,2026-04-17,262,PhD,Postgraduate Research,Other,Outside Australia,unknown,yes,Other/Unverified,100,,https://www.visadashboard.top/dashboard/table
VD-7aa18aa2b36d216a33eb,660a25932c39b44a42c4,PLAT-VISADASHBOARD,C,2026-09-24,500,granted,1,2026-03-13,2026-04-15,2026-04-15,33,Unknown,Unknown,Business and Economics,In Australia,no,yes,Other/Unverified,92,unknown_education_level,https://www.visadashboard.top/dashboard/table
VD-e27ebe4bbb35a877b5b8,b50d9efd8a4f38bd5305,PLAT-VISADASHBOARD,C,2026-09-24,500,granted,1,2025-07-19,2026-04-14,2026-04-14,269,PhD,Postgraduate Research,Natural Sciences,Outside Australia,no,yes,Unknown,100,,https://www.visadashboard.top/dashboard/table
VD-35e93000fc4d1c984751,7313edbc20353624fd73,PLAT-VISADASHBOARD,C,2026-09-24,500,granted,1,2025-07-11,2026-04-14,2026-04-14,277,PhD,Postgraduate Research,Other,Outside Australia,no,no,Group of Eight,100,,https://www.visadashboard.top/dashboard/table
VD-9200af70964e838c9fd2,590841538b0874a2c6cd,PLAT-VISADASHBOARD,C,2026-09-24,500,granted,1,2025-07-16,2026-04-08,2026-04-08,266,PhD,Postgraduate Research,Other,Outside Australia,no,yes,Other/Unverified,100,,https://www.visadashboard.top/dashboard/table
VD-52ebe71f0795eaab6243,cedf94d68eccdd4f264d,PLAT-VISADASHBOARD,C,2026-09-24,500,granted,1,2025-08-06,2026-04-02,2026-04-02,239,PhD,Postgraduate Research,Other,Outside Australia,no,yes,Other/Unverified,100,,https://www.visadashboard.top/dashboard/table
VD-24839756c179dd76907e,b95479dbfbd4aa654e80,PLAT-VISADASHBOARD,C,2026-09-24,500,granted,1,2025-07-03,2026-04-02,2026-04-02,273,PhD,Postgraduate Research,Natural Sciences,Outside Australia,no,yes,Group of Eight,100,,https://www.visadashboard.top/dashboard/table
VD-61691a3c3899e2b9f5da,91e27a8f54a5526173d0,PLAT-VISADASHBOARD,C,2026-09-24,500,granted,1,2025-07-25,2026-03-31,2026-03-31,249,PhD,Postgraduate Research,Other,Outside Australia,no,no,Unknown,100,,https://www.visadashboard.top/dashboard/table
VD-99359dbe069e28bc71e1,5ec80f2a9329dd5304f0,PLAT-VISADASHBOARD,C,2026-09-24,500,granted,1,2025-07-25,2026-03-27,2026-03-27,245,PhD,Postgraduate Research,Other,Outside Australia,no,unknown,Group of Eight,100,,https://www.visadashboard.top/dashboard/table
VD-387ca4ccaac607bdaadc,5ec80f2a9329dd5304f0,PLAT-VISADASHBOARD,C,2026-09-24,500,granted,1,2025-07-25,2026-03-27,2026-03-27,245,PhD,Postgraduate Research,Other,Outside Australia,no,unknown,Unknown,100,,https://www.visadashboard.top/dashboard/table
VD-86ba931fb9d363ab762f,0c17f236cb315d29d02b,PLAT-VISADASHBOARD,C,2026-09-24,500,granted,1,2025-08-23,2026-03-24,2026-03-24,213,PhD,Postgraduate Research,Other,Outside Australia,no,unknown,Group of Eight,100,,https://www.visadashboard.top/dashboard/table
VD-da0042e8bbdb4c8a1171,2e62d609c8953f73df27,PLAT-VISADASHBOARD,C,2026-09-24,500,granted,1,2025-07-10,2026-03-23,2026-03-23,256,PhD,Postgraduate Research,Health and Medicine,Outside Australia,no,yes,Other/Unverified,100,,https://www.visadashboard.top/dashboard/table
VD-256e8905ac23ff800e6a,2e62d609c8953f73df27,PLAT-VISADASHBOARD,C,2026-09-24,500,granted,1,2025-07-10,2026-03-23,2026-03-23,256,PhD,Postgraduate Research,Health and Medicine,Outside Australia,no,yes,Group of Eight,100,,https://www.visadashboard.top/dashboard/table
VD-017fbbad6d7840c4f197,92fb4f13799dcf4fb546,PLAT-VISADASHBOARD,C,2026-09-24,500,granted,1,2025-07-10,2026-03-23,2026-03-23,256,PhD,Postgraduate Research,Other,Outside Australia,no,yes,Unknown,100,,https://www.visadashboard.top/dashboard/table
VD-4a2b746291d366c672d1,793d966f56152f183fea,PLAT-VISADASHBOARD,C,2026-09-24,500,granted,1,2025-07-09,2026-03-23,2026-03-23,257,PhD,Postgraduate Research,Engineering,Outside Australia,no,yes,Group of Eight,100,,https://www.visadashboard.top/dashboard/table
VD-646139a5d21c0c4b057f,b5a1fa85f4328f9621ee,PLAT-VISADASHBOARD,C,2026-09-24,500,granted,1,2025-07-03,2026-03-23,2026-03-23,263,PhD,Postgraduate Research,Other,Outside Australia,no,yes,Other/Unverified,100,,https://www.visadashboard.top/dashboard/table
VD-8a34f81c436b547aef8f,96357a99cd1b3d98259d,PLAT-VISADASHBOARD,C,2026-09-24,500,granted,1,2026-02-18,2026-03-20,2026-03-20,30,PhD,Postgraduate Research,Other,Outside Australia,no,yes,Other/Unverified,100,,https://www.visadashboard.top/dashboard/table
VD-91f51c80cd17ac6a76f5,4b0d9c5e667fa0e64921,PLAT-VISADASHBOARD,C,2026-09-24,500,granted,1,2025-05-29,2026-03-20,2026-03-20,295,PhD,Postgraduate Research,Natural Sciences,Outside Australia,no,yes,Unknown,100,,https://www.visadashboard.top/dashboard/table
VD-32014880226778d87d4a,ba7d15db6713aebfde3b,PLAT-VISADASHBOARD,C,2026-09-24,500,granted,1,2026-03-18,2026-03-18,2026-03-18,0,PhD,Postgraduate Research,Other,Outside Australia,no,unknown,Unknown,100,,https://www.visadashboard.top/dashboard/table
VD-5658ccb9346bf532d9f7,afc09d4b32664e5d64bd,PLAT-VISADASHBOARD,C,2026-09-24,500,granted,1,2026-03-18,2026-03-18,2026-03-18,0,PhD,Postgraduate Research,Humanities and Social Sciences,Outside Australia,no,unknown,Unknown,100,,https://www.visadashboard.top/dashboard/table
VD-edd4ce6d948407c5b9e5,6e9fe5f290b34a263155,PLAT-VISADASHBOARD,C,2026-09-24,500,granted,1,2026-03-13,2026-03-18,2026-03-18,5,PhD,Postgraduate Research,Other,Outside Australia,no,yes,Unknown,100,,https://www.visadashboard.top/dashboard/table
VD-661b743857712cc2209f,33f4954b97b50dc59c2b,PLAT-VISADASHBOARD,C,2026-09-24,500,granted,1,2025-07-10,2026-03-18,2026-03-18,251,PhD,Postgraduate Research,Engineering,Outside Australia,no,unknown,Unknown,100,,https://www.visadashboard.top/dashboard/table
VD-3207e1586a1439a7b6f0,419e047a1e583c74ec55,PLAT-VISADASHBOARD,C,2026-09-24,500,granted,1,2025-07-09,2026-03-17,2026-03-17,251,PhD,Postgraduate Research,Engineering,Outside Australia,no,yes,Unknown,100,,https://www.visadashboard.top/dashboard/table
VD-201318a3d25faa0e59de,0aff96c2bc6b4bfe5d07,PLAT-VISADASHBOARD,C,2026-09-24,500,granted,1,2025-07-04,2026-03-17,2026-03-17,256,PhD,Postgraduate Research,Other,Outside Australia,no,yes,Unknown,100,,https://www.visadashboard.top/dashboard/table
VD-d89f5004859361f2b8ff,09ac2ab97bc63bedb1c8,PLAT-VISADASHBOARD,C,2026-09-24,500,granted,1,2025-07-02,2026-03-17,2026-03-17,258,PhD,Postgraduate Research,Other,Outside Australia,no,yes,Unknown,100,,https://www.visadashboard.top/dashboard/table
VD-8372d6af2b1428eb3db0,a53b6f7c934bbbfae40f,PLAT-VISADASHBOARD,C,2026-09-24,500,granted,1,2025-07-02,2026-03-16,2026-03-16,257,PhD,Postgraduate Research,Engineering,Outside Australia,no,no,Unknown,100,,https://www.visadashboard.top/dashboard/table
VD-7e99abef732712f7d102,99e284fb620254012b4e,PLAT-VISADASHBOARD,C,2026-09-24,500,granted,1,2026-01-29,2026-03-13,2026-03-13,43,PhD,Postgraduate Research,Other,Outside Australia,no,yes,Unknown,100,,https://www.visadashboard.top/dashboard/table
VD-5d1c6a5e1cadeabd7d48,d11da2139ab429d69c9a,PLAT-VISADASHBOARD,C,2026-09-24,500,granted,1,2025-07-04,2026-03-13,2026-03-13,252,PhD,Postgraduate Research,Other,Outside Australia,no,yes,Group of Eight,100,,https://www.visadashboard.top/dashboard/table
VD-4862f2f9a357c477b2a5,d9a813432072a06542d6,PLAT-VISADASHBOARD,C,2026-09-24,500,granted,1,2025-06-30,2026-03-13,2026-03-13,256,PhD,Postgraduate Research,Other,Outside Australia,no,yes,Other/Unverified,100,,https://www.visadashboard.top/dashboard/table
VD-46577878ec8e4fa318ea,1c441ca1b2fc94c4ba7e,PLAT-VISADASHBOARD,C,2026-09-24,500,granted,1,2025-07-02,2026-03-12,2026-03-12,253,PhD,Postgraduate Research,Engineering,Outside Australia,no,no,Group of Eight,100,,https://www.visadashboard.top/dashboard/table
VD-186b432f75721f037cee,8a91ee5ea75267f6ee15,PLAT-VISADASHBOARD,C,2026-09-24,500,granted,1,2025-06-30,2026-03-12,2026-03-12,255,PhD,Postgraduate Research,Other,Outside Australia,no,yes,Group of Eight,100,,https://www.visadashboard.top/dashboard/table
VD-f4025fa2c0ac3ba4737e,b24c1a7a821df48cb83d,PLAT-VISADASHBOARD,C,2026-09-24,500,granted,1,2025-06-30,2026-03-12,2026-03-12,255,Unknown,Unknown,Other,Outside Australia,no,yes,Group of Eight,92,unknown_education_level,https://www.visadashboard.top/dashboard/table
VD-812d09b298bd4b157254,8a91ee5ea75267f6ee15,PLAT-VISADASHBOARD,C,2026-09-24,500,granted,1,2025-06-30,2026-03-12,2026-03-12,255,PhD,Postgraduate Research,Other,Outside Australia,no,yes,Group of Eight,100,,https://www.visadashboard.top/dashboard/table
VD-e96ab9b32cddb7782559,89b629ae5981168d8699,PLAT-VISADASHBOARD,C,2026-09-24,500,granted,1,2025-12-17,2026-03-11,2026-03-11,84,PhD,Postgraduate Research,Health and Medicine,Outside Australia,no,unknown,Unknown,100,,https://www.visadashboard.top/dashboard/table
VD-399b7a17087c77a1449b,1497d1260e1d6c767b42,PLAT-VISADASHBOARD,C,2026-09-24,500,granted,1,2024-12-13,2026-03-10,2026-03-10,452,PhD,Postgraduate Research,Other,Outside Australia,no,yes,Unknown,100,,https://www.visadashboard.top/dashboard/table
VD-f21fcc1e6417d36169d2,ba613a9735ae0e8df09a,PLAT-VISADASHBOARD,C,2026-09-24,500,granted,1,2024-12-13,2026-03-10,2026-03-10,452,PhD,Postgraduate Research,Engineering,Outside Australia,no,yes,Group of Eight,100,,https://www.visadashboard.top/dashboard/table
VD-26a840ef3d0f41089f77,82209781f96beda7e592,PLAT-VISADASHBOARD,C,2026-09-24,500,granted,1,2025-02-28,2026-03-06,2026-03-06,371,PhD,Postgraduate Research,Other,Outside Australia,no,no,Other/Unverified,100,,https://www.visadashboard.top/dashboard/table
VD-a8fdf3f7abb9096b1360,f8c0373699b03d2f9ed8,PLAT-VISADASHBOARD,C,2026-09-24,500,granted,1,2026-02-23,2026-03-04,2026-03-04,9,PhD,Postgraduate Research,Other,Outside Australia,no,yes,Other/Unverified,100,,https://www.visadashboard.top/dashboard/table
VD-ffa66d346c835110d787,a7cbcc4133db1d163c00,PLAT-VISADASHBOARD,C,2026-09-24,500,granted,1,2025-08-11,2026-02-27,2026-02-27,200,PhD,Postgraduate Research,Other,Outside Australia,no,yes,Other/Unverified,100,,https://www.visadashboard.top/dashboard/table
VD-1f5f1aa29d8c4e45d719,49f19e66b15922a42b29,PLAT-VISADASHBOARD,C,2026-09-24,500,granted,1,2025-06-28,2026-02-25,2026-02-25,242,PhD,Postgraduate Research,Engineering,Outside Australia,no,yes,Group of Eight,100,,https://www.visadashboard.top/dashboard/table
VD-0d625392ad966843ede3,e631f69c945b804fafed,PLAT-VISADASHBOARD,C,2026-09-24,500,granted,1,2025-06-29,2026-02-23,2026-02-23,239,PhD,Postgraduate Research,Other,Outside Australia,no,yes,Unknown,100,,https://www.visadashboard.top/dashboard/table
VD-a12d69c7beb690d8c34d,d25237a2e017ca4947b7,PLAT-VISADASHBOARD,C,2026-09-24,500,granted,1,2024-12-18,2026-02-23,2026-02-23,432,PhD,Postgraduate Research,Other,Outside Australia,no,yes,Other/Unverified,100,,https://www.visadashboard.top/dashboard/table
VD-e4fe43c3f93d44bf6df5,78d83e90d652e7f353a2,PLAT-VISADASHBOARD,C,2026-09-24,500,granted,1,2025-07-10,2026-02-20,2026-02-20,225,PhD,Postgraduate Research,Other,Outside Australia,no,yes,Group of Eight,100,,https://www.visadashboard.top/dashboard/table
VD-032110f3d926fe6433a5,510764f274c2b3a9a094,PLAT-VISADASHBOARD,C,2026-09-24,500,granted,1,2026-01-08,2026-02-19,2026-02-19,42,PhD,Postgraduate Research,Other,Outside Australia,no,no,Unknown,100,,https://www.visadashboard.top/dashboard/table
VD-303c50eda013807de213,835a55282f8308e58019,PLAT-VISADASHBOARD,C,2026-09-24,500,granted,1,2025-07-08,2026-02-19,2026-02-19,226,PhD,Postgraduate Research,Other,Outside Australia,no,yes,Unknown,100,,https://www.visadashboard.top/dashboard/table
VD-6ee25cd8b178302a412a,34ea4b9d93b5f71593d3,PLAT-VISADASHBOARD,C,2026-09-24,500,granted,1,2025-07-08,2026-02-19,2026-02-19,226,PhD,Postgraduate Research,Humanities and Social Sciences,Outside Australia,no,yes,Group of Eight,100,,https://www.visadashboard.top/dashboard/table
VD-9194a751cad837be6f8a,75d8245c331d50f9a5ed,PLAT-VISADASHBOARD,C,2026-09-24,500,granted,1,2025-07-07,2026-02-19,2026-02-19,227,PhD,Postgraduate Research,Other,Outside Australia,no,yes,Unknown,100,,https://www.visadashboard.top/dashboard/table
VD-c20b81481156b57ad60f,426767a858db55f23a5a,PLAT-VISADASHBOARD,C,2026-09-24,500,granted,1,2025-06-30,2026-02-19,2026-02-19,234,PhD,Postgraduate Research,Other,Outside Australia,no,yes,Group of Eight,100,,https://www.visadashboard.top/dashboard/table
VD-db945c4eb28e34592112,7d7f0f0ff57bedd6ef85,PLAT-VISADASHBOARD,C,2026-09-24,500,granted,1,2025-06-25,2026-02-19,2026-02-19,239,PhD,Postgraduate Research,Engineering,Outside Australia,no,yes,Other/Unverified,100,,https://www.visadashboard.top/dashboard/table
VD-28c757b8e08a2e57eac4,c6b181c9604ee9301f2a,PLAT-VISADASHBOARD,C,2026-09-24,500,granted,1,2025-06-11,2026-02-19,2026-02-19,253,PhD,Postgraduate Research,Natural Sciences,Outside Australia,no,yes,Unknown,100,,https://www.visadashboard.top/dashboard/table
VD-398468b98532875a1742,936ee01224eff5f13938,PLAT-VISADASHBOARD,C,2026-09-24,500,granted,1,2025-07-08,2026-02-17,2026-02-17,224,PhD,Postgraduate Research,Engineering,Outside Australia,no,yes,Other/Unverified,100,,https://www.visadashboard.top/dashboard/table
VD-c6983ba4ec0435b5020f,491b9cbf8dcf942e1cc7,PLAT-VISADASHBOARD,C,2026-09-24,500,granted,1,2025-07-07,2026-02-13,2026-02-13,221,PhD,Postgraduate Research,Other,Outside Australia,no,yes,Other/Unverified,100,,https://www.visadashboard.top/dashboard/table
VD-48a79f7b12f6a0145709,3759086c279f7234640a,PLAT-VISADASHBOARD,C,2026-09-24,500,granted,1,2025-10-17,2026-02-12,2026-02-12,118,PhD,Postgraduate Research,Other,Outside Australia,no,yes,Unknown,100,,https://www.visadashboard.top/dashboard/table
VD-83f620ff6dfbfb6c48f7,dab55d69ca1b9cd20806,PLAT-VISADASHBOARD,C,2026-09-24,500,granted,1,2025-07-07,2026-02-12,2026-02-12,220,PhD,Postgraduate Research,Other,Outside Australia,no,unknown,Unknown,100,,https://www.visadashboard.top/dashboard/table
VD-1fed1a2a17c4e7744d36,d19771cd4d711d2ffe82,PLAT-VISADASHBOARD,C,2026-09-24,500,granted,1,2026-01-30,2026-02-11,2026-02-11,12,PhD,Postgraduate Research,Natural Sciences,Outside Australia,no,yes,Unknown,100,,https://www.visadashboard.top/dashboard/table
VD-3945a57c754c1e629ac4,a2d008d0955a783889b4,PLAT-VISADASHBOARD,C,2026-09-24,500,granted,1,2025-07-22,2026-02-11,2026-02-11,204,PhD,Postgraduate Research,Other,In Australia,no,yes,Unknown,100,,https://www.visadashboard.top/dashboard/table
VD-5f0e1be23f108045f10e,2a35c2c303ece0e6f917,PLAT-VISADASHBOARD,C,2026-09-24,500,granted,1,2025-07-06,2026-02-11,2026-02-11,220,PhD,Postgraduate Research,Natural Sciences,Outside Australia,no,yes,Unknown,100,,https://www.visadashboard.top/dashboard/table
VD-399daa2c2be4643e1bf3,f7677a118549d0ef9d1c,PLAT-VISADASHBOARD,C,2026-09-24,500,granted,1,2025-05-28,2026-02-11,2026-02-11,259,PhD,Postgraduate Research,Engineering,Outside Australia,no,yes,Unknown,100,,https://www.visadashboard.top/dashboard/table
VD-b4d3b3fbf555d1bc7891,b8c612f1dd6368ec9477,PLAT-VISADASHBOARD,C,2026-09-24,500,granted,1,2026-01-26,2026-02-10,2026-02-10,15,PhD,Postgraduate Research,Engineering,Outside Australia,no,yes,Other/Unverified,100,,https://www.visadashboard.top/dashboard/table
VD-0603b69c5d10ced9c4d5,03da5923c52dd8783513,PLAT-VISADASHBOARD,C,2026-09-24,500,granted,1,2025-07-07,2026-02-10,2026-02-10,218,PhD,Postgraduate Research,Other,Outside Australia,no,yes,Other/Unverified,100,,https://www.visadashboard.top/dashboard/table
VD-d9cc39fffb8118deec33,28e133072d1c6cc8f5d0,PLAT-VISADASHBOARD,C,2026-09-24,500,granted,1,2025-05-11,2026-02-08,2026-02-08,273,PhD,Postgraduate Research,Natural Sciences,Outside Australia,no,yes,Unknown,100,,https://www.visadashboard.top/dashboard/table
VD-36aaafeb6c5093267784,56e03dc4aeef4e15a3da,PLAT-VISADASHBOARD,C,2026-09-24,500,granted,1,2025-07-08,2026-02-07,2026-02-07,214,PhD,Postgraduate Research,Other,Outside Australia,no,yes,Group of Eight,100,,https://www.visadashboard.top/dashboard/table
VD-d4a4c317b0b0509e6722,c091842855fc5c0625c9,PLAT-VISADASHBOARD,C,2026-09-24,500,granted,1,2025-07-07,2026-02-07,2026-02-07,215,PhD,Postgraduate Research,Other,Outside Australia,no,yes,Unknown,100,,https://www.visadashboard.top/dashboard/table
VD-69a4f3b7995d4cd24394,c091842855fc5c0625c9,PLAT-VISADASHBOARD,C,2026-09-24,500,granted,1,2025-07-07,2026-02-07,2026-02-07,215,PhD,Postgraduate Research,Other,Outside Australia,no,yes,Unknown,100,,https://www.visadashboard.top/dashboard/table
VD-68d130d97c74924b258f,b11679b7601267376d02,PLAT-VISADASHBOARD,C,2026-09-24,500,granted,1,2025-07-06,2026-02-07,2026-02-07,216,PhD,Postgraduate Research,Other,Outside Australia,no,yes,Group of Eight,100,,https://www.visadashboard.top/dashboard/table
VD-b16ea65ad736aeed6798,0db2ba82bee42a244dd1,PLAT-VISADASHBOARD,C,2026-09-24,500,granted,1,2025-07-03,2026-02-07,2026-02-07,219,PhD,Postgraduate Research,Other,Outside Australia,no,yes,Other/Unverified,100,,https://www.visadashboard.top/dashboard/table
VD-c7666eafbe5970746b06,215013a3894e3cc032b4,PLAT-VISADASHBOARD,C,2026-09-24,500,granted,1,2025-07-02,2026-02-07,2026-02-07,220,PhD,Postgraduate Research,Other,Outside Australia,no,yes,Unknown,100,,https://www.visadashboard.top/dashboard/table
VD-ac2a3dad6c6c5768fd2f,040cbb450d25aae80ab3,PLAT-VISADASHBOARD,C,2026-09-24,500,granted,1,2025-06-27,2026-02-07,2026-02-07,225,PhD,Postgraduate Research,Other,Outside Australia,no,yes,Unknown,100,,https://www.visadashboard.top/dashboard/table
VD-7890bf7804e4321f237c,d6f75d37b6e0399c569e,PLAT-VISADASHBOARD,C,2026-09-24,500,granted,1,2025-06-26,2026-02-07,2026-02-07,226,PhD,Postgraduate Research,Other,Outside Australia,no,yes,Unknown,100,,https://www.visadashboard.top/dashboard/table
VD-82b86336e4d62e988c5f,d6f75d37b6e0399c569e,PLAT-VISADASHBOARD,C,2026-09-24,500,granted,1,2025-06-26,2026-02-07,2026-02-07,226,PhD,Postgraduate Research,Other,Outside Australia,no,yes,Unknown,100,,https://www.visadashboard.top/dashboard/table
VD-7b49a4df385679ce2028,6fcea2317dc3a5d733f1,PLAT-VISADASHBOARD,C,2026-09-24,500,granted,1,2025-06-25,2026-02-07,2026-02-07,227,PhD,Postgraduate Research,Natural Sciences,Outside Australia,no,yes,Other/Unverified,100,,https://www.visadashboard.top/dashboard/table
VD-7d3df79a08e4e2d34214,7059ecd0cd2e2644066a,PLAT-VISADASHBOARD,C,2026-09-24,500,granted,1,2025-06-19,2026-02-07,2026-02-07,233,PhD,Postgraduate Research,Other,Outside Australia,no,unknown,Group of Eight,100,,https://www.visadashboard.top/dashboard/table
VD-d2f2ace0985737f9fab4,d41d6a6c05b8e417ba84,PLAT-VISADASHBOARD,C,2026-09-24,500,granted,1,2025-06-08,2026-02-07,2026-02-07,244,PhD,Postgraduate Research,Other,Outside Australia,no,yes,Unknown,100,,https://www.visadashboard.top/dashboard/table
VD-835d0a82a8ec53f36a13,ef4b243667a31369d3cc,PLAT-VISADASHBOARD,C,2026-09-24,500,granted,1,2025-05-28,2026-02-07,2026-02-07,255,PhD,Postgraduate Research,Natural Sciences,Outside Australia,no,yes,Other/Unverified,100,,https://www.visadashboard.top/dashboard/table
VD-7698dc403a2355781494,0e6fe68b30c2ef01592b,PLAT-VISADASHBOARD,C,2026-09-24,500,granted,1,2025-05-20,2026-02-07,2026-02-07,263,PhD,Postgraduate Research,Other,Outside Australia,no,yes,Group of Eight,100,,https://www.visadashboard.top/dashboard/table
VD-2bf84d1603834b8ce1ef,363e5515523840605ea5,PLAT-VISADASHBOARD,C,2026-09-24,500,granted,1,2025-05-11,2026-02-07,2026-02-07,272,PhD,Postgraduate Research,Other,Outside Australia,no,yes,Other/Unverified,100,,https://www.visadashboard.top/dashboard/table
VD-8e3108f0049daa797b26,d5512411cf227a63f7f8,PLAT-VISADASHBOARD,C,2026-09-24,500,granted,1,2025-04-26,2026-02-07,2026-02-07,287,Unknown,Unknown,Other,Outside Australia,no,unknown,Unknown,92,unknown_education_level,https://www.visadashboard.top/dashboard/table
VD-b99b237b01b30bfed1d2,5c5a30b5572948b1eef3,PLAT-VISADASHBOARD,C,2026-09-24,500,granted,1,2025-01-03,2026-02-07,2026-02-07,400,PhD,Postgraduate Research,Other,Outside Australia,no,yes,Unknown,100,,https://www.visadashboard.top/dashboard/table
VD-79b07f2808f332d7a3f4,653548231e0ee6bd932a,PLAT-VISADASHBOARD,C,2026-09-24,500,granted,1,2025-07-01,2026-02-05,2026-02-05,219,PhD,Postgraduate Research,Other,Outside Australia,no,yes,Group of Eight,100,,https://www.visadashboard.top/dashboard/table
VD-73bf642ad39354d3350f,e5c6669780e4ff3ba6ba,PLAT-VISADASHBOARD,C,2026-09-24,500,granted,1,2026-01-10,2026-02-03,2026-02-03,24,PhD,Postgraduate Research,Other,In Australia,unknown,no,Unknown,100,,https://www.visadashboard.top/dashboard/table
VD-efafdcc9db674c49ffa6,4f73bb0bfb24923d0aa9,PLAT-VISADASHBOARD,C,2026-09-24,500,granted,1,2025-07-08,2026-02-03,2026-02-03,210,PhD,Postgraduate Research,Other,Outside Australia,no,yes,Unknown,100,,https://www.visadashboard.top/dashboard/table
VD-8f0b0886b8d84ec9e1a9,3c9edd3148cceb52be6a,PLAT-VISADASHBOARD,C,2026-09-24,500,granted,1,2025-06-19,2026-02-02,2026-02-02,228,PhD,Postgraduate Research,Engineering,Outside Australia,no,yes,Unknown,100,,https://www.visadashboard.top/dashboard/table
VD-87244f907dff21c8a5fc,0018e19e0997124955f4,PLAT-VISADASHBOARD,C,2026-09-24,500,granted,1,2026-01-18,2026-01-28,2026-01-28,10,PhD,Postgraduate Research,Other,In Australia,no,yes,Other/Unverified,100,,https://www.visadashboard.top/dashboard/table
VD-df16991364bc8d0b9f13,ec570d1700550f3e4760,PLAT-VISADASHBOARD,C,2026-09-24,500,granted,1,2026-01-14,2026-01-28,2026-01-28,14,PhD,Postgraduate Research,Other,In Australia,no,yes,Other/Unverified,100,,https://www.visadashboard.top/dashboard/table
VD-df5ed276ce0720fff051,c786913e786230d03632,PLAT-VISADASHBOARD,C,2026-09-24,500,granted,1,2025-06-20,2026-01-27,2026-01-27,221,Unknown,Unknown,Other,Outside Australia,no,yes,Other/Unverified,92,unknown_education_level,https://www.visadashboard.top/dashboard/table
VD-3aafb95de34e5e2340c2,ff83b3f89a9a94135f1e,PLAT-VISADASHBOARD,C,2026-09-24,500,granted,1,2026-01-24,2026-01-25,2026-01-25,1,PhD,Postgraduate Research,Computing and Data,Outside Australia,no,yes,Other/Unverified,100,,https://www.visadashboard.top/dashboard/table
VD-812b4d959485d3fb99b0,b3fb66038493f4fc6c7c,PLAT-VISADASHBOARD,C,2026-09-24,500,granted,1,2025-07-25,2026-01-23,2026-01-23,182,Unknown,Unknown,Other,Outside Australia,no,yes,Unknown,92,unknown_education_level,https://www.visadashboard.top/dashboard/table
VD-f8e39bb2ccf732783d87,6f6e388a6be641fa5b4c,PLAT-VISADASHBOARD,C,2026-09-24,500,granted,1,2025-05-20,2026-01-23,2026-01-23,248,PhD,Postgraduate Research,Other,Unknown,no,yes,Unknown,95,unknown_submit_location,https://www.visadashboard.top/dashboard/table
VD-d01f257d575a3de7247a,5417dd02ef8e0951f064,PLAT-VISADASHBOARD,C,2026-09-24,500,granted,1,2025-07-26,2026-01-22,2026-01-22,180,Unknown,Unknown,Other,Outside Australia,no,yes,Group of Eight,92,unknown_education_level,https://www.visadashboard.top/dashboard/table
VD-e247347a62176a9b2d6c,bf757349fba9e9cb67c0,PLAT-VISADASHBOARD,C,2026-09-24,500,granted,1,2025-02-01,2026-01-20,2026-01-20,353,PhD,Postgraduate Research,Other,Outside Australia,no,yes,Other/Unverified,100,,https://www.visadashboard.top/dashboard/table
VD-dce5f6df48d1cdc62e81,01d335956ebf0fe2e49b,PLAT-VISADASHBOARD,C,2026-09-24,500,granted,1,2025-05-23,2026-01-17,2026-01-17,239,PhD,Postgraduate Research,Computing and Data,Outside Australia,no,unknown,Group of Eight,100,,https://www.visadashboard.top/dashboard/table
VD-c04c6fc19b0f88ced8c0,0688ec0d9b373ad20a24,PLAT-VISADASHBOARD,C,2026-09-24,500,granted,1,2025-12-30,2026-01-14,2026-01-14,15,PhD,Postgraduate Research,Computing and Data,Outside Australia,no,yes,Other/Unverified,100,,https://www.visadashboard.top/dashboard/table
VD-49e99cd9b05efb914827,54eaa99305b924247605,PLAT-VISADASHBOARD,C,2026-09-24,500,granted,1,2025-05-13,2026-01-14,2026-01-14,246,PhD,Postgraduate Research,Natural Sciences,Outside Australia,no,yes,Other/Unverified,100,,https://www.visadashboard.top/dashboard/table
VD-6d19ddd1924b26968c59,6e2eed8dd2658cb0fd40,PLAT-VISADASHBOARD,C,2026-09-24,500,granted,1,2025-06-15,2026-01-13,2026-01-13,212,PhD,Postgraduate Research,Other,In Australia,no,yes,Other/Unverified,100,,https://www.visadashboard.top/dashboard/table
VD-ced63cfa59ce4a02f154,4be1af10c7ffd49d7dc3,PLAT-VISADASHBOARD,C,2026-09-24,500,granted,1,2025-12-01,2026-01-10,2026-01-10,40,Unknown,Unknown,Business and Economics,Outside Australia,no,yes,Group of Eight,92,unknown_education_level,https://www.visadashboard.top/dashboard/table
VD-9c91e7a8236884cdcb46,11d47e5c2295ebb88587,PLAT-VISADASHBOARD,C,2026-09-24,500,granted,1,2025-08-13,2026-01-10,2026-01-10,150,PhD,Postgraduate Research,Other,Outside Australia,no,yes,Group of Eight,100,,https://www.visadashboard.top/dashboard/table
VD-6cdfc22b1eb8c14171ac,1ddb67e7046c635b61a7,PLAT-VISADASHBOARD,C,2026-09-24,500,granted,1,2025-06-15,2026-01-10,2026-01-10,209,PhD,Postgraduate Research,Other,Outside Australia,no,yes,Other/Unverified,100,,https://www.visadashboard.top/dashboard/table
VD-8b592cf4902382ba0b09,a92ca9b84119c7d616dd,PLAT-VISADASHBOARD,C,2026-09-24,500,granted,1,2025-05-22,2026-01-09,2026-01-09,232,PhD,Postgraduate Research,Other,Outside Australia,no,yes,Group of Eight,100,,https://www.visadashboard.top/dashboard/table
VD-2397abcd0a5b0e176db0,727da1d5c4ebcc1b7e68,PLAT-VISADASHBOARD,C,2026-09-24,500,granted,1,2025-05-09,2026-01-08,2026-01-08,244,PhD,Postgraduate Research,Other,Outside Australia,no,yes,Other/Unverified,100,,https://www.visadashboard.top/dashboard/table
VD-f816e44ba5d8ad09d372,b09732a7ce3b90c3e454,PLAT-VISADASHBOARD,C,2026-09-24,500,granted,1,2025-04-15,2026-01-08,2026-01-08,268,PhD,Postgraduate Research,Other,Outside Australia,no,yes,Group of Eight,100,,https://www.visadashboard.top/dashboard/table
VD-d23a44e16e2114296442,d2d24e99470f302f4c85,PLAT-VISADASHBOARD,C,2026-09-24,500,granted,1,2025-07-08,2026-01-07,2026-01-07,183,PhD,Postgraduate Research,Other,Outside Australia,no,yes,Other/Unverified,100,,https://www.visadashboard.top/dashboard/table
VD-a3f7fd2e92e34c792b9e,f27f99c259d206a0bfa4,PLAT-VISADASHBOARD,C,2026-09-24,500,granted,1,2025-05-19,2026-01-07,2026-01-07,233,PhD,Postgraduate Research,Other,Outside Australia,no,yes,Other/Unverified,100,,https://www.visadashboard.top/dashboard/table
VD-00ee7cb8e83f21741e1d,4b2d7358bc317e995e86,PLAT-VISADASHBOARD,C,2026-09-24,500,granted,1,2025-06-30,2026-01-06,2026-01-06,190,PhD,Postgraduate Research,Other,Outside Australia,no,yes,Unknown,100,,https://www.visadashboard.top/dashboard/table
VD-a1a2cc451e3e7aa1c316,8de4d4554f8255f62df5,PLAT-VISADASHBOARD,C,2026-09-24,500,granted,1,2025-05-20,2025-12-23,2025-12-23,217,PhD,Postgraduate Research,Other,Outside Australia,no,yes,Other/Unverified,100,,https://www.visadashboard.top/dashboard/table
VD-0072d3b8a2b628b9caae,26e13db110b40cfa1175,PLAT-VISADASHBOARD,C,2026-09-24,500,granted,1,2025-05-18,2025-12-23,2025-12-23,219,PhD,Postgraduate Research,Other,Outside Australia,no,yes,Other/Unverified,100,,https://www.visadashboard.top/dashboard/table
VD-65f642fe7447db60f2d2,16b629b7d212b443b9ea,PLAT-VISADASHBOARD,C,2026-09-24,500,granted,1,2025-02-14,2025-12-19,2025-12-19,308,PhD,Postgraduate Research,Other,Outside Australia,no,no,Other/Unverified,100,,https://www.visadashboard.top/dashboard/table
VD-3a48b48454ada961a249,546f0c0b078951188bde,PLAT-VISADASHBOARD,C,2026-09-24,500,granted,1,2025-11-01,2025-12-09,2025-12-09,38,PhD,Postgraduate Research,Other,Outside Australia,no,yes,Other/Unverified,100,,https://www.visadashboard.top/dashboard/table
VD-664dfa22af00010f8fa4,e1b74c53b24dbdc4b3d4,PLAT-VISADASHBOARD,C,2026-09-24,500,granted,1,2025-07-26,2025-12-09,2025-12-09,136,PhD,Postgraduate Research,Engineering,Outside Australia,no,yes,Group of Eight,100,,https://www.visadashboard.top/dashboard/table
VD-75403cf75e2b1a9e5101,c543324a5af7092c2015,PLAT-VISADASHBOARD,C,2026-09-24,500,granted,1,2025-05-16,2025-12-09,2025-12-09,207,PhD,Postgraduate Research,Other,Outside Australia,no,yes,Unknown,100,,https://www.visadashboard.top/dashboard/table
VD-20f0a836ed078884c521,6a323d902b6ca1e2563c,PLAT-VISADASHBOARD,C,2026-09-24,500,granted,1,2025-12-05,2025-12-05,2025-12-05,0,PhD,Postgraduate Research,Computing and Data,Outside Australia,no,yes,Unknown,100,,https://www.visadashboard.top/dashboard/table
VD-701f65b2c701d425f082,4cd7ad30c6fe37ce0ba8,PLAT-VISADASHBOARD,C,2026-09-24,500,granted,1,2024-12-13,2025-12-05,2025-12-05,357,PhD,Postgraduate Research,Other,Outside Australia,no,unknown,Unknown,100,,https://www.visadashboard.top/dashboard/table
VD-91f4964f04484b6e93b4,33353f3606c5a149be8e,PLAT-VISADASHBOARD,C,2026-09-24,500,granted,1,2025-04-16,2025-12-03,2025-12-03,231,PhD,Postgraduate Research,Natural Sciences,Outside Australia,no,unknown,Group of Eight,100,,https://www.visadashboard.top/dashboard/table
VD-04ed120e4fba0917d06e,8bf0c72ea759428a626a,PLAT-VISADASHBOARD,C,2026-09-24,500,granted,1,2025-06-26,2025-12-01,2025-12-01,158,PhD,Postgraduate Research,Other,Outside Australia,no,yes,Unknown,100,,https://www.visadashboard.top/dashboard/table
VD-7ee98dc0a38e9530f1b5,8764b74fcb38af9936c1,PLAT-VISADASHBOARD,C,2026-09-24,500,granted,1,2025-06-23,2025-11-30,2025-11-30,160,PhD,Postgraduate Research,Humanities and Social Sciences,Outside Australia,no,unknown,Group of Eight,100,,https://www.visadashboard.top/dashboard/table
VD-892e694640f0c838c60e,5b171047cd2712c4dd98,PLAT-VISADASHBOARD,C,2026-09-24,500,granted,1,2025-05-28,2025-11-30,2025-11-30,186,PhD,Postgraduate Research,Other,Unknown,no,no,Group of Eight,95,unknown_submit_location,https://www.visadashboard.top/dashboard/table
VD-b5db1fa28143fd0fafdb,e56d1ae85e9093230580,PLAT-VISADASHBOARD,C,2026-09-24,500,granted,1,2025-06-19,2025-11-28,2025-11-28,162,PhD,Postgraduate Research,Other,Outside Australia,no,yes,Unknown,100,,https://www.visadashboard.top/dashboard/table
VD-abeef1dcae4391397fbd,8682f52a579740f744c1,PLAT-VISADASHBOARD,C,2026-09-24,500,granted,1,2025-05-16,2025-11-28,2025-11-28,196,PhD,Postgraduate Research,Other,Outside Australia,no,yes,Group of Eight,100,,https://www.visadashboard.top/dashboard/table
VD-79468a247b72dcefc058,eaaf5942163dd926ba0a,PLAT-VISADASHBOARD,C,2026-09-24,500,granted,1,2025-11-27,2025-11-27,2025-11-27,0,PhD,Postgraduate Research,Engineering,Outside Australia,no,yes,Other/Unverified,100,,https://www.visadashboard.top/dashboard/table
VD-d91557b6063019e443b4,dbd65210831806e9739f,PLAT-VISADASHBOARD,C,2026-09-24,500,granted,1,2025-10-10,2025-11-27,2025-11-27,48,PhD,Postgraduate Research,Other,Outside Australia,unknown,yes,Unknown,100,,https://www.visadashboard.top/dashboard/table
VD-e5925630ec5d84d9eb42,a1995d8c60af78fc3d8f,PLAT-VISADASHBOARD,C,2026-09-24,500,granted,1,2025-03-25,2025-11-23,2025-11-23,243,PhD,Postgraduate Research,Other,Outside Australia,no,unknown,Unknown,100,,https://www.visadashboard.top/dashboard/table
VD-bb2a6d0a68b9cc1da745,f42f9aea5394e195683a,PLAT-VISADASHBOARD,C,2026-09-24,500,granted,1,2025-02-09,2025-11-22,2025-11-22,286,PhD,Postgraduate Research,Other,Outside Australia,no,unknown,Unknown,100,,https://www.visadashboard.top/dashboard/table
VD-c0786287f59592903ffa,8ade2414e2daa35d18dc,PLAT-VISADASHBOARD,C,2026-09-24,500,granted,1,2025-09-01,2025-11-21,2025-11-21,81,PhD,Postgraduate Research,Other,In Australia,no,yes,Other/Unverified,100,,https://www.visadashboard.top/dashboard/table
VD-318d4b2ffc2e17fc432d,48dcaf669742d99e65a3,PLAT-VISADASHBOARD,C,2026-09-24,500,granted,1,2025-06-06,2025-11-21,2025-11-21,168,PhD,Postgraduate Research,Engineering,Outside Australia,no,no,Other/Unverified,100,,https://www.visadashboard.top/dashboard/table
VD-84658c668a11e9105b41,abd7e10168811472b58c,PLAT-VISADASHBOARD,C,2026-09-24,500,granted,1,2025-03-25,2025-11-21,2025-11-21,241,PhD,Postgraduate Research,Other,Outside Australia,no,yes,Other/Unverified,100,,https://www.visadashboard.top/dashboard/table
VD-601e73671c9d28ab0b2c,015fc8076959474087c9,PLAT-VISADASHBOARD,C,2026-09-24,500,granted,1,2025-04-16,2025-11-20,2025-11-20,218,PhD,Postgraduate Research,Natural Sciences,Outside Australia,no,unknown,Unknown,100,,https://www.visadashboard.top/dashboard/table
VD-e5baf92df2ffbd45a30f,05eca23893234075e2ee,PLAT-VISADASHBOARD,C,2026-09-24,500,granted,1,2025-02-07,2025-11-20,2025-11-20,286,PhD,Postgraduate Research,Other,Outside Australia,no,unknown,Unknown,100,,https://www.visadashboard.top/dashboard/table
VD-f59b3898b73274568335,33a0e3d2e1e015a5717e,PLAT-VISADASHBOARD,C,2026-09-24,500,pending,0,2025-06-04,,2026-09-24,477,PhD,Postgraduate Research,Other,Outside Australia,no,yes,Group of Eight,100,,https://www.visadashboard.top/dashboard/table
VD-0195b2ab9136b15c403c,0fea47ca42f958f1e734,PLAT-VISADASHBOARD,C,2026-09-24,500,granted,1,2025-07-22,2025-11-18,2025-11-18,119,PhD,Postgraduate Research,Engineering,In Australia,no,yes,Group of Eight,100,,https://www.visadashboard.top/dashboard/table
VD-5e4c1c728d1578a640d5,4f6ed2f9b97bb9c0a938,PLAT-VISADASHBOARD,C,2026-09-24,500,granted,1,2025-03-23,2025-11-17,2025-11-17,239,PhD,Postgraduate Research,Computing and Data,Outside Australia,no,yes,Group of Eight,100,,https://www.visadashboard.top/dashboard/table
VD-8b981eb2e696a2414181,fc23d0d905a4ff975255,PLAT-VISADASHBOARD,C,2026-09-24,500,granted,1,2025-11-10,2025-11-10,2025-11-10,0,PhD,Postgraduate Research,Other,Outside Australia,no,unknown,Other/Unverified,100,,https://www.visadashboard.top/dashboard/table
VD-b00c91a1accc155d4184,bba800a0becd68d9bcb5,PLAT-VISADASHBOARD,C,2026-09-24,500,granted,1,2024-12-24,2025-11-10,2025-11-10,321,PhD,Postgraduate Research,Natural Sciences,Outside Australia,no,unknown,Other/Unverified,100,,https://www.visadashboard.top/dashboard/table
VD-67df8f7f9c0285c01eaf,019cc16d1819fc6d0a7a,PLAT-VISADASHBOARD,C,2026-09-24,500,granted,1,2025-05-08,2025-11-08,2025-11-08,184,PhD,Postgraduate Research,Other,Outside Australia,no,yes,Group of Eight,100,,https://www.visadashboard.top/dashboard/table
VD-ee34e62fd060ad0f3ddb,2c030f191126443742a8,PLAT-VISADASHBOARD,C,2026-09-24,500,granted,1,2025-11-04,2025-11-07,2025-11-07,3,PhD,Postgraduate Research,Natural Sciences,Outside Australia,no,yes,Group of Eight,100,,https://www.visadashboard.top/dashboard/table
VD-b21cddd517a617d9d5e4,5810237c30d028b7840c,PLAT-VISADASHBOARD,C,2026-09-24,500,granted,1,2024-12-21,2025-11-07,2025-11-07,321,PhD,Postgraduate Research,Other,Outside Australia,no,yes,Other/Unverified,100,,https://www.visadashboard.top/dashboard/table
VD-33b55575ac8b17e2d95d,b8f8f4130120376410b6,PLAT-VISADASHBOARD,C,2026-09-24,500,granted,1,2024-12-14,2025-11-07,2025-11-07,328,PhD,Postgraduate Research,Natural Sciences,Outside Australia,no,yes,Group of Eight,100,,https://www.visadashboard.top/dashboard/table
VD-6810478b583ee126ba26,9ac7d9c75f3ec1768c08,PLAT-VISADASHBOARD,C,2026-09-24,500,granted,1,2025-03-07,2025-11-05,2025-11-05,243,PhD,Postgraduate Research,Other,Outside Australia,no,yes,Group of Eight,100,,https://www.visadashboard.top/dashboard/table
VD-95cc7ac832a24b5a69a3,f32dc8acd8ca8205ef71,PLAT-VISADASHBOARD,C,2026-09-24,500,granted,1,2025-05-13,2025-11-04,2025-11-04,175,PhD,Postgraduate Research,Other,Outside Australia,no,yes,Other/Unverified,100,,https://www.visadashboard.top/dashboard/table
VD-d3fa67a06a0f746a74ad,95cfded2bdd7346458a9,PLAT-VISADASHBOARD,C,2026-09-24,500,granted,1,2025-05-11,2025-11-04,2025-11-04,177,PhD,Postgraduate Research,Other,Outside Australia,no,yes,Other/Unverified,100,,https://www.visadashboard.top/dashboard/table
VD-c9d33cb1636aa9accfb4,6d138e4ffc758498e436,PLAT-VISADASHBOARD,C,2026-09-24,500,granted,1,2025-01-01,2025-10-29,2025-10-29,301,PhD,Postgraduate Research,Other,Outside Australia,no,yes,Other/Unverified,100,,https://www.visadashboard.top/dashboard/table
VD-c276207706d3ee3a28c9,e38c5ecb00340fe15390,PLAT-VISADASHBOARD,C,2026-09-24,500,granted,1,2025-10-28,2025-10-28,2025-10-28,0,PhD,Postgraduate Research,Other,Outside Australia,no,no,Unknown,100,,https://www.visadashboard.top/dashboard/table
VD-fdb324a04330619450ed,6d8591ecd3c0a6636c6a,PLAT-VISADASHBOARD,C,2026-09-24,500,granted,1,2025-01-18,2025-10-28,2025-10-28,283,PhD,Postgraduate Research,Other,Outside Australia,no,unknown,Unknown,100,,https://www.visadashboard.top/dashboard/table
VD-fe0ada1ffd809072d7da,ecf1f958b500efbdcfb3,PLAT-VISADASHBOARD,C,2026-09-24,500,granted,1,2024-12-17,2025-10-28,2025-10-28,315,PhD,Postgraduate Research,Other,Outside Australia,no,yes,Unknown,100,,https://www.visadashboard.top/dashboard/table
VD-7ccf7b1d41d568b0c42e,990aae7a6b371c0e01d4,PLAT-VISADASHBOARD,C,2026-09-24,500,granted,1,2025-07-29,2025-10-25,2025-10-25,88,PhD,Postgraduate Research,Other,Outside Australia,no,yes,Other/Unverified,100,,https://www.visadashboard.top/dashboard/table
VD-3f073e114533337e2734,afd96a7c1b6a8198650c,PLAT-VISADASHBOARD,C,2026-09-24,500,granted,1,2025-07-29,2025-10-25,2025-10-25,88,PhD,Postgraduate Research,Other,Unknown,no,unknown,Other/Unverified,95,unknown_submit_location,https://www.visadashboard.top/dashboard/table
VD-df36864cd2d77d70aafc,b65f4caa351c2cdbe271,PLAT-VISADASHBOARD,C,2026-09-24,500,granted,1,2024-12-01,2025-10-24,2025-10-24,327,PhD,Postgraduate Research,Other,Outside Australia,no,yes,Other/Unverified,100,,https://www.visadashboard.top/dashboard/table
VD-e500e119b6cfa7ee053d,9c617164f747837ffa11,PLAT-VISADASHBOARD,C,2026-09-24,500,granted,1,2025-03-21,2025-10-22,2025-10-22,215,PhD,Postgraduate Research,Natural Sciences,Outside Australia,no,yes,Group of Eight,100,,https://www.visadashboard.top/dashboard/table
VD-d5a5ac5db1eb7ca0a6f1,68d61ea3bdfb4f9b798b,PLAT-VISADASHBOARD,C,2026-09-24,500,granted,1,2025-04-16,2025-10-21,2025-10-21,188,PhD,Postgraduate Research,Other,Outside Australia,no,unknown,Unknown,100,,https://www.visadashboard.top/dashboard/table
VD-d821759b5956e89a7306,89c60c46f62ff50942ce,PLAT-VISADASHBOARD,C,2026-09-24,500,granted,1,2025-02-10,2025-10-21,2025-10-21,253,PhD,Postgraduate Research,Other,Outside Australia,no,unknown,Unknown,100,,https://www.visadashboard.top/dashboard/table
VD-da6c466040e107f09170,4fae220f25bc9cb1cae8,PLAT-VISADASHBOARD,C,2026-09-24,500,granted,1,2024-07-23,2025-10-21,2025-10-21,455,PhD,Postgraduate Research,Other,Outside Australia,no,unknown,Unknown,100,,https://www.visadashboard.top/dashboard/table
VD-b9337cddc256d5768448,d5d2e9306e078648a184,PLAT-VISADASHBOARD,C,2026-09-24,500,granted,1,2025-04-16,2025-10-20,2025-10-20,187,PhD,Postgraduate Research,Other,Outside Australia,no,yes,Other/Unverified,100,,https://www.visadashboard.top/dashboard/table
VD-26185476c1ef9383b9cc,a1c44e4e48ab1223c8e6,PLAT-VISADASHBOARD,C,2026-09-24,500,granted,1,2025-09-05,2025-10-18,2025-10-18,43,PhD,Postgraduate Research,Other,Outside Australia,no,unknown,Unknown,100,,https://www.visadashboard.top/dashboard/table
VD-9967037e173d4fee258d,8cf3829ea795c45434ed,PLAT-VISADASHBOARD,C,2026-09-24,500,granted,1,2024-12-25,2025-10-18,2025-10-18,297,PhD,Postgraduate Research,Other,Outside Australia,no,unknown,Unknown,100,,https://www.visadashboard.top/dashboard/table
VD-96311ca57fdc7b367669,bed53a1f1d4f20b08402,PLAT-VISADASHBOARD,C,2026-09-24,500,granted,1,2024-12-06,2025-10-16,2025-10-16,314,PhD,Postgraduate Research,Health and Medicine,Outside Australia,no,unknown,Other/Unverified,100,,https://www.visadashboard.top/dashboard/table
VD-e001a727029fe18ed9e5,5d1296e6a19dfca4fac2,PLAT-VISADASHBOARD,C,2026-09-24,500,granted,1,2025-10-14,2025-10-14,2025-10-14,0,PhD,Postgraduate Research,Health and Medicine,Outside Australia,no,yes,Other/Unverified,100,,https://www.visadashboard.top/dashboard/table
VD-010be6b3426ba078f623,95d8ce9be6147990861e,PLAT-VISADASHBOARD,C,2026-09-24,500,granted,1,2025-03-13,2025-10-14,2025-10-14,215,PhD,Postgraduate Research,Other,Outside Australia,no,unknown,Unknown,100,,https://www.visadashboard.top/dashboard/table
VD-81763198659fb65479ed,801af0150bb7a0327756,PLAT-VISADASHBOARD,C,2026-09-24,500,granted,1,2025-03-15,2025-10-11,2025-10-11,210,PhD,Postgraduate Research,Other,Outside Australia,no,yes,Other/Unverified,100,,https://www.visadashboard.top/dashboard/table
VD-997c35a546c9bb6befff,50796bc3867f7e6025ca,PLAT-VISADASHBOARD,C,2026-09-24,500,granted,1,2024-08-14,2025-10-10,2025-10-10,422,Unknown,Unknown,Other,Outside Australia,no,unknown,Unknown,92,unknown_education_level,https://www.visadashboard.top/dashboard/table
VD-cda84d7da17d9064e8ab,548c8c5ee991671fd110,PLAT-VISADASHBOARD,C,2026-09-24,500,granted,1,2025-04-20,2025-10-08,2025-10-08,171,PhD,Postgraduate Research,Other,Outside Australia,no,yes,Other/Unverified,100,,https://www.visadashboard.top/dashboard/table
VD-8110fe49ed2417c47ae2,2d98b9d1cb5d92c245a5,PLAT-VISADASHBOARD,C,2026-09-24,500,granted,1,2024-12-17,2025-10-08,2025-10-08,295,PhD,Postgraduate Research,Other,Outside Australia,no,unknown,Other/Unverified,100,,https://www.visadashboard.top/dashboard/table
VD-45ad465ec1b0fb06e97f,ce9b8108a635ceda7547,PLAT-VISADASHBOARD,C,2026-09-24,500,granted,1,2024-11-20,2025-10-08,2025-10-08,322,PhD,Postgraduate Research,Engineering,Outside Australia,no,unknown,Unknown,100,,https://www.visadashboard.top/dashboard/table
VD-97bb53292e72ab5cd488,a4d4687855eb67d60254,PLAT-VISADASHBOARD,C,2026-09-24,500,granted,1,2025-10-03,2025-10-07,2025-10-07,4,PhD,Postgraduate Research,Health and Medicine,Outside Australia,no,unknown,Unknown,100,,https://www.visadashboard.top/dashboard/table
VD-fcd7801509f95915f000,6b3dd01d60b98d119029,PLAT-VISADASHBOARD,C,2026-09-24,500,granted,1,2025-03-19,2025-10-07,2025-10-07,202,PhD,Postgraduate Research,Other,In Australia,no,unknown,Unknown,100,,https://www.visadashboard.top/dashboard/table
VD-fc51355d2534214d81c5,ff64759f5508fe100777,PLAT-VISADASHBOARD,C,2026-09-24,500,granted,1,2025-02-21,2025-10-04,2025-10-04,225,PhD,Postgraduate Research,Engineering,Outside Australia,no,unknown,Unknown,100,,https://www.visadashboard.top/dashboard/table
VD-d70eca330a3c5253cb74,68eb01177582a6adad80,PLAT-VISADASHBOARD,C,2026-09-24,500,granted,1,2025-04-21,2025-10-03,2025-10-03,165,PhD,Postgraduate Research,Other,Outside Australia,no,unknown,Unknown,100,,https://www.visadashboard.top/dashboard/table
VD-27745588b49625d1298a,ae352b7e33aa2809b92a,PLAT-VISADASHBOARD,C,2026-09-24,500,granted,1,2024-11-05,2025-10-03,2025-10-03,332,PhD,Postgraduate Research,Other,Outside Australia,no,unknown,Unknown,100,,https://www.visadashboard.top/dashboard/table
VD-24745360fbe6667f9ae0,0fd0e3e785f44ea25913,PLAT-VISADASHBOARD,C,2026-09-24,500,granted,1,2025-02-19,2025-10-02,2025-10-02,225,PhD,Postgraduate Research,Other,Outside Australia,no,unknown,Unknown,100,,https://www.visadashboard.top/dashboard/table
VD-b97a1490f3fbdb792db7,8cca53de7ded730a93e1,PLAT-VISADASHBOARD,C,2026-09-24,500,granted,1,2025-02-07,2025-09-27,2025-09-27,232,PhD,Postgraduate Research,Engineering,Outside Australia,no,yes,Unknown,100,,https://www.visadashboard.top/dashboard/table
VD-b9141c48ee248b61d9a4,079031de71b8cda3c908,PLAT-VISADASHBOARD,C,2026-09-24,500,granted,1,2025-01-21,2025-09-27,2025-09-27,249,PhD,Postgraduate Research,Other,Outside Australia,no,unknown,Unknown,100,,https://www.visadashboard.top/dashboard/table
VD-032f09f17ef98a93d7ac,a73efbdc9c63ad0f99fc,PLAT-VISADASHBOARD,C,2026-09-24,500,granted,1,2025-01-20,2025-09-27,2025-09-27,250,PhD,Postgraduate Research,Natural Sciences,Outside Australia,no,no,Other/Unverified,100,,https://www.visadashboard.top/dashboard/table
VD-29f1d54bd892b62104a8,5e897ebd03ccd6eb904a,PLAT-VISADASHBOARD,C,2026-09-24,500,granted,1,2025-01-20,2025-09-27,2025-09-27,250,PhD,Postgraduate Research,Natural Sciences,Outside Australia,no,unknown,Unknown,100,,https://www.visadashboard.top/dashboard/table
VD-1a63b0f104933a8daa7c,5167c88c068a1fd94a53,PLAT-VISADASHBOARD,C,2026-09-24,500,granted,1,2025-01-16,2025-09-26,2025-09-26,253,PhD,Postgraduate Research,Natural Sciences,Outside Australia,no,unknown,Unknown,100,,https://www.visadashboard.top/dashboard/table
VD-7245118a9a3bd86510eb,4e2fade9929aa2cd74e5,PLAT-VISADASHBOARD,C,2026-09-24,500,granted,1,2025-03-28,2025-09-25,2025-09-25,181,PhD,Postgraduate Research,Other,Outside Australia,no,no,Unknown,100,,https://www.visadashboard.top/dashboard/table
VD-61e7a2b01252c63139bc,322a7d6e2b46a5d871c0,PLAT-VISADASHBOARD,C,2026-09-24,500,granted,1,2025-03-04,2025-09-25,2025-09-25,205,PhD,Postgraduate Research,Other,Outside Australia,no,yes,Group of Eight,100,,https://www.visadashboard.top/dashboard/table
VD-21f91f651a9147fbceb2,b2a26865df0f68e2619b,PLAT-VISADASHBOARD,C,2026-09-24,500,granted,1,2024-12-26,2025-09-24,2025-09-24,272,PhD,Postgraduate Research,Other,Outside Australia,no,unknown,Unknown,100,,https://www.visadashboard.top/dashboard/table
VD-66e4f9fa0c2d1a319b1a,d02f33ba9f03aea7dc27,PLAT-VISADASHBOARD,C,2026-09-24,500,granted,1,2025-09-22,2025-09-23,2025-09-23,1,PhD,Postgraduate Research,Engineering,Outside Australia,no,yes,Group of Eight,100,,https://www.visadashboard.top/dashboard/table
VD-2726884a6f27498d3e6f,4bf6f5eb4d1e447ae1fa,PLAT-VISADASHBOARD,C,2026-09-24,500,granted,1,2024-12-30,2025-09-23,2025-09-23,267,PhD,Postgraduate Research,Natural Sciences,Outside Australia,no,no,Other/Unverified,100,,https://www.visadashboard.top/dashboard/table
VD-2f2eb3922a6e16790670,ea62ef8fb908a7cd8538,PLAT-VISADASHBOARD,C,2026-09-24,500,granted,1,2024-01-07,2025-09-23,2025-09-23,625,PhD,Postgraduate Research,Other,Outside Australia,no,unknown,Unknown,100,,https://www.visadashboard.top/dashboard/table
VD-30ea4dbdf4c8c96483f0,30d8093b908c5505539d,PLAT-VISADASHBOARD,C,2026-09-24,500,granted,1,2024-07-25,2025-09-22,2025-09-22,424,PhD,Postgraduate Research,Other,Outside Australia,no,unknown,Unknown,100,,https://www.visadashboard.top/dashboard/table
VD-1dc52d28c88101ccd263,d7106fdbe758b53796fd,PLAT-VISADASHBOARD,C,2026-09-24,500,granted,1,2024-12-14,2025-09-21,2025-09-21,281,PhD,Postgraduate Research,Other,Outside Australia,no,unknown,Unknown,100,,https://www.visadashboard.top/dashboard/table
VD-12944d1f4cc5611ba4d8,17c1870288efcfaf1099,PLAT-VISADASHBOARD,C,2026-09-24,500,granted,1,2024-12-23,2025-09-20,2025-09-20,271,PhD,Postgraduate Research,Engineering,Outside Australia,no,unknown,Unknown,100,,https://www.visadashboard.top/dashboard/table
VD-c6dcb15929d589ca6b70,313533b29592a8b76555,PLAT-VISADASHBOARD,C,2026-09-24,500,granted,1,2024-12-12,2025-09-20,2025-09-20,282,PhD,Postgraduate Research,Other,Outside Australia,no,unknown,Unknown,100,,https://www.visadashboard.top/dashboard/table
VD-dcb16ac097a611505003,becbf067b8047a7b1634,PLAT-VISADASHBOARD,C,2026-09-24,500,granted,1,2024-09-25,2025-09-20,2025-09-20,360,PhD,Postgraduate Research,Other,Outside Australia,unknown,unknown,Unknown,100,,https://www.visadashboard.top/dashboard/table
VD-727723f910d2c40867a4,2a6143611076fde578e3,PLAT-VISADASHBOARD,C,2026-09-24,500,granted,1,2024-07-30,2025-09-19,2025-09-19,416,PhD,Postgraduate Research,Other,Outside Australia,no,unknown,Unknown,100,,https://www.visadashboard.top/dashboard/table
VD-86c3aaa64dd5f9c6a5c3,20b5a31dfc70b36c3065,PLAT-VISADASHBOARD,C,2026-09-24,500,granted,1,2024-12-30,2025-09-18,2025-09-18,262,PhD,Postgraduate Research,Engineering,Outside Australia,no,unknown,Unknown,100,,https://www.visadashboard.top/dashboard/table
VD-0d2c9de9d4db514817e2,ef98ffd5e512378c41cc,PLAT-VISADASHBOARD,C,2026-09-24,500,granted,1,2024-12-03,2025-09-17,2025-09-17,288,PhD,Postgraduate Research,Health and Medicine,Outside Australia,no,unknown,Group of Eight,100,,https://www.visadashboard.top/dashboard/table
VD-bf31b998862fa2191afa,feda88c05440969478eb,PLAT-VISADASHBOARD,C,2026-09-24,500,granted,1,2025-04-14,2025-09-15,2025-09-15,154,PhD,Postgraduate Research,Computing and Data,Outside Australia,no,unknown,Unknown,100,,https://www.visadashboard.top/dashboard/table
VD-c62f4c5c4e143fe49819,a1c6b22fae0ffaf34dd5,PLAT-VISADASHBOARD,C,2026-09-24,500,granted,1,2024-12-19,2025-09-15,2025-09-15,270,PhD,Postgraduate Research,Other,Outside Australia,no,unknown,Unknown,100,,https://www.visadashboard.top/dashboard/table
VD-2addce36fd5b8ecde14d,a5aefb62d5cad42d85b3,PLAT-VISADASHBOARD,C,2026-09-24,500,granted,1,2025-04-16,2025-09-14,2025-09-14,151,PhD,Postgraduate Research,Other,Outside Australia,no,unknown,Group of Eight,100,,https://www.visadashboard.top/dashboard/table
VD-5a156cc42bdcb26f9acb,cb9a312d5ac805b6f65c,PLAT-VISADASHBOARD,C,2026-09-24,500,granted,1,2024-12-22,2025-09-14,2025-09-14,266,PhD,Postgraduate Research,Other,Outside Australia,no,unknown,Unknown,100,,https://www.visadashboard.top/dashboard/table
VD-b2aab2d560c7d08aa5ed,5ea8423bff67d52151cf,PLAT-VISADASHBOARD,C,2026-09-24,500,granted,1,2024-12-10,2025-09-14,2025-09-14,278,PhD,Postgraduate Research,Other,Outside Australia,no,unknown,Unknown,100,,https://www.visadashboard.top/dashboard/table
VD-8c18a146fd3c1f4aa5cb,0263ed56e29920533079,PLAT-VISADASHBOARD,C,2026-09-24,500,granted,1,2024-06-20,2025-09-14,2025-09-14,451,PhD,Postgraduate Research,Other,Outside Australia,no,unknown,Unknown,100,,https://www.visadashboard.top/dashboard/table
VD-cd1e0cb743737b58b0ad,56d0aaffcbdfdca83b4b,PLAT-VISADASHBOARD,C,2026-09-24,500,granted,1,2025-05-09,2025-09-12,2025-09-12,126,PhD,Postgraduate Research,Other,Outside Australia,no,unknown,Unknown,100,,https://www.visadashboard.top/dashboard/table
VD-a812cc266eace5b3b894,e13da27c54b12d7158b3,PLAT-VISADASHBOARD,C,2026-09-24,500,granted,1,2024-12-22,2025-09-12,2025-09-12,264,PhD,Postgraduate Research,Engineering,Outside Australia,no,unknown,Unknown,100,,https://www.visadashboard.top/dashboard/table
VD-fdf3cfc6010d53e137ee,8922e613e12fb06a2140,PLAT-VISADASHBOARD,C,2026-09-24,500,granted,1,2024-12-18,2025-09-12,2025-09-12,268,PhD,Postgraduate Research,Other,Outside Australia,no,yes,Other/Unverified,100,,https://www.visadashboard.top/dashboard/table
VD-36e1547463ec654cf8e6,7e64f8b488e1f6403a26,PLAT-VISADASHBOARD,C,2026-09-24,500,granted,1,2025-04-12,2025-09-11,2025-09-11,152,PhD,Postgraduate Research,Other,Outside Australia,no,unknown,Unknown,100,,https://www.visadashboard.top/dashboard/table
VD-47f125feb9cdc2ff5c20,aaf9e365b872c9d76280,PLAT-VISADASHBOARD,C,2026-09-24,500,granted,1,2025-02-16,2025-09-10,2025-09-10,206,PhD,Postgraduate Research,Health and Medicine,Outside Australia,no,unknown,Unknown,100,,https://www.visadashboard.top/dashboard/table
VD-44cf4bec88637d5eefe6,f62b307ed80cb404eb8a,PLAT-VISADASHBOARD,C,2026-09-24,500,granted,1,2024-11-26,2025-09-08,2025-09-08,286,PhD,Postgraduate Research,Engineering,Outside Australia,no,yes,Other/Unverified,100,,https://www.visadashboard.top/dashboard/table
VD-1da757a3b6280112fd57,45299a51083283e835d3,PLAT-VISADASHBOARD,C,2026-09-24,500,granted,1,2025-07-29,2025-09-06,2025-09-06,39,PhD,Postgraduate Research,Other,Outside Australia,no,unknown,Other/Unverified,100,,https://www.visadashboard.top/dashboard/table
VD-e2247c0ea2014722fc3c,db117dd566a500c8ba73,PLAT-VISADASHBOARD,C,2026-09-24,500,granted,1,2024-10-02,2025-09-06,2025-09-06,339,PhD,Postgraduate Research,Other,Outside Australia,no,unknown,Unknown,100,,https://www.visadashboard.top/dashboard/table
VD-f6a1618e5ab75348edc7,8096646e0cfe5dfd42d4,PLAT-VISADASHBOARD,C,2026-09-24,500,granted,1,2024-11-13,2025-09-05,2025-09-05,296,PhD,Postgraduate Research,Other,Outside Australia,no,unknown,Unknown,100,,https://www.visadashboard.top/dashboard/table
VD-10e11ed6650c2c8cccd1,2b78e3015eaac66ca862,PLAT-VISADASHBOARD,C,2026-09-24,500,granted,1,2024-11-08,2025-09-05,2025-09-05,301,PhD,Postgraduate Research,Other,Outside Australia,no,unknown,Unknown,100,,https://www.visadashboard.top/dashboard/table
VD-5f8dfc99b7f7c7d12afd,eb006a76785349c36dc9,PLAT-VISADASHBOARD,C,2026-09-24,500,granted,1,2024-09-12,2025-09-05,2025-09-05,358,PhD,Postgraduate Research,Natural Sciences,Outside Australia,no,unknown,Unknown,100,,https://www.visadashboard.top/dashboard/table
VD-6df6421331859a8d510a,16d0cc61da6e289fa6d2,PLAT-VISADASHBOARD,C,2026-09-24,500,granted,1,2025-04-02,2025-09-02,2025-09-02,153,PhD,Postgraduate Research,Engineering,Outside Australia,no,unknown,Unknown,100,,https://www.visadashboard.top/dashboard/table
VD-54658df96684a292f01e,b7853225f0f3159baca5,PLAT-VISADASHBOARD,C,2026-09-24,500,granted,1,2025-02-28,2025-09-01,2025-09-01,185,PhD,Postgraduate Research,Natural Sciences,Outside Australia,no,yes,Other/Unverified,100,,https://www.visadashboard.top/dashboard/table
VD-691d07ea2f35072bb5c6,0c233468a33952e0e5e6,PLAT-VISADASHBOARD,C,2026-09-24,500,granted,1,2024-10-18,2025-09-01,2025-09-01,318,PhD,Postgraduate Research,Other,Outside Australia,no,yes,Group of Eight,100,,https://www.visadashboard.top/dashboard/table
VD-ddaf3d6fcd149f01822f,dc142078eca95f057f0f,PLAT-VISADASHBOARD,C,2026-09-24,500,granted,1,2024-08-09,2025-09-01,2025-09-01,388,PhD,Postgraduate Research,Other,Unknown,unknown,yes,Unknown,95,unknown_submit_location,https://www.visadashboard.top/dashboard/table
VD-f29c985556766e911924,ebb14cc8b5f2c78fa932,PLAT-VISADASHBOARD,C,2026-09-24,500,granted,1,2024-10-14,2025-08-29,2025-08-29,319,PhD,Postgraduate Research,Other,Outside Australia,no,unknown,Unknown,100,,https://www.visadashboard.top/dashboard/table
VD-1e142f9880565c23ddcd,17ee5f797bb554685d32,PLAT-VISADASHBOARD,C,2026-09-24,500,granted,1,2025-02-26,2025-08-28,2025-08-28,183,PhD,Postgraduate Research,Health and Medicine,Outside Australia,no,unknown,Unknown,100,,https://www.visadashboard.top/dashboard/table
VD-d12b5ef197ca0913ca34,e527eb2d6dcf73501875,PLAT-VISADASHBOARD,C,2026-09-24,500,granted,1,2025-02-11,2025-08-28,2025-08-28,198,PhD,Postgraduate Research,Engineering,Outside Australia,no,unknown,Unknown,100,,https://www.visadashboard.top/dashboard/table
VD-5dcac1f220ac89f30b71,1102822bfeeb72d1d4fd,PLAT-VISADASHBOARD,C,2026-09-24,500,granted,1,2025-08-26,2025-08-27,2025-08-27,1,PhD,Postgraduate Research,Humanities and Social Sciences,Outside Australia,no,yes,Group of Eight,100,,https://www.visadashboard.top/dashboard/table
VD-74a8a31fd06ad98a05c7,cd91df2db4ee35bff2d7,PLAT-VISADASHBOARD,C,2026-09-24,500,granted,1,2025-04-05,2025-08-27,2025-08-27,144,PhD,Postgraduate Research,Other,Unknown,no,yes,Other/Unverified,95,unknown_submit_location,https://www.visadashboard.top/dashboard/table
VD-11e4d1f67629acf317b5,12c2cc44189ddd54fc00,PLAT-VISADASHBOARD,C,2026-09-24,500,granted,1,2025-03-20,2025-08-27,2025-08-27,160,PhD,Postgraduate Research,Health and Medicine,Outside Australia,no,yes,Group of Eight,100,,https://www.visadashboard.top/dashboard/table
VD-6f1ff810a55f8e6b2d0b,fa067e619ff069dbeb1c,PLAT-VISADASHBOARD,C,2026-09-24,500,granted,1,2025-01-21,2025-08-27,2025-08-27,218,PhD,Postgraduate Research,Natural Sciences,Outside Australia,no,unknown,Unknown,100,,https://www.visadashboard.top/dashboard/table
VD-f43191b2a1fc39116790,56807c23524f1a965e6c,PLAT-VISADASHBOARD,C,2026-09-24,500,granted,1,2025-04-07,2025-08-26,2025-08-26,141,PhD,Postgraduate Research,Natural Sciences,Outside Australia,no,unknown,Unknown,100,,https://www.visadashboard.top/dashboard/table
VD-6728214981c5e47adcd8,b4ac677be65a91d958ba,PLAT-VISADASHBOARD,C,2026-09-24,500,granted,1,2025-04-03,2025-08-26,2025-08-26,145,PhD,Postgraduate Research,Natural Sciences,Outside Australia,no,unknown,Unknown,100,,https://www.visadashboard.top/dashboard/table
VD-03b9a7ffa045f4c9abf4,735e6996b847cc3c0efc,PLAT-VISADASHBOARD,C,2026-09-24,500,granted,1,2025-03-31,2025-08-26,2025-08-26,148,PhD,Postgraduate Research,Other,Outside Australia,no,unknown,Unknown,100,,https://www.visadashboard.top/dashboard/table
VD-873a3e73def9e0de50cf,065cc7414b2f2a2c2163,PLAT-VISADASHBOARD,C,2026-09-24,500,granted,1,2025-01-29,2025-08-26,2025-08-26,209,PhD,Postgraduate Research,Other,Outside Australia,no,unknown,Unknown,100,,https://www.visadashboard.top/dashboard/table
VD-6012ec30f0fc0a0572df,abc04d08089dbccf96e0,PLAT-VISADASHBOARD,C,2026-09-24,500,granted,1,2024-11-20,2025-08-26,2025-08-26,279,PhD,Postgraduate Research,Other,Outside Australia,no,unknown,Unknown,100,,https://www.visadashboard.top/dashboard/table
VD-b3b58d0db8b22968c5da,ddb9a68914a9efbef9e1,PLAT-VISADASHBOARD,C,2026-09-24,500,granted,1,2024-10-20,2025-08-26,2025-08-26,310,PhD,Postgraduate Research,Other,Outside Australia,no,unknown,Unknown,100,,https://www.visadashboard.top/dashboard/table
VD-6ff18fc965832c0ffcc9,30ab8b56059033b7c00d,PLAT-VISADASHBOARD,C,2026-09-24,500,granted,1,2024-10-11,2025-08-24,2025-08-24,317,PhD,Postgraduate Research,Engineering,Outside Australia,no,yes,Other/Unverified,100,,https://www.visadashboard.top/dashboard/table
VD-5d221253e67a005f4852,8481659d9915cf3449f5,PLAT-VISADASHBOARD,C,2026-09-24,500,granted,1,2024-10-11,2025-08-24,2025-08-24,317,PhD,Postgraduate Research,Other,Outside Australia,no,unknown,Unknown,100,,https://www.visadashboard.top/dashboard/table
VD-7a12e0c11eb5eca6b548,536dd5e8df7b1916d36d,PLAT-VISADASHBOARD,C,2026-09-24,500,granted,1,2024-09-11,2025-08-24,2025-08-24,347,PhD,Postgraduate Research,Other,Outside Australia,no,unknown,Unknown,100,,https://www.visadashboard.top/dashboard/table
VD-fdb3a061561d218f2b5a,8472046887d1e7c7b7b2,PLAT-VISADASHBOARD,C,2026-09-24,500,granted,1,2025-08-23,2025-08-23,2025-08-23,0,PhD,Postgraduate Research,Other,Outside Australia,no,yes,Group of Eight,100,,https://www.visadashboard.top/dashboard/table
VD-ad0c7922df1e8a642ffc,5202add3b564df49d8c3,PLAT-VISADASHBOARD,C,2026-09-24,500,granted,1,2025-08-22,2025-08-23,2025-08-23,1,PhD,Postgraduate Research,Health and Medicine,Outside Australia,no,no,Other/Unverified,100,,https://www.visadashboard.top/dashboard/table
VD-9d710d423306602fd819,f9f43f3f04420dca2075,PLAT-VISADASHBOARD,C,2026-09-24,500,granted,1,2025-03-06,2025-08-23,2025-08-23,170,PhD,Postgraduate Research,Business and Economics,Outside Australia,no,no,Other/Unverified,100,,https://www.visadashboard.top/dashboard/table
VD-82d725137fbeecf64e80,ac5ce4df848b3ce92690,PLAT-VISADASHBOARD,C,2026-09-24,500,granted,1,2023-11-24,2025-08-23,2025-08-23,638,PhD,Postgraduate Research,Engineering,In Australia,no,unknown,Unknown,100,,https://www.visadashboard.top/dashboard/table
VD-6a8bd0064bca0ac952a7,fca674fd73bcae383ffa,PLAT-VISADASHBOARD,C,2026-09-24,500,granted,1,2025-03-24,2025-08-22,2025-08-22,151,PhD,Postgraduate Research,Other,Outside Australia,no,yes,Other/Unverified,100,,https://www.visadashboard.top/dashboard/table
VD-e5caa7f993557248abcf,dd22b687bc61922ceca6,PLAT-VISADASHBOARD,C,2026-09-24,500,granted,1,2025-03-23,2025-08-22,2025-08-22,152,PhD,Postgraduate Research,Other,Outside Australia,no,yes,Other/Unverified,100,,https://www.visadashboard.top/dashboard/table
VD-21880f57e27921bb3166,b835fe06e94efc204cbf,PLAT-VISADASHBOARD,C,2026-09-24,500,granted,1,2025-03-20,2025-08-22,2025-08-22,155,PhD,Postgraduate Research,Other,Outside Australia,no,unknown,Unknown,100,,https://www.visadashboard.top/dashboard/table
VD-15701347b3b44775d373,3dd7b4902e824748b134,PLAT-VISADASHBOARD,C,2026-09-24,500,granted,1,2025-02-18,2025-08-22,2025-08-22,185,PhD,Postgraduate Research,Other,Outside Australia,no,yes,Other/Unverified,100,,https://www.visadashboard.top/dashboard/table
VD-f6913c93d531d526ac52,6bd77ef859ffbf3b40a3,PLAT-VISADASHBOARD,C,2026-09-24,500,granted,1,2025-01-11,2025-08-22,2025-08-22,223,PhD,Postgraduate Research,Other,Outside Australia,no,yes,Other/Unverified,100,,https://www.visadashboard.top/dashboard/table
VD-d5aecdc6023d1784d2bc,27f7f8fcdb6a75ab4b87,PLAT-VISADASHBOARD,C,2026-09-24,500,granted,1,2024-11-16,2025-08-22,2025-08-22,279,PhD,Postgraduate Research,Other,Outside Australia,no,unknown,Unknown,100,,https://www.visadashboard.top/dashboard/table
VD-f049ed4c8df4cd2fd36f,e5aabc8b1f8b725b9ca5,PLAT-VISADASHBOARD,C,2026-09-24,500,granted,1,2024-11-14,2025-08-22,2025-08-22,281,PhD,Postgraduate Research,Natural Sciences,Outside Australia,no,unknown,Unknown,100,,https://www.visadashboard.top/dashboard/table
VD-d2385aa6c1b552d2f9b9,8cfb3aa404e343a4c744,PLAT-VISADASHBOARD,C,2026-09-24,500,granted,1,2024-07-29,2025-08-22,2025-08-22,389,PhD,Postgraduate Research,Other,Outside Australia,no,yes,Other/Unverified,100,,https://www.visadashboard.top/dashboard/table
VD-2437abbad4078e28200b,2bf2d1916c7f363d7c4a,PLAT-VISADASHBOARD,C,2026-09-24,500,granted,1,2024-05-28,2025-08-22,2025-08-22,451,PhD,Postgraduate Research,Computing and Data,In Australia,unknown,yes,Other/Unverified,100,,https://www.visadashboard.top/dashboard/table
VD-88412d5d5c7ad35258f5,c6e32ada4d5b82ee1e84,PLAT-VISADASHBOARD,C,2026-09-24,500,granted,1,2025-02-01,2025-08-21,2025-08-21,201,PhD,Postgraduate Research,Business and Economics,Outside Australia,no,yes,Unknown,100,,https://www.visadashboard.top/dashboard/table
VD-8b159085e107b60b628a,2814a5f1110dd634f1d2,PLAT-VISADASHBOARD,C,2026-09-24,500,granted,1,2024-12-05,2025-08-21,2025-08-21,259,PhD,Postgraduate Research,Engineering,Outside Australia,no,unknown,Unknown,100,,https://www.visadashboard.top/dashboard/table
VD-c2c9d7099b7cc3f47465,e7a3d46d5f0b7c1003f9,PLAT-VISADASHBOARD,C,2026-09-24,500,granted,1,2024-08-20,2025-08-21,2025-08-21,366,PhD,Postgraduate Research,Engineering,Outside Australia,no,yes,Other/Unverified,100,,https://www.visadashboard.top/dashboard/table
VD-bf913d849dedec853893,211e41a555c423d560f9,PLAT-VISADASHBOARD,C,2026-09-24,500,granted,1,2025-08-20,2025-08-20,2025-08-20,0,PhD,Postgraduate Research,Other,Outside Australia,no,yes,Group of Eight,100,,https://www.visadashboard.top/dashboard/table
VD-550c093833416605e5c6,6095b923f20480ad7b45,PLAT-VISADASHBOARD,C,2026-09-24,500,granted,1,2025-08-15,2025-08-19,2025-08-19,4,PhD,Postgraduate Research,Built Environment,Outside Australia,no,yes,Other/Unverified,100,,https://www.visadashboard.top/dashboard/table
VD-cfcc433725ef068ee0d2,4d712de79f6dcc88a7d3,PLAT-VISADASHBOARD,C,2026-09-24,500,granted,1,2025-01-31,2025-08-19,2025-08-19,200,PhD,Postgraduate Research,Other,Outside Australia,no,unknown,Unknown,100,,https://www.visadashboard.top/dashboard/table
VD-23eee6d4f1799f48b2c3,f3530df6df5123032f20,PLAT-VISADASHBOARD,C,2026-09-24,500,granted,1,2024-10-19,2025-08-19,2025-08-19,304,PhD,Postgraduate Research,Engineering,Outside Australia,no,unknown,Unknown,100,,https://www.visadashboard.top/dashboard/table
VD-b8d58d3c38606c35bbee,9ccf8d4d301726f6ec6e,PLAT-VISADASHBOARD,C,2026-09-24,500,granted,1,2024-10-10,2025-08-19,2025-08-19,313,PhD,Postgraduate Research,Other,Outside Australia,no,unknown,Unknown,100,,https://www.visadashboard.top/dashboard/table
VD-514183a30f29145d5834,6ab08221ded73747ef9d,PLAT-VISADASHBOARD,C,2026-09-24,500,granted,1,2025-08-16,2025-08-16,2025-08-16,0,PhD,Postgraduate Research,Other,Outside Australia,no,yes,Group of Eight,100,,https://www.visadashboard.top/dashboard/table
VD-dc883b9fe47850b88bd6,ea042f7296a56fa63ba4,PLAT-VISADASHBOARD,C,2026-09-24,500,granted,1,2025-03-04,2025-08-15,2025-08-15,164,PhD,Postgraduate Research,Other,Outside Australia,no,yes,Other/Unverified,100,,https://www.visadashboard.top/dashboard/table
VD-357bd45b875574bd72a6,44c9050f2005dd9f3c38,PLAT-VISADASHBOARD,C,2026-09-24,500,granted,1,2024-11-26,2025-08-15,2025-08-15,262,PhD,Postgraduate Research,Other,Outside Australia,no,yes,Other/Unverified,100,,https://www.visadashboard.top/dashboard/table
VD-26f38e054fbe436e7491,14a08a817159cb9cf734,PLAT-VISADASHBOARD,C,2026-09-24,500,granted,1,2024-10-07,2025-08-15,2025-08-15,312,PhD,Postgraduate Research,Other,Outside Australia,no,yes,Other/Unverified,100,,https://www.visadashboard.top/dashboard/table
VD-6b1e0dc63d92f75b52c7,023d057e14c811d347b4,PLAT-VISADASHBOARD,C,2026-09-24,500,granted,1,2025-08-14,2025-08-14,2025-08-14,0,PhD,Postgraduate Research,Other,Outside Australia,no,yes,Other/Unverified,100,,https://www.visadashboard.top/dashboard/table
VD-7f4d3f4539f88e662e33,ae8763745ebd8b1fb015,PLAT-VISADASHBOARD,C,2026-09-24,500,granted,1,2025-04-06,2025-08-14,2025-08-14,130,PhD,Postgraduate Research,Other,Outside Australia,no,yes,Other/Unverified,100,,https://www.visadashboard.top/dashboard/table
VD-feb8c8d693c5f6c08475,99669e4391d1baa55b71,PLAT-VISADASHBOARD,C,2026-09-24,500,granted,1,2024-10-10,2025-08-14,2025-08-14,308,PhD,Postgraduate Research,Other,Outside Australia,no,unknown,Unknown,100,,https://www.visadashboard.top/dashboard/table
VD-ca6b12bf6c0ff5858549,347ec5323ef5a4dc92bf,PLAT-VISADASHBOARD,C,2026-09-24,500,granted,1,2024-09-29,2025-08-14,2025-08-14,319,PhD,Postgraduate Research,Other,Outside Australia,no,yes,Other/Unverified,100,,https://www.visadashboard.top/dashboard/table
VD-4841a888f79ae19d98f7,24349305dc5fdbbf65c7,PLAT-VISADASHBOARD,C,2026-09-24,500,granted,1,2024-06-24,2025-08-14,2025-08-14,416,PhD,Postgraduate Research,Other,Outside Australia,no,unknown,Unknown,100,,https://www.visadashboard.top/dashboard/table
VD-79ef12f3d57dc9138f1d,89be1e5f553b2f0bc99c,PLAT-VISADASHBOARD,C,2026-09-24,500,granted,1,2025-08-11,2025-08-13,2025-08-13,2,PhD,Postgraduate Research,Other,Outside Australia,no,yes,Other/Unverified,100,,https://www.visadashboard.top/dashboard/table
VD-c02934d9cf4df0a64241,83efabfac8c357fa4f92,PLAT-VISADASHBOARD,C,2026-09-24,500,granted,1,2024-11-10,2025-08-13,2025-08-13,276,PhD,Postgraduate Research,Other,Outside Australia,no,yes,Other/Unverified,100,,https://www.visadashboard.top/dashboard/table
VD-78e21d6d8c32ae4b109b,492f3b99defd1aab04fb,PLAT-VISADASHBOARD,C,2026-09-24,500,granted,1,2024-07-28,2025-08-13,2025-08-13,381,PhD,Postgraduate Research,Engineering,Outside Australia,no,yes,Other/Unverified,100,,https://www.visadashboard.top/dashboard/table
VD-3b16780555a2a593fc72,62ede8b52cf9ff02747b,PLAT-VISADASHBOARD,C,2026-09-24,500,granted,1,2025-08-12,2025-08-12,2025-08-12,0,PhD,Postgraduate Research,Other,Outside Australia,no,yes,Other/Unverified,100,,https://www.visadashboard.top/dashboard/table
VD-2cee262b38c9f6bb028c,62ede8b52cf9ff02747b,PLAT-VISADASHBOARD,C,2026-09-24,500,granted,1,2025-08-12,2025-08-12,2025-08-12,0,PhD,Postgraduate Research,Other,Outside Australia,no,yes,Group of Eight,100,,https://www.visadashboard.top/dashboard/table
VD-5b2d971191d39d6f31d8,f1cf93fcf58f7a089b13,PLAT-VISADASHBOARD,C,2026-09-24,500,granted,1,2024-10-11,2025-08-12,2025-08-12,305,PhD,Postgraduate Research,Engineering,Outside Australia,no,unknown,Unknown,100,,https://www.visadashboard.top/dashboard/table
VD-4a317e2f7986fa43473c,4b29bfeb22889a0199e8,PLAT-VISADASHBOARD,C,2026-09-24,500,granted,1,2025-08-05,2025-08-11,2025-08-11,6,PhD,Postgraduate Research,Humanities and Social Sciences,Outside Australia,no,yes,Group of Eight,100,,https://www.visadashboard.top/dashboard/table
VD-804d8d5ed7fd51b7c930,bc4c7f26b7940a880565,PLAT-VISADASHBOARD,C,2026-09-24,500,granted,1,2025-03-05,2025-08-11,2025-08-11,159,PhD,Postgraduate Research,Health and Medicine,Outside Australia,no,unknown,Unknown,100,,https://www.visadashboard.top/dashboard/table
VD-e4ff056655d95f0aa05c,07c65e53f54136a41acf,PLAT-VISADASHBOARD,C,2026-09-24,500,granted,1,2025-02-16,2025-08-10,2025-08-10,175,Unknown,Unknown,Other,Outside Australia,no,unknown,Unknown,92,unknown_education_level,https://www.visadashboard.top/dashboard/table
VD-c61e7fc61a5299f50448,83ad773171e800621b57,PLAT-VISADASHBOARD,C,2026-09-24,500,granted,1,2025-02-06,2025-08-10,2025-08-10,185,PhD,Postgraduate Research,Engineering,Outside Australia,no,yes,Group of Eight,100,,https://www.visadashboard.top/dashboard/table
VD-28bf81ccb4385e324db7,37735b3c246bc07588a8,PLAT-VISADASHBOARD,C,2026-09-24,500,granted,1,2025-08-09,2025-08-09,2025-08-09,0,PhD,Postgraduate Research,Engineering,Outside Australia,no,yes,Group of Eight,100,,https://www.visadashboard.top/dashboard/table
VD-2796e9efdfcc3ef10c95,e40e922fb8959db8a061,PLAT-VISADASHBOARD,C,2026-09-24,500,granted,1,2024-06-26,2025-08-09,2025-08-09,409,PhD,Postgraduate Research,Other,Outside Australia,no,unknown,Other/Unverified,100,,https://www.visadashboard.top/dashboard/table
VD-1698688626aa26f58bd9,7abc055009ac28be064b,PLAT-VISADASHBOARD,C,2026-09-24,500,granted,1,2024-09-25,2025-08-08,2025-08-08,317,PhD,Postgraduate Research,Other,Outside Australia,no,unknown,Unknown,100,,https://www.visadashboard.top/dashboard/table
VD-6ba8f645388f7a99ff6e,471cbd9be1ff71b946bb,PLAT-VISADASHBOARD,C,2026-09-24,500,granted,1,2024-08-27,2025-08-08,2025-08-08,346,PhD,Postgraduate Research,Computing and Data,Outside Australia,no,unknown,Other/Unverified,100,,https://www.visadashboard.top/dashboard/table
VD-e311c76297f9c6c7298f,d8bdfaf279b3d834b233,PLAT-VISADASHBOARD,C,2026-09-24,500,granted,1,2024-11-16,2025-08-07,2025-08-07,264,PhD,Postgraduate Research,Other,Outside Australia,no,unknown,Unknown,100,,https://www.visadashboard.top/dashboard/table
VD-ea04e9ab8afbec764700,7c36ff682dcb54550487,PLAT-VISADASHBOARD,C,2026-09-24,500,granted,1,2024-11-09,2025-08-07,2025-08-07,271,PhD,Postgraduate Research,Other,Outside Australia,no,unknown,Group of Eight,100,,https://www.visadashboard.top/dashboard/table
VD-3f37f81790c61f633505,240e5a2274ec04411155,PLAT-VISADASHBOARD,C,2026-09-24,500,granted,1,2024-10-15,2025-08-07,2025-08-07,296,PhD,Postgraduate Research,Business and Economics,Outside Australia,no,yes,Other/Unverified,100,,https://www.visadashboard.top/dashboard/table
VD-e7ea6000a2828cabcafc,80a96a494051626e67ac,PLAT-VISADASHBOARD,C,2026-09-24,500,granted,1,2024-09-15,2025-08-07,2025-08-07,326,PhD,Postgraduate Research,Other,Outside Australia,no,unknown,Unknown,100,,https://www.visadashboard.top/dashboard/table
VD-573bff23322ccd70bfc7,2484e847fa663dae0396,PLAT-VISADASHBOARD,C,2026-09-24,500,granted,1,2024-07-15,2025-08-07,2025-08-07,388,PhD,Postgraduate Research,Computing and Data,Outside Australia,no,unknown,Unknown,100,,https://www.visadashboard.top/dashboard/table
VD-d3dddffdc5d9a25aace2,cf8fe49aa2e44cc50f96,PLAT-VISADASHBOARD,C,2026-09-24,500,granted,1,2024-05-10,2025-08-07,2025-08-07,454,PhD,Postgraduate Research,Other,Outside Australia,no,unknown,Other/Unverified,100,,https://www.visadashboard.top/dashboard/table
VD-a8f6b6bed21778898cbc,41c574d1865557aeaac0,PLAT-VISADASHBOARD,C,2026-09-24,500,granted,1,2024-11-16,2025-08-06,2025-08-06,263,PhD,Postgraduate Research,Engineering,Outside Australia,unknown,unknown,Other/Unverified,100,,https://www.visadashboard.top/dashboard/table
VD-2ee7d272f8c6f3e8502d,7ffc6e2e1fb007e1b5ed,PLAT-VISADASHBOARD,C,2026-09-24,500,granted,1,2024-11-03,2025-08-06,2025-08-06,276,PhD,Postgraduate Research,Other,Outside Australia,no,unknown,Unknown,100,,https://www.visadashboard.top/dashboard/table
VD-fb7c6840014f9e4dda20,84dd5f37406ec79187ca,PLAT-VISADASHBOARD,C,2026-09-24,500,granted,1,2024-11-01,2025-08-06,2025-08-06,278,PhD,Postgraduate Research,Natural Sciences,Outside Australia,no,unknown,Unknown,100,,https://www.visadashboard.top/dashboard/table
VD-17f16bfef5dddf39c6ad,489cc3424de325fb3698,PLAT-VISADASHBOARD,C,2026-09-24,500,granted,1,2024-11-01,2025-08-06,2025-08-06,278,PhD,Postgraduate Research,Other,Outside Australia,no,unknown,Unknown,100,,https://www.visadashboard.top/dashboard/table
VD-8c58c743afd1c960daab,f08ad31efacf3f209609,PLAT-VISADASHBOARD,C,2026-09-24,500,granted,1,2024-07-17,2025-08-06,2025-08-06,385,PhD,Postgraduate Research,Other,Outside Australia,no,unknown,Unknown,100,,https://www.visadashboard.top/dashboard/table
VD-d2bd3fc872256888232a,e4487945e7b534fcffed,PLAT-VISADASHBOARD,C,2026-09-24,500,granted,1,2024-10-29,2025-08-05,2025-08-05,280,PhD,Postgraduate Research,Natural Sciences,Outside Australia,no,unknown,Group of Eight,100,,https://www.visadashboard.top/dashboard/table
VD-19c8632ecf631808b53e,ed322e5528035ecbf835,PLAT-VISADASHBOARD,C,2026-09-24,500,granted,1,2024-10-29,2025-08-05,2025-08-05,280,PhD,Postgraduate Research,Other,Outside Australia,no,unknown,Group of Eight,100,,https://www.visadashboard.top/dashboard/table
VD-efcab354b9d91e43e5d1,f075bac29b530f246918,PLAT-VISADASHBOARD,C,2026-09-24,500,granted,1,2024-10-28,2025-08-05,2025-08-05,281,PhD,Postgraduate Research,Other,Outside Australia,no,unknown,Other/Unverified,100,,https://www.visadashboard.top/dashboard/table
VD-89620529c7a6456f2882,be9651586d4e03ba9856,PLAT-VISADASHBOARD,C,2026-09-24,500,granted,1,2024-10-24,2025-08-05,2025-08-05,285,PhD,Postgraduate Research,Other,Outside Australia,unknown,unknown,Unknown,100,,https://www.visadashboard.top/dashboard/table
VD-8b1290bda55c6fdb21c2,ffe809935b889fe97440,PLAT-VISADASHBOARD,C,2026-09-24,500,granted,1,2024-08-01,2025-08-05,2025-08-05,369,PhD,Postgraduate Research,Natural Sciences,Outside Australia,no,unknown,Other/Unverified,100,,https://www.visadashboard.top/dashboard/table
VD-7074203ae6445ab339e5,ac752ca6d0c7fbbc15eb,PLAT-VISADASHBOARD,C,2026-09-24,500,granted,1,2024-07-10,2025-08-05,2025-08-05,391,PhD,Postgraduate Research,Computing and Data,Outside Australia,no,unknown,Other/Unverified,100,,https://www.visadashboard.top/dashboard/table
VD-577106c96e07c76af958,6a6a5c5688ce1aa54cb8,PLAT-VISADASHBOARD,C,2026-09-24,500,granted,1,2025-06-28,2025-08-04,2025-08-04,37,PhD,Postgraduate Research,Other,Outside Australia,no,unknown,Unknown,100,,https://www.visadashboard.top/dashboard/table
VD-614ca94a523c2db70b9a,bdc8cf096487175e17f2,PLAT-VISADASHBOARD,C,2026-09-24,500,granted,1,2025-02-20,2025-08-04,2025-08-04,165,PhD,Postgraduate Research,Other,Outside Australia,no,unknown,Unknown,100,,https://www.visadashboard.top/dashboard/table
VD-0ac26e1f839c91e33575,6dc59e24959fd641b140,PLAT-VISADASHBOARD,C,2026-09-24,500,granted,1,2024-10-01,2025-08-04,2025-08-04,307,PhD,Postgraduate Research,Natural Sciences,Outside Australia,no,unknown,Unknown,100,,https://www.visadashboard.top/dashboard/table
VD-58de4922f871aab59e18,9b5aff5011d2a827f9d7,PLAT-VISADASHBOARD,C,2026-09-24,500,granted,1,2024-09-08,2025-08-04,2025-08-04,330,PhD,Postgraduate Research,Other,Outside Australia,no,unknown,Group of Eight,100,,https://www.visadashboard.top/dashboard/table
VD-08e380d801cb6daebc8b,d93bc17b2b11178d5538,PLAT-VISADASHBOARD,C,2026-09-24,500,granted,1,2025-02-01,2025-08-02,2025-08-02,182,PhD,Postgraduate Research,Natural Sciences,Outside Australia,no,unknown,Unknown,100,,https://www.visadashboard.top/dashboard/table
VD-07a9b367981b3b461e26,cfbab7af6daa40f51e40,PLAT-VISADASHBOARD,C,2026-09-24,500,granted,1,2024-09-08,2025-08-02,2025-08-02,328,PhD,Postgraduate Research,Engineering,Outside Australia,no,unknown,Unknown,100,,https://www.visadashboard.top/dashboard/table
VD-d363e6ab36f3f9e91303,97d72e0dc8485ee0df95,PLAT-VISADASHBOARD,C,2026-09-24,500,granted,1,2024-08-27,2025-08-02,2025-08-02,340,PhD,Postgraduate Research,Other,Outside Australia,no,unknown,Unknown,100,,https://www.visadashboard.top/dashboard/table
VD-ced3add45cc9076b8573,b658d0aeeb25346d5d0d,PLAT-VISADASHBOARD,C,2026-09-24,500,granted,1,2024-06-25,2025-08-02,2025-08-02,403,PhD,Postgraduate Research,Other,Outside Australia,no,unknown,Unknown,100,,https://www.visadashboard.top/dashboard/table
VD-84d41dbcb32a62287922,87dd899981b676623f25,PLAT-VISADASHBOARD,C,2026-09-24,500,granted,1,2025-08-01,2025-08-01,2025-08-01,0,PhD,Postgraduate Research,Other,Outside Australia,no,yes,Unknown,100,,https://www.visadashboard.top/dashboard/table
VD-b1c48528591475e17f74,97f723059a6f68bc2d16,PLAT-VISADASHBOARD,C,2026-09-24,500,granted,1,2025-04-21,2025-08-01,2025-08-01,102,PhD,Postgraduate Research,Other,Outside Australia,unknown,yes,Unknown,100,,https://www.visadashboard.top/dashboard/table
VD-8bc995eb86fb9b8293fe,5c61f577d138e6cba9fb,PLAT-VISADASHBOARD,C,2026-09-24,500,granted,1,2024-10-20,2025-08-01,2025-08-01,285,Unknown,Unknown,Other,Outside Australia,no,unknown,Unknown,92,unknown_education_level,https://www.visadashboard.top/dashboard/table
VD-d50270606438a3af679c,6aeb2d11408b392292bc,PLAT-VISADASHBOARD,C,2026-09-24,500,granted,1,2024-08-30,2025-08-01,2025-08-01,336,PhD,Postgraduate Research,Other,Outside Australia,no,unknown,Group of Eight,100,,https://www.visadashboard.top/dashboard/table
VD-f00648e93f5cd950329d,5ad2f140323e86f13200,PLAT-VISADASHBOARD,C,2026-09-24,500,granted,1,2024-06-28,2025-08-01,2025-08-01,399,PhD,Postgraduate Research,Other,Outside Australia,no,unknown,Unknown,100,,https://www.visadashboard.top/dashboard/table
VD-1392a1a53ada6000e564,1a6ac1e2db553fbd1c3d,PLAT-VISADASHBOARD,C,2026-09-24,500,granted,1,2025-01-16,2025-07-31,2025-07-31,196,PhD,Postgraduate Research,Other,Outside Australia,no,unknown,Unknown,100,,https://www.visadashboard.top/dashboard/table
VD-317d496e9b3150bf4b89,50bd8aea6a58e31afeef,PLAT-VISADASHBOARD,C,2026-09-24,500,granted,1,2024-11-09,2025-07-31,2025-07-31,264,PhD,Postgraduate Research,Natural Sciences,Outside Australia,no,unknown,Group of Eight,100,,https://www.visadashboard.top/dashboard/table
VD-06aaede4182e04ae3639,5e51198419e09c6ce2ae,PLAT-VISADASHBOARD,C,2026-09-24,500,granted,1,2024-11-03,2025-07-31,2025-07-31,270,PhD,Postgraduate Research,Other,Outside Australia,no,unknown,Unknown,100,,https://www.visadashboard.top/dashboard/table
VD-277805051db084520bf7,92643cbcfcf985d8a470,PLAT-VISADASHBOARD,C,2026-09-24,500,granted,1,2024-10-31,2025-07-31,2025-07-31,273,PhD,Postgraduate Research,Other,Outside Australia,no,unknown,Unknown,100,,https://www.visadashboard.top/dashboard/table
VD-e5ed098ea6795f9385b1,5fc100cafec756e48548,PLAT-VISADASHBOARD,C,2026-09-24,500,granted,1,2024-09-04,2025-07-31,2025-07-31,330,Unknown,Unknown,Other,Outside Australia,no,unknown,Unknown,92,unknown_education_level,https://www.visadashboard.top/dashboard/table
VD-802556afb94a54c04480,5021d0742143c288b332,PLAT-VISADASHBOARD,C,2026-09-24,500,granted,1,2024-08-18,2025-07-31,2025-07-31,347,PhD,Postgraduate Research,Other,Outside Australia,no,yes,Group of Eight,100,,https://www.visadashboard.top/dashboard/table
VD-b0e03b599f49d365d9f5,91547fc4eefa601372bc,PLAT-VISADASHBOARD,C,2026-09-24,500,granted,1,2024-08-11,2025-07-31,2025-07-31,354,PhD,Postgraduate Research,Engineering,Outside Australia,no,unknown,Unknown,100,,https://www.visadashboard.top/dashboard/table
VD-afc80436af619053245e,b71c0c610505d47a48d7,PLAT-VISADASHBOARD,C,2026-09-24,500,granted,1,2024-11-13,2025-07-30,2025-07-30,259,PhD,Postgraduate Research,Natural Sciences,Outside Australia,no,unknown,Unknown,100,,https://www.visadashboard.top/dashboard/table
VD-7837be2b9b748d4e9363,421a649aa7e6a8a3a491,PLAT-VISADASHBOARD,C,2026-09-24,500,granted,1,2024-08-30,2025-07-30,2025-07-30,334,PhD,Postgraduate Research,Other,Outside Australia,no,unknown,Unknown,100,,https://www.visadashboard.top/dashboard/table
VD-440a4c85dc4b6401baa9,67645f77f1c2cb29dda1,PLAT-VISADASHBOARD,C,2026-09-24,500,granted,1,2024-08-14,2025-07-29,2025-07-29,349,PhD,Postgraduate Research,Other,Outside Australia,no,unknown,Unknown,100,,https://www.visadashboard.top/dashboard/table
VD-90b8716527deb32d8faa,47ffe0959a5a891287ff,PLAT-VISADASHBOARD,C,2026-09-24,500,granted,1,2024-06-25,2025-07-28,2025-07-28,398,PhD,Postgraduate Research,Engineering,Outside Australia,no,unknown,Unknown,100,,https://www.visadashboard.top/dashboard/table
VD-4adbb9cd6873d584bc05,ff3ed6d5a776e0de9615,PLAT-VISADASHBOARD,C,2026-09-24,500,granted,1,2024-05-17,2025-07-28,2025-07-28,437,PhD,Postgraduate Research,Other,Outside Australia,no,unknown,Other/Unverified,100,,https://www.visadashboard.top/dashboard/table
VD-f02a932f66b60df32b40,04356e5d8ddb15aa5ecc,PLAT-VISADASHBOARD,C,2026-09-24,500,granted,1,2023-12-09,2025-07-28,2025-07-28,597,PhD,Postgraduate Research,Other,Outside Australia,no,unknown,Unknown,100,,https://www.visadashboard.top/dashboard/table
VD-6b3d0f4d406c1fd74de8,732f72aa476272c6c41a,PLAT-VISADASHBOARD,C,2026-09-24,500,granted,1,2024-08-02,2025-07-27,2025-07-27,359,PhD,Postgraduate Research,Other,Outside Australia,no,yes,Unknown,100,,https://www.visadashboard.top/dashboard/table
VD-f8d0b338100ef6f37306,d364c9322eba3e154429,PLAT-VISADASHBOARD,C,2026-09-24,500,granted,1,2025-02-11,2025-07-26,2025-07-26,165,PhD,Postgraduate Research,Other,Outside Australia,no,unknown,Unknown,100,,https://www.visadashboard.top/dashboard/table
VD-5de4747d682a04ad6619,cf8dac85826578cc53d3,PLAT-VISADASHBOARD,C,2026-09-24,500,granted,1,2025-01-17,2025-07-25,2025-07-25,189,PhD,Postgraduate Research,Natural Sciences,Outside Australia,no,unknown,Unknown,100,,https://www.visadashboard.top/dashboard/table
VD-ea63e238191e5e508748,af143ecf6c809bd37ea5,PLAT-VISADASHBOARD,C,2026-09-24,500,granted,1,2025-01-16,2025-07-25,2025-07-25,190,PhD,Postgraduate Research,Other,Outside Australia,no,unknown,Unknown,100,,https://www.visadashboard.top/dashboard/table
VD-259d4716770a735871f3,58df2125902c66b07121,PLAT-VISADASHBOARD,C,2026-09-24,500,granted,1,2024-06-27,2025-07-25,2025-07-25,393,PhD,Postgraduate Research,Other,Outside Australia,no,unknown,Other/Unverified,100,,https://www.visadashboard.top/dashboard/table
VD-783607b19ffc3b787bd2,438f912fc95204bbb105,PLAT-VISADASHBOARD,C,2026-09-24,500,granted,1,2025-02-11,2025-07-24,2025-07-24,163,Unknown,Unknown,Other,Outside Australia,no,unknown,Unknown,92,unknown_education_level,https://www.visadashboard.top/dashboard/table
VD-21e0b735fc5ec2147db9,4c5dda9b30ac71c0ab4e,PLAT-VISADASHBOARD,C,2026-09-24,500,granted,1,2025-01-10,2025-07-24,2025-07-24,195,PhD,Postgraduate Research,Other,Outside Australia,no,unknown,Unknown,100,,https://www.visadashboard.top/dashboard/table
VD-152784f03a8ca7dbde7d,c85987b0b4c9b52b99eb,PLAT-VISADASHBOARD,C,2026-09-24,500,granted,1,2024-07-23,2025-07-24,2025-07-24,366,PhD,Postgraduate Research,Other,Outside Australia,no,unknown,Unknown,100,,https://www.visadashboard.top/dashboard/table
VD-6efb831108ef5f2b9169,47f608460254ec1363d6,PLAT-VISADASHBOARD,C,2026-09-24,500,granted,1,2025-01-17,2025-07-23,2025-07-23,187,PhD,Postgraduate Research,Engineering,Outside Australia,no,unknown,Group of Eight,100,,https://www.visadashboard.top/dashboard/table
VD-59a93f3d83b4b9fa2c8a,58b73266b6e07aefa9bd,PLAT-VISADASHBOARD,C,2026-09-24,500,granted,1,2025-01-13,2025-07-23,2025-07-23,191,PhD,Postgraduate Research,Other,Outside Australia,no,unknown,Unknown,100,,https://www.visadashboard.top/dashboard/table
VD-35adcbb4cdb4abc07697,865d935db0870dfd378a,PLAT-VISADASHBOARD,C,2026-09-24,500,granted,1,2025-01-10,2025-07-23,2025-07-23,194,Unknown,Unknown,Health and Medicine,Outside Australia,no,unknown,Unknown,92,unknown_education_level,https://www.visadashboard.top/dashboard/table
VD-01b00ba5cb750aba0a11,271202ac9f42e7d5855f,PLAT-VISADASHBOARD,C,2026-09-24,500,granted,1,2024-12-14,2025-07-23,2025-07-23,221,PhD,Postgraduate Research,Other,Outside Australia,no,unknown,Unknown,100,,https://www.visadashboard.top/dashboard/table
VD-8c48b03f185bd7a2f3fe,e2d8b33ee8e498e50373,PLAT-VISADASHBOARD,C,2026-09-24,500,granted,1,2024-10-29,2025-07-23,2025-07-23,267,PhD,Postgraduate Research,Other,In Australia,no,unknown,Unknown,100,,https://www.visadashboard.top/dashboard/table
VD-ff6729bca3498806d481,600e59630ef9884465b3,PLAT-VISADASHBOARD,C,2026-09-24,500,granted,1,2024-07-25,2025-07-23,2025-07-23,363,PhD,Postgraduate Research,Other,Outside Australia,no,unknown,Group of Eight,100,,https://www.visadashboard.top/dashboard/table
VD-12a5179901224cc179d4,600e59630ef9884465b3,PLAT-VISADASHBOARD,C,2026-09-24,500,granted,1,2024-07-25,2025-07-23,2025-07-23,363,PhD,Postgraduate Research,Other,Outside Australia,no,unknown,Other/Unverified,100,,https://www.visadashboard.top/dashboard/table
VD-7acbca45400343fcc4de,1712b55b28f32407cb63,PLAT-VISADASHBOARD,C,2026-09-24,500,granted,1,2025-03-02,2025-07-22,2025-07-22,142,PhD,Postgraduate Research,Other,In Australia,no,unknown,Unknown,100,,https://www.visadashboard.top/dashboard/table
VD-4a804f3037943397308c,6784306724cbb103e67a,PLAT-VISADASHBOARD,C,2026-09-24,500,granted,1,2024-08-23,2025-07-22,2025-07-22,333,PhD,Postgraduate Research,Natural Sciences,Outside Australia,no,unknown,Unknown,100,,https://www.visadashboard.top/dashboard/table
VD-447dfe240058da9dd1b0,c4c13a9fc2ea62d74f83,PLAT-VISADASHBOARD,C,2026-09-24,500,granted,1,2024-07-16,2025-07-22,2025-07-22,371,PhD,Postgraduate Research,Other,Outside Australia,no,yes,Unknown,100,,https://www.visadashboard.top/dashboard/table
VD-215bb6e93015582187db,bdf644ba756bd4162f78,PLAT-VISADASHBOARD,C,2026-09-24,500,granted,1,2024-07-02,2025-07-22,2025-07-22,385,PhD,Postgraduate Research,Other,Outside Australia,no,unknown,Unknown,100,,https://www.visadashboard.top/dashboard/table
VD-5c332def4239da121d88,7efdbbd8da6923522c68,PLAT-VISADASHBOARD,C,2026-09-24,500,granted,1,2024-06-26,2025-07-22,2025-07-22,391,PhD,Postgraduate Research,Other,Outside Australia,no,unknown,Unknown,100,,https://www.visadashboard.top/dashboard/table
VD-799a92a421b1cdd4e7bc,42037e49231cad31e939,PLAT-VISADASHBOARD,C,2026-09-24,500,granted,1,2024-06-12,2025-07-22,2025-07-22,405,PhD,Postgraduate Research,Health and Medicine,Outside Australia,no,yes,Unknown,100,,https://www.visadashboard.top/dashboard/table
VD-488460f4a21c5112bd65,f044ef0e5a3e3903ceef,PLAT-VISADASHBOARD,C,2026-09-24,500,granted,1,2024-08-08,2025-07-21,2025-07-21,347,PhD,Postgraduate Research,Other,Outside Australia,no,unknown,Unknown,100,,https://www.visadashboard.top/dashboard/table
VD-10c84a8643d169fb9765,fd8fddd746d40dd667e7,PLAT-VISADASHBOARD,C,2026-09-24,500,granted,1,2024-07-19,2025-07-21,2025-07-21,367,PhD,Postgraduate Research,Natural Sciences,Outside Australia,no,unknown,Unknown,100,,https://www.visadashboard.top/dashboard/table
VD-a7e622033145b002373c,dca886ae12aa77f05ef9,PLAT-VISADASHBOARD,C,2026-09-24,500,granted,1,2023-12-22,2025-07-18,2025-07-18,574,PhD,Postgraduate Research,Natural Sciences,Outside Australia,no,unknown,Group of Eight,100,,https://www.visadashboard.top/dashboard/table
VD-2abe4146a43401569196,aa65db6dcb2317eeff66,PLAT-VISADASHBOARD,C,2026-09-24,500,granted,1,2025-06-06,2025-07-17,2025-07-17,41,PhD,Postgraduate Research,Other,Outside Australia,no,yes,Other/Unverified,100,,https://www.visadashboard.top/dashboard/table
VD-f7aec033f3d2e29cf546,75dae4b5f5c67505bc8f,PLAT-VISADASHBOARD,C,2026-09-24,500,granted,1,2023-11-22,2025-07-16,2025-07-16,602,PhD,Postgraduate Research,Other,In Australia,no,unknown,Group of Eight,100,,https://www.visadashboard.top/dashboard/table
VD-5cf7132d0af419702e50,db898d210fcbc120492f,PLAT-VISADASHBOARD,C,2026-09-24,500,granted,1,2025-07-10,2025-07-15,2025-07-15,5,PhD,Postgraduate Research,Other,Outside Australia,no,yes,Group of Eight,100,,https://www.visadashboard.top/dashboard/table
VD-ce162e0d28eb4be07ec7,aacbd5391efbc80d6f5c,PLAT-VISADASHBOARD,C,2026-09-24,500,granted,1,2024-12-10,2025-07-15,2025-07-15,217,PhD,Postgraduate Research,Other,Outside Australia,no,yes,Group of Eight,100,,https://www.visadashboard.top/dashboard/table
VD-c9936d75da3149480265,0db14e67c898dcfe29c0,PLAT-VISADASHBOARD,C,2026-09-24,500,granted,1,2024-12-06,2025-07-15,2025-07-15,221,PhD,Postgraduate Research,Other,Outside Australia,no,unknown,Unknown,100,,https://www.visadashboard.top/dashboard/table
VD-188d20c0183128b5d918,0368c64f73a6140a9fc8,PLAT-VISADASHBOARD,C,2026-09-24,500,granted,1,2024-09-28,2025-07-15,2025-07-15,290,PhD,Postgraduate Research,Computing and Data,Outside Australia,no,unknown,Unknown,100,,https://www.visadashboard.top/dashboard/table
VD-2591c9ea44c42d8219f4,f8ea6446b02fbd1f1100,PLAT-VISADASHBOARD,C,2026-09-24,500,granted,1,2024-09-02,2025-07-15,2025-07-15,316,PhD,Postgraduate Research,Other,Outside Australia,no,unknown,Unknown,100,,https://www.visadashboard.top/dashboard/table
VD-a23a0ea49cc9f1deb48a,6e30f0a7ef22f80032ff,PLAT-VISADASHBOARD,C,2026-09-24,500,granted,1,2024-08-26,2025-07-15,2025-07-15,323,PhD,Postgraduate Research,Other,Outside Australia,no,unknown,Unknown,100,,https://www.visadashboard.top/dashboard/table
VD-6f1b851ca02f5b8fc8a4,b4221bb79fe80ec04f08,PLAT-VISADASHBOARD,C,2026-09-24,500,granted,1,2024-08-19,2025-07-15,2025-07-15,330,PhD,Postgraduate Research,Engineering,Outside Australia,no,unknown,Group of Eight,100,,https://www.visadashboard.top/dashboard/table
VD-b93b5a77f0a2d6932e8e,2fc96ebc86e9a9b7ba48,PLAT-VISADASHBOARD,C,2026-09-24,500,granted,1,2024-08-15,2025-07-15,2025-07-15,334,PhD,Postgraduate Research,Engineering,Outside Australia,no,unknown,Unknown,100,,https://www.visadashboard.top/dashboard/table
VD-29364ad7ccffef333421,72f03e8b91fef77c30b6,PLAT-VISADASHBOARD,C,2026-09-24,500,granted,1,2024-08-11,2025-07-15,2025-07-15,338,PhD,Postgraduate Research,Other,Outside Australia,no,unknown,Unknown,100,,https://www.visadashboard.top/dashboard/table
VD-2a758dfe705edd1e1a0e,960b8fc62a9dabaa4f15,PLAT-VISADASHBOARD,C,2026-09-24,500,granted,1,2024-08-10,2025-07-15,2025-07-15,339,PhD,Postgraduate Research,Natural Sciences,Outside Australia,no,yes,Group of Eight,100,,https://www.visadashboard.top/dashboard/table
VD-704fb7efe2bea47ae046,bc96d3cbfb113a5d1245,PLAT-VISADASHBOARD,C,2026-09-24,500,granted,1,2024-06-17,2025-07-15,2025-07-15,393,PhD,Postgraduate Research,Engineering,Outside Australia,no,unknown,Unknown,100,,https://www.visadashboard.top/dashboard/table
VD-44cfe6ced986fe659aea,850090c3313562095a3d,PLAT-VISADASHBOARD,C,2026-09-24,500,granted,1,2024-05-28,2025-07-15,2025-07-15,413,PhD,Postgraduate Research,Other,Outside Australia,no,unknown,Unknown,100,,https://www.visadashboard.top/dashboard/table
VD-eb28b23f9dcd7ecbf053,ef0aafb90d8939df6a4a,PLAT-VISADASHBOARD,C,2026-09-24,500,granted,1,2024-12-23,2025-07-14,2025-07-14,203,PhD,Postgraduate Research,Other,Outside Australia,no,unknown,Unknown,100,,https://www.visadashboard.top/dashboard/table
VD-3260291d62c1119dc0d9,845536715386f2fe1e4a,PLAT-VISADASHBOARD,C,2026-09-24,500,granted,1,2024-09-01,2025-07-14,2025-07-14,316,PhD,Postgraduate Research,Engineering,Outside Australia,no,unknown,Unknown,100,,https://www.visadashboard.top/dashboard/table
VD-9cc9a777d4bdeb0ff24d,a1466b362b4a423f5146,PLAT-VISADASHBOARD,C,2026-09-24,500,granted,1,2024-08-04,2025-07-14,2025-07-14,344,PhD,Postgraduate Research,Other,Outside Australia,no,unknown,Unknown,100,,https://www.visadashboard.top/dashboard/table
VD-80e12cd88ff67298e544,b5c4962866373cc204d4,PLAT-VISADASHBOARD,C,2026-09-24,500,granted,1,2024-06-28,2025-07-14,2025-07-14,381,PhD,Postgraduate Research,Other,Outside Australia,no,unknown,Unknown,100,,https://www.visadashboard.top/dashboard/table
VD-9bc0fd0d372235675936,d66db5871da1c509bd45,PLAT-VISADASHBOARD,C,2026-09-24,500,granted,1,2024-06-26,2025-07-14,2025-07-14,383,PhD,Postgraduate Research,Engineering,Outside Australia,no,unknown,Other/Unverified,100,,https://www.visadashboard.top/dashboard/table
VD-6fe0a5191bef6bd77a1d,71e8f60f030f8d14e7c5,PLAT-VISADASHBOARD,C,2026-09-24,500,granted,1,2024-05-12,2025-07-14,2025-07-14,428,PhD,Postgraduate Research,Other,Outside Australia,no,unknown,Unknown,100,,https://www.visadashboard.top/dashboard/table
VD-2accc70e8148cbf4afdd,aade2934cf0be1b9f071,PLAT-VISADASHBOARD,C,2026-09-24,500,granted,1,2023-07-29,2025-07-14,2025-07-14,716,PhD,Postgraduate Research,Engineering,In Australia,no,unknown,Other/Unverified,100,,https://www.visadashboard.top/dashboard/table
VD-9808040cf272b7b0676b,f255e7fdbb461ec3162b,PLAT-VISADASHBOARD,C,2026-09-24,500,granted,1,2024-09-30,2025-07-11,2025-07-11,284,PhD,Postgraduate Research,Other,Outside Australia,no,yes,Group of Eight,100,,https://www.visadashboard.top/dashboard/table
VD-97d8e223ba72f40fb03d,88cfe5b8309f7b823eca,PLAT-VISADASHBOARD,C,2026-09-24,500,granted,1,2024-09-15,2025-07-11,2025-07-11,299,PhD,Postgraduate Research,Computing and Data,Outside Australia,no,unknown,Unknown,100,,https://www.visadashboard.top/dashboard/table
VD-360f2c3b7fd9851509ca,55eb3ab273d913bd31fb,PLAT-VISADASHBOARD,C,2026-09-24,500,granted,1,2024-08-28,2025-07-11,2025-07-11,317,PhD,Postgraduate Research,Engineering,Outside Australia,no,unknown,Unknown,100,,https://www.visadashboard.top/dashboard/table
VD-2625b4a603ee1aa84304,4de660056b576f31921d,PLAT-VISADASHBOARD,C,2026-09-24,500,granted,1,2024-08-27,2025-07-11,2025-07-11,318,PhD,Postgraduate Research,Engineering,Outside Australia,no,unknown,Unknown,100,,https://www.visadashboard.top/dashboard/table
VD-48f1a7e5d3313e39037e,250c24c227a0722a9052,PLAT-VISADASHBOARD,C,2026-09-24,500,granted,1,2024-08-16,2025-07-11,2025-07-11,329,PhD,Postgraduate Research,Other,Outside Australia,no,unknown,Unknown,100,,https://www.visadashboard.top/dashboard/table
VD-58a05f9f7254d498f74c,cb388d850c2d2522f8e1,PLAT-VISADASHBOARD,C,2026-09-24,500,granted,1,2024-07-28,2025-07-11,2025-07-11,348,PhD,Postgraduate Research,Other,Outside Australia,no,unknown,Unknown,100,,https://www.visadashboard.top/dashboard/table
VD-35c8a68580bf1d299a70,e2de5e476844dafe070b,PLAT-VISADASHBOARD,C,2026-09-24,500,granted,1,2024-07-25,2025-07-11,2025-07-11,351,PhD,Postgraduate Research,Other,Outside Australia,no,unknown,Unknown,100,,https://www.visadashboard.top/dashboard/table
VD-092196f7a3937125a9cf,a9995660f45ea9100423,PLAT-VISADASHBOARD,C,2026-09-24,500,granted,1,2025-07-09,2025-07-10,2025-07-10,1,PhD,Postgraduate Research,Other,Outside Australia,no,yes,Other/Unverified,100,,https://www.visadashboard.top/dashboard/table
VD-0c951c819950d8df9810,43994219eb7f5e32df8f,PLAT-VISADASHBOARD,C,2026-09-24,500,granted,1,2024-07-28,2025-07-10,2025-07-10,347,PhD,Postgraduate Research,Other,Outside Australia,no,unknown,Unknown,100,,https://www.visadashboard.top/dashboard/table
VD-349acf3e7fb4421c3480,307663a4749e38f7adb3,PLAT-VISADASHBOARD,C,2026-09-24,500,granted,1,2024-07-14,2025-07-10,2025-07-10,361,PhD,Postgraduate Research,Other,Outside Australia,no,unknown,Unknown,100,,https://www.visadashboard.top/dashboard/table
VD-1e6def00bca1340fbb51,6b2ccc4debbcb9f8e21b,PLAT-VISADASHBOARD,C,2026-09-24,500,granted,1,2025-07-05,2025-07-09,2025-07-09,4,PhD,Postgraduate Research,Natural Sciences,Outside Australia,no,yes,Group of Eight,100,,https://www.visadashboard.top/dashboard/table
VD-f609fbd02f06f53436d7,aad5ac1da6c6d5d4ba27,PLAT-VISADASHBOARD,C,2026-09-24,500,granted,1,2024-08-06,2025-07-09,2025-07-09,337,PhD,Postgraduate Research,Computing and Data,Outside Australia,no,unknown,Group of Eight,100,,https://www.visadashboard.top/dashboard/table
VD-43c245a4fbecffb15a3c,c6281b22b5a0a521564b,PLAT-VISADASHBOARD,C,2026-09-24,500,granted,1,2024-06-16,2025-07-09,2025-07-09,388,PhD,Postgraduate Research,Other,Outside Australia,no,unknown,Group of Eight,100,,https://www.visadashboard.top/dashboard/table
VD-e5df70a32857802597f7,d1eb9e65489c785d8876,PLAT-VISADASHBOARD,C,2026-09-24,500,granted,1,2025-07-04,2025-07-08,2025-07-08,4,PhD,Postgraduate Research,Other,Outside Australia,no,unknown,Unknown,100,,https://www.visadashboard.top/dashboard/table
VD-397caf53b785d9b367c5,d1eb9e65489c785d8876,PLAT-VISADASHBOARD,C,2026-09-24,500,granted,1,2025-07-04,2025-07-08,2025-07-08,4,PhD,Postgraduate Research,Other,Outside Australia,no,unknown,Group of Eight,100,,https://www.visadashboard.top/dashboard/table
VD-a19f8bcd41cc375202e0,06668443e817143eeddc,PLAT-VISADASHBOARD,C,2026-09-24,500,granted,1,2025-07-03,2025-07-08,2025-07-08,5,PhD,Postgraduate Research,Natural Sciences,Outside Australia,no,unknown,Unknown,100,,https://www.visadashboard.top/dashboard/table
VD-4ec5c5638465e691fba3,1bbc57a73f5eb7b18d60,PLAT-VISADASHBOARD,C,2026-09-24,500,granted,1,2024-08-06,2025-07-08,2025-07-08,336,PhD,Postgraduate Research,Natural Sciences,Outside Australia,no,unknown,Other/Unverified,100,,https://www.visadashboard.top/dashboard/table
VD-ed836e37512811754acd,1087db879d815d634142,PLAT-VISADASHBOARD,C,2026-09-24,500,granted,1,2024-08-05,2025-07-08,2025-07-08,337,PhD,Postgraduate Research,Other,Outside Australia,no,unknown,Unknown,100,,https://www.visadashboard.top/dashboard/table
VD-eef039710ec17cdc7755,2969702ee9542c307f62,PLAT-VISADASHBOARD,C,2026-09-24,500,granted,1,2025-01-28,2025-07-07,2025-07-07,160,PhD,Postgraduate Research,Other,Outside Australia,unknown,no,Other/Unverified,100,,https://www.visadashboard.top/dashboard/table
VD-581f58a93c572a193c37,ded162672896f86d3f17,PLAT-VISADASHBOARD,C,2026-09-24,500,granted,1,2025-06-04,2025-07-06,2025-07-06,32,PhD,Postgraduate Research,Other,Outside Australia,no,unknown,Unknown,100,,https://www.visadashboard.top/dashboard/table
VD-6fb4ad18fd7b2ac339bc,63e25ccabff7c16c22ec,PLAT-VISADASHBOARD,C,2026-09-24,500,granted,1,2025-05-27,2025-07-05,2025-07-05,39,PhD,Postgraduate Research,Computing and Data,Outside Australia,unknown,unknown,Unknown,100,,https://www.visadashboard.top/dashboard/table
VD-242312f7b96e190dea3b,8eb61887c8c3d1ff617a,PLAT-VISADASHBOARD,C,2026-09-24,500,granted,1,2025-04-25,2025-07-05,2025-07-05,71,PhD,Postgraduate Research,Other,Outside Australia,no,unknown,Other/Unverified,100,,https://www.visadashboard.top/dashboard/table
VD-f6114f3bd5b9b05dae13,c7276cd5910e70097e87,PLAT-VISADASHBOARD,C,2026-09-24,500,granted,1,2024-09-10,2025-07-05,2025-07-05,298,PhD,Postgraduate Research,Natural Sciences,Outside Australia,no,unknown,Unknown,100,,https://www.visadashboard.top/dashboard/table
VD-d5dd33948274d30be82e,d40af993ca09cb392d6c,PLAT-VISADASHBOARD,C,2026-09-24,500,granted,1,2024-09-09,2025-07-05,2025-07-05,299,PhD,Postgraduate Research,Engineering,In Australia,no,unknown,Unknown,100,,https://www.visadashboard.top/dashboard/table
VD-b4b57c02f3075b399986,f4130b0d7ed4d0549767,PLAT-VISADASHBOARD,C,2026-09-24,500,granted,1,2024-08-17,2025-07-05,2025-07-05,322,PhD,Postgraduate Research,Natural Sciences,Outside Australia,no,unknown,Unknown,100,,https://www.visadashboard.top/dashboard/table
VD-bdf81e43b3ac645eb69b,5cfa715028f59c162662,PLAT-VISADASHBOARD,C,2026-09-24,500,granted,1,2025-05-31,2025-07-04,2025-07-04,34,PhD,Postgraduate Research,Other,Unknown,unknown,unknown,Unknown,95,unknown_submit_location,https://www.visadashboard.top/dashboard/table
VD-976fb54040e8b01feeba,6074a86da2ac54c96497,PLAT-VISADASHBOARD,C,2026-09-24,500,granted,1,2024-09-19,2025-07-04,2025-07-04,288,PhD,Postgraduate Research,Other,In Australia,no,unknown,Unknown,100,,https://www.visadashboard.top/dashboard/table
VD-46bad87cd14a19c6a7c3,5e4ea94dec3173723e32,PLAT-VISADASHBOARD,C,2026-09-24,500,granted,1,2024-08-21,2025-07-04,2025-07-04,317,PhD,Postgraduate Research,Other,Outside Australia,no,unknown,Group of Eight,100,,https://www.visadashboard.top/dashboard/table
VD-674d3fc798bfbfe4b45a,d4d7413129e8b2334f77,PLAT-VISADASHBOARD,C,2026-09-24,500,granted,1,2024-07-18,2025-07-04,2025-07-04,351,PhD,Postgraduate Research,Other,Outside Australia,no,unknown,Group of Eight,100,,https://www.visadashboard.top/dashboard/table
VD-8df392a9f866238ffe8a,10a240e096dadaaca954,PLAT-VISADASHBOARD,C,2026-09-24,500,granted,1,2024-06-28,2025-07-04,2025-07-04,371,PhD,Postgraduate Research,Other,Outside Australia,no,unknown,Group of Eight,100,,https://www.visadashboard.top/dashboard/table
VD-dce7b9900b09c50e8c7a,adb6ae99e0eee0aabf4c,PLAT-VISADASHBOARD,C,2026-09-24,500,granted,1,2024-06-28,2025-07-04,2025-07-04,371,PhD,Postgraduate Research,Engineering,Outside Australia,no,unknown,Unknown,100,,https://www.visadashboard.top/dashboard/table
VD-c2121393369cecf5e1da,1df4ee5f2386b23afdca,PLAT-VISADASHBOARD,C,2026-09-24,500,granted,1,2024-06-27,2025-07-04,2025-07-04,372,PhD,Postgraduate Research,Natural Sciences,Outside Australia,no,unknown,Group of Eight,100,,https://www.visadashboard.top/dashboard/table
VD-6a82712ce437fbf8f5e1,da8d76feda8a935c0a28,PLAT-VISADASHBOARD,C,2026-09-24,500,granted,1,2023-07-14,2025-07-04,2025-07-04,721,PhD,Postgraduate Research,Engineering,In Australia,no,unknown,Group of Eight,100,,https://www.visadashboard.top/dashboard/table
VD-5e2d3b23d04c343636fc,a544a919324bf5cdbe6f,PLAT-VISADASHBOARD,C,2026-09-24,500,granted,1,2025-03-05,2025-07-03,2025-07-03,120,PhD,Postgraduate Research,Other,In Australia,no,unknown,Unknown,100,,https://www.visadashboard.top/dashboard/table
VD-bd5e13ca2842dc5810a2,ce91c3b268fbcd8b4b95,PLAT-VISADASHBOARD,C,2026-09-24,500,granted,1,2025-03-01,2025-07-03,2025-07-03,124,PhD,Postgraduate Research,Other,In Australia,no,unknown,Unknown,100,,https://www.visadashboard.top/dashboard/table
VD-3ea1f864e00ea63b0064,1042a449b09f9df09f87,PLAT-VISADASHBOARD,C,2026-09-24,500,granted,1,2025-01-25,2025-07-03,2025-07-03,159,PhD,Postgraduate Research,Other,Outside Australia,no,unknown,Unknown,100,,https://www.visadashboard.top/dashboard/table
VD-5bc7739fd2f57bab018a,ebd138054d4f8af3bacd,PLAT-VISADASHBOARD,C,2026-09-24,500,granted,1,2024-09-06,2025-07-03,2025-07-03,300,Unknown,Unknown,Other,Outside Australia,no,yes,Group of Eight,92,unknown_education_level,https://www.visadashboard.top/dashboard/table
VD-95451d3c8e93d05c8d0b,bca84a076958711d4184,PLAT-VISADASHBOARD,C,2026-09-24,500,granted,1,2024-07-27,2025-07-02,2025-07-02,340,PhD,Postgraduate Research,Other,Outside Australia,no,unknown,Unknown,100,,https://www.visadashboard.top/dashboard/table
VD-941ee616a9ba7c5979d3,1dd15bea481bca7fbb74,PLAT-VISADASHBOARD,C,2026-09-24,500,granted,1,2024-07-25,2025-07-02,2025-07-02,342,PhD,Postgraduate Research,Other,Outside Australia,no,unknown,Unknown,100,,https://www.visadashboard.top/dashboard/table
VD-cbd3fa3c4201848083f5,ca8f91c308fff3af1f25,PLAT-VISADASHBOARD,C,2026-09-24,500,granted,1,2024-07-05,2025-07-02,2025-07-02,362,PhD,Postgraduate Research,Other,Outside Australia,no,unknown,Unknown,100,,https://www.visadashboard.top/dashboard/table
VD-f59b523b4d3ab6474a76,fa981192625a0230627c,PLAT-VISADASHBOARD,C,2026-09-24,500,granted,1,2024-06-08,2025-07-02,2025-07-02,389,PhD,Postgraduate Research,Other,Outside Australia,no,unknown,Unknown,100,,https://www.visadashboard.top/dashboard/table
VD-f0c2df6bf45c83d6e928,713b1b1e554810f2db39,PLAT-VISADASHBOARD,C,2026-09-24,500,granted,1,2024-08-17,2025-07-01,2025-07-01,318,PhD,Postgraduate Research,Natural Sciences,Outside Australia,no,unknown,Unknown,100,,https://www.visadashboard.top/dashboard/table
VD-1e40cef3673e3d987869,cf5f7c533737c1401a4e,PLAT-VISADASHBOARD,C,2026-09-24,500,granted,1,2024-07-24,2025-07-01,2025-07-01,342,PhD,Postgraduate Research,Other,Outside Australia,no,unknown,Group of Eight,100,,https://www.visadashboard.top/dashboard/table
VD-2e806744796b2c7e7ae3,21703ed2777e2f4d56c7,PLAT-VISADASHBOARD,C,2026-09-24,500,granted,1,2024-07-19,2025-07-01,2025-07-01,347,PhD,Postgraduate Research,Engineering,Outside Australia,no,unknown,Unknown,100,,https://www.visadashboard.top/dashboard/table
VD-618a9c03af9394b68844,6538e469e4157783c1bb,PLAT-VISADASHBOARD,C,2026-09-24,500,granted,1,2024-06-28,2025-07-01,2025-07-01,368,PhD,Postgraduate Research,Other,Outside Australia,no,yes,Group of Eight,100,,https://www.visadashboard.top/dashboard/table
VD-d43f3e51de0cbdc64af8,de9be84680491c272559,PLAT-VISADASHBOARD,C,2026-09-24,500,granted,1,2024-05-17,2025-07-01,2025-07-01,410,PhD,Postgraduate Research,Other,Outside Australia,no,unknown,Unknown,100,,https://www.visadashboard.top/dashboard/table
VD-0a507ee70656e0425c65,2582a740fecb759c9bb4,PLAT-VISADASHBOARD,C,2026-09-24,500,granted,1,2025-03-31,2025-06-30,2025-06-30,91,PhD,Postgraduate Research,Other,Outside Australia,no,unknown,Group of Eight,100,,https://www.visadashboard.top/dashboard/table
VD-8a63b19d58d9ddd2389c,7b2a53c53a5357f69484,PLAT-VISADASHBOARD,C,2026-09-24,500,granted,1,2024-06-26,2025-06-30,2025-06-30,369,PhD,Postgraduate Research,Other,Outside Australia,no,unknown,Unknown,100,,https://www.visadashboard.top/dashboard/table
VD-da2f7979b1f60d1bd46b,b33fc41769805d290614,PLAT-VISADASHBOARD,C,2026-09-24,500,granted,1,2024-06-15,2025-06-30,2025-06-30,380,PhD,Postgraduate Research,Other,Outside Australia,no,unknown,Unknown,100,,https://www.visadashboard.top/dashboard/table
VD-917f2e54928a85351c06,0b04d0d1ebdac12579fd,PLAT-VISADASHBOARD,C,2026-09-24,500,granted,1,2024-06-04,2025-06-29,2025-06-29,390,PhD,Postgraduate Research,Other,Outside Australia,no,unknown,Unknown,100,,https://www.visadashboard.top/dashboard/table
VD-d9b30769ad998762159a,c7da1f43dac89ada531a,PLAT-VISADASHBOARD,C,2026-09-24,500,granted,1,2024-05-28,2025-06-29,2025-06-29,397,PhD,Postgraduate Research,Other,Outside Australia,no,unknown,Unknown,100,,https://www.visadashboard.top/dashboard/table
VD-0c4dd53728a81f4e844b,9f25f96a455217b52b01,PLAT-VISADASHBOARD,C,2026-09-24,500,granted,1,2024-05-23,2025-06-29,2025-06-29,402,PhD,Postgraduate Research,Other,Outside Australia,no,unknown,Unknown,100,,https://www.visadashboard.top/dashboard/table
VD-90a77fa692a21e8da86f,109585edbe5dc6dfc24b,PLAT-VISADASHBOARD,C,2026-09-24,500,granted,1,2024-11-07,2025-06-27,2025-06-27,232,PhD,Postgraduate Research,Other,Outside Australia,no,unknown,Unknown,100,,https://www.visadashboard.top/dashboard/table
VD-3c27a844a1ea8a02a90c,52d57ef27e6c52a31fd7,PLAT-VISADASHBOARD,C,2026-09-24,500,granted,1,2024-09-10,2025-06-27,2025-06-27,290,PhD,Postgraduate Research,Other,Outside Australia,no,unknown,Unknown,100,,https://www.visadashboard.top/dashboard/table
VD-f7765a874dafadb245fb,27b878d51e30db8cd1d4,PLAT-VISADASHBOARD,C,2026-09-24,500,granted,1,2024-06-04,2025-06-27,2025-06-27,388,PhD,Postgraduate Research,Engineering,Outside Australia,no,yes,Unknown,100,,https://www.visadashboard.top/dashboard/table
VD-de0ae652c59abf246f82,59a5a078a5745fb01297,PLAT-VISADASHBOARD,C,2026-09-24,500,granted,1,2024-07-24,2025-06-26,2025-06-26,337,PhD,Postgraduate Research,Other,Outside Australia,no,unknown,Unknown,100,,https://www.visadashboard.top/dashboard/table
VD-b6e3ffcab439ac114643,417861be8d60fb4c9cda,PLAT-VISADASHBOARD,C,2026-09-24,500,granted,1,2024-07-01,2025-06-26,2025-06-26,360,PhD,Postgraduate Research,Other,Outside Australia,no,unknown,Unknown,100,,https://www.visadashboard.top/dashboard/table
VD-f8cf10f16642c1374b21,324a3a37191cdaf5faa1,PLAT-VISADASHBOARD,C,2026-09-24,500,granted,1,2024-05-30,2025-06-26,2025-06-26,392,PhD,Postgraduate Research,Other,Outside Australia,no,unknown,Unknown,100,,https://www.visadashboard.top/dashboard/table
VD-7ed1c2271d4e7e10d272,115297684904a23f1f53,PLAT-VISADASHBOARD,C,2026-09-24,500,granted,1,2024-06-28,2025-06-25,2025-06-25,362,PhD,Postgraduate Research,Other,Outside Australia,no,unknown,Unknown,100,,https://www.visadashboard.top/dashboard/table
VD-8eb79578fb5070cfdbf2,d496971c051b6b608b1d,PLAT-VISADASHBOARD,C,2026-09-24,500,granted,1,2024-07-20,2025-06-24,2025-06-24,339,PhD,Postgraduate Research,Other,Outside Australia,no,unknown,Unknown,100,,https://www.visadashboard.top/dashboard/table
VD-29733f68ef73bd6ca2e8,b9ec1d7a0f656bf6b61a,PLAT-VISADASHBOARD,C,2026-09-24,500,granted,1,2024-07-18,2025-06-24,2025-06-24,341,PhD,Postgraduate Research,Other,Outside Australia,no,unknown,Unknown,100,,https://www.visadashboard.top/dashboard/table
VD-e368034749464fa68a87,29447ebe32bd9d6e76db,PLAT-VISADASHBOARD,C,2026-09-24,500,granted,1,2024-06-28,2025-06-24,2025-06-24,361,PhD,Postgraduate Research,Other,Outside Australia,no,unknown,Unknown,100,,https://www.visadashboard.top/dashboard/table
VD-1aead850273b3bcc333b,89bd304985901e5069e1,PLAT-VISADASHBOARD,C,2026-09-24,500,granted,1,2024-05-22,2025-06-24,2025-06-24,398,PhD,Postgraduate Research,Other,Outside Australia,no,unknown,Unknown,100,,https://www.visadashboard.top/dashboard/table
VD-5fb290945bbcd8832d10,d46917505ec7d078a83d,PLAT-VISADASHBOARD,C,2026-09-24,500,granted,1,2025-01-07,2025-06-23,2025-06-23,167,PhD,Postgraduate Research,Other,Outside Australia,no,unknown,Unknown,100,,https://www.visadashboard.top/dashboard/table
VD-6b2e116578f7be20c055,90e6c93c0eef5bc341ce,PLAT-VISADASHBOARD,C,2026-09-24,500,granted,1,2025-01-06,2025-06-23,2025-06-23,168,PhD,Postgraduate Research,Engineering,Outside Australia,no,unknown,Unknown,100,,https://www.visadashboard.top/dashboard/table
VD-859e741b8e5be505308c,6b7a37e35812c9903735,PLAT-VISADASHBOARD,C,2026-09-24,500,granted,1,2025-01-04,2025-06-23,2025-06-23,170,PhD,Postgraduate Research,Other,Outside Australia,no,unknown,Other/Unverified,100,,https://www.visadashboard.top/dashboard/table
VD-a55925f8855b52353be7,1dcf4939ca27aacbb229,PLAT-VISADASHBOARD,C,2026-09-24,500,granted,1,2024-07-12,2025-06-23,2025-06-23,346,PhD,Postgraduate Research,Engineering,Outside Australia,no,unknown,Other/Unverified,100,,https://www.visadashboard.top/dashboard/table
VD-d7df025c509deda57f28,a5e28a3c3938fb694b0b,PLAT-VISADASHBOARD,C,2026-09-24,500,granted,1,2024-06-28,2025-06-23,2025-06-23,360,PhD,Postgraduate Research,Health and Medicine,Outside Australia,no,unknown,Other/Unverified,100,,https://www.visadashboard.top/dashboard/table
VD-481ced1b6e78cad8f1e6,39f9faa547711b22aa28,PLAT-VISADASHBOARD,C,2026-09-24,500,granted,1,2024-07-07,2025-06-21,2025-06-21,349,PhD,Postgraduate Research,Engineering,Outside Australia,no,unknown,Other/Unverified,100,,https://www.visadashboard.top/dashboard/table
VD-f13cdad1d8ce0671f504,4598d480765f7a7d7ff9,PLAT-VISADASHBOARD,C,2026-09-24,500,granted,1,2024-06-20,2025-06-21,2025-06-21,366,PhD,Postgraduate Research,Natural Sciences,Outside Australia,no,unknown,Other/Unverified,100,,https://www.visadashboard.top/dashboard/table
VD-2f8aab1896dbee95eb02,58dddd06a6392245b6fa,PLAT-VISADASHBOARD,C,2026-09-24,500,granted,1,2025-04-03,2025-06-20,2025-06-20,78,PhD,Postgraduate Research,Other,Outside Australia,no,unknown,Unknown,100,,https://www.visadashboard.top/dashboard/table
VD-dc61bdd8f0069e2fd298,3f097f450d858d9714a6,PLAT-VISADASHBOARD,C,2026-09-24,500,granted,1,2025-02-26,2025-06-20,2025-06-20,114,PhD,Postgraduate Research,Other,Outside Australia,no,unknown,Unknown,100,,https://www.visadashboard.top/dashboard/table
VD-b0d7b6ad19b129c0ad50,4edccc4803e01853ce74,PLAT-VISADASHBOARD,C,2026-09-24,500,granted,1,2024-06-17,2025-06-20,2025-06-20,368,PhD,Postgraduate Research,Natural Sciences,Outside Australia,no,yes,Group of Eight,100,,https://www.visadashboard.top/dashboard/table
VD-5457945cabb37643942a,c029541b9ded2f196def,PLAT-VISADASHBOARD,C,2026-09-24,500,granted,1,2025-01-19,2025-06-19,2025-06-19,151,PhD,Postgraduate Research,Other,Outside Australia,no,unknown,Other/Unverified,100,,https://www.visadashboard.top/dashboard/table
VD-8bffd2872e805b588fc5,4ac05890779c8c3644b8,PLAT-VISADASHBOARD,C,2026-09-24,500,granted,1,2024-06-30,2025-06-19,2025-06-19,354,PhD,Postgraduate Research,Engineering,Outside Australia,no,unknown,Group of Eight,100,,https://www.visadashboard.top/dashboard/table
VD-4359d0f70d85ffbf8dae,b988eb378447e732a6b4,PLAT-VISADASHBOARD,C,2026-09-24,500,granted,1,2024-06-27,2025-06-18,2025-06-18,356,PhD,Postgraduate Research,Health and Medicine,Outside Australia,no,unknown,Other/Unverified,100,,https://www.visadashboard.top/dashboard/table
VD-26c0e96186fc5b94a20a,8509178880b8c991637d,PLAT-VISADASHBOARD,C,2026-09-24,500,granted,1,2024-06-27,2025-06-18,2025-06-18,356,PhD,Postgraduate Research,Other,Outside Australia,no,unknown,Other/Unverified,100,,https://www.visadashboard.top/dashboard/table
VD-95da9ee4f99524f0f9a3,c3423e747578c0796529,PLAT-VISADASHBOARD,C,2026-09-24,500,granted,1,2024-06-26,2025-06-18,2025-06-18,357,PhD,Postgraduate Research,Other,Outside Australia,no,unknown,Group of Eight,100,,https://www.visadashboard.top/dashboard/table
VD-38ecc56b8758f954bce4,d3de31607a3bbe59dda7,PLAT-VISADASHBOARD,C,2026-09-24,500,granted,1,2021-11-02,2025-06-18,2025-06-18,1324,PhD,Postgraduate Research,Other,In Australia,no,unknown,Unknown,100,,https://www.visadashboard.top/dashboard/table
VD-e3c27e99b5a9d705b220,008f835a91a6a1afc8c9,PLAT-VISADASHBOARD,C,2026-09-24,500,granted,1,2025-06-13,2025-06-17,2025-06-17,4,PhD,Postgraduate Research,Other,Outside Australia,no,unknown,Unknown,100,,https://www.visadashboard.top/dashboard/table
VD-46ff0b08b6ab01580266,8c1b1ad68899a3c78483,PLAT-VISADASHBOARD,C,2026-09-24,500,granted,1,2025-02-27,2025-06-16,2025-06-16,109,PhD,Postgraduate Research,Other,Outside Australia,unknown,unknown,Unknown,100,,https://www.visadashboard.top/dashboard/table
VD-74b04042acbfae07f752,ff448c597e0fe6156262,PLAT-VISADASHBOARD,C,2026-09-24,500,granted,1,2025-01-03,2025-06-16,2025-06-16,164,PhD,Postgraduate Research,Other,Outside Australia,no,yes,Group of Eight,100,,https://www.visadashboard.top/dashboard/table
VD-6712da4489462f28dce4,856764fe6d2b98248577,PLAT-VISADASHBOARD,C,2026-09-24,500,granted,1,2024-12-05,2025-06-16,2025-06-16,193,PhD,Postgraduate Research,Natural Sciences,Outside Australia,no,unknown,Unknown,100,,https://www.visadashboard.top/dashboard/table
VD-35ca2fcfd90e764928c4,6700934e8f24332645b8,PLAT-VISADASHBOARD,C,2026-09-24,500,granted,1,2024-06-15,2025-06-15,2025-06-15,365,PhD,Postgraduate Research,Other,Outside Australia,no,unknown,Unknown,100,,https://www.visadashboard.top/dashboard/table
VD-49dc1e7c6fc95f8ae2c4,871b1756297f0b091a22,PLAT-VISADASHBOARD,C,2026-09-24,500,granted,1,2025-06-12,2025-06-14,2025-06-14,2,PhD,Postgraduate Research,Other,Outside Australia,no,unknown,Unknown,100,,https://www.visadashboard.top/dashboard/table
VD-e1eea4d8895c0de54861,e1362fcb5d2a9b891562,PLAT-VISADASHBOARD,C,2026-09-24,500,granted,1,2025-06-10,2025-06-13,2025-06-13,3,PhD,Postgraduate Research,Other,Outside Australia,no,unknown,Group of Eight,100,,https://www.visadashboard.top/dashboard/table
VD-e2443d9e16837fb98fb6,24ae39e3203861240d63,PLAT-VISADASHBOARD,C,2026-09-24,500,granted,1,2025-01-01,2025-06-13,2025-06-13,163,PhD,Postgraduate Research,Humanities and Social Sciences,Outside Australia,no,unknown,Other/Unverified,100,,https://www.visadashboard.top/dashboard/table
VD-66fce96c44073f512010,29086039ad3e65cd3f0c,PLAT-VISADASHBOARD,C,2026-09-24,500,granted,1,2024-12-23,2025-06-13,2025-06-13,172,PhD,Postgraduate Research,Health and Medicine,Outside Australia,no,unknown,Unknown,100,,https://www.visadashboard.top/dashboard/table
VD-1cce7c778d89d59626c8,2b51129f55f78ea87b04,PLAT-VISADASHBOARD,C,2026-09-24,500,granted,1,2024-12-23,2025-06-12,2025-06-12,171,PhD,Postgraduate Research,Other,Outside Australia,no,unknown,Unknown,100,,https://www.visadashboard.top/dashboard/table
VD-81322814a0c681ff5109,311d0f3782a95f9fd70d,PLAT-VISADASHBOARD,C,2026-09-24,500,granted,1,2025-06-07,2025-06-11,2025-06-11,4,PhD,Postgraduate Research,Other,Outside Australia,no,unknown,Unknown,100,,https://www.visadashboard.top/dashboard/table
VD-43f33c9f8cad3e584da5,6fb8c17500a139d65848,PLAT-VISADASHBOARD,C,2026-09-24,500,granted,1,2025-05-05,2025-06-10,2025-06-10,36,PhD,Postgraduate Research,Business and Economics,Outside Australia,no,unknown,Group of Eight,100,,https://www.visadashboard.top/dashboard/table
VD-17ad9785f56bfecd4126,522366f75eb97aca62ad,PLAT-VISADASHBOARD,C,2026-09-24,500,granted,1,2024-12-25,2025-06-10,2025-06-10,167,PhD,Postgraduate Research,Other,Unknown,no,unknown,Unknown,95,unknown_submit_location,https://www.visadashboard.top/dashboard/table
VD-ae954c0dae27dd70d416,165705d1737d71946964,PLAT-VISADASHBOARD,C,2026-09-24,500,granted,1,2024-08-03,2025-06-06,2025-06-06,307,PhD,Postgraduate Research,Other,Outside Australia,no,unknown,Unknown,100,,https://www.visadashboard.top/dashboard/table
VD-9067794f3ae3994336ef,d7f551c57aef4e92ec4a,PLAT-VISADASHBOARD,C,2026-09-24,500,granted,1,2024-11-20,2025-06-05,2025-06-05,197,Unknown,Unknown,Other,Outside Australia,no,unknown,Unknown,92,unknown_education_level,https://www.visadashboard.top/dashboard/table
VD-935b29ca917230909d78,23cdbfba5d67bfd07f37,PLAT-VISADASHBOARD,C,2026-09-24,500,granted,1,2024-03-16,2025-06-05,2025-06-05,446,PhD,Postgraduate Research,Built Environment,Outside Australia,no,unknown,Other/Unverified,100,,https://www.visadashboard.top/dashboard/table
VD-fde40f2a5eef32395025,ed7ee0e57d7d1b4c4157,PLAT-VISADASHBOARD,C,2026-09-24,500,granted,1,2025-04-07,2025-06-04,2025-06-04,58,PhD,Postgraduate Research,Other,Outside Australia,no,unknown,Unknown,100,,https://www.visadashboard.top/dashboard/table
VD-f62d3e00c3c7acf0b96c,e93c4015bcd34b0df08a,PLAT-VISADASHBOARD,C,2026-09-24,500,granted,1,2024-08-15,2025-06-04,2025-06-04,293,PhD,Postgraduate Research,Other,Outside Australia,no,unknown,Other/Unverified,100,,https://www.visadashboard.top/dashboard/table
VD-bf4dd3f047d61cc562f6,bc0cd9270dfd3f00959c,PLAT-VISADASHBOARD,C,2026-09-24,500,granted,1,2024-07-21,2025-06-04,2025-06-04,318,PhD,Postgraduate Research,Other,Outside Australia,no,unknown,Other/Unverified,100,,https://www.visadashboard.top/dashboard/table
VD-ddf05f55ec348ad88b9e,f84346cfc0254fa4eade,PLAT-VISADASHBOARD,C,2026-09-24,500,granted,1,2025-06-01,2025-06-03,2025-06-03,2,PhD,Postgraduate Research,Other,Outside Australia,no,unknown,Unknown,100,,https://www.visadashboard.top/dashboard/table
VD-a94365f9dbf6b8197f6f,89c30f5b4bd2b42a02ec,PLAT-VISADASHBOARD,C,2026-09-24,500,granted,1,2025-04-22,2025-06-03,2025-06-03,42,PhD,Postgraduate Research,Other,Outside Australia,no,unknown,Unknown,100,,https://www.visadashboard.top/dashboard/table
VD-3d26a58a218a7237e3a6,ce6a234db5ba1e52fb0c,PLAT-VISADASHBOARD,C,2026-09-24,500,granted,1,2024-11-12,2025-05-31,2025-05-31,200,PhD,Postgraduate Research,Other,Outside Australia,no,unknown,Unknown,100,,https://www.visadashboard.top/dashboard/table
VD-89d7b8b88a4b75657826,87ee71003dee13ae2a8a,PLAT-VISADASHBOARD,C,2026-09-24,500,granted,1,2024-08-15,2025-05-30,2025-05-30,288,PhD,Postgraduate Research,Other,Outside Australia,no,unknown,Unknown,100,,https://www.visadashboard.top/dashboard/table
VD-2868747e22ba2927a9b1,e9b85b295841f5787c27,PLAT-VISADASHBOARD,C,2026-09-24,500,granted,1,2024-01-24,2025-05-28,2025-05-28,490,PhD,Postgraduate Research,Engineering,In Australia,no,unknown,Group of Eight,100,,https://www.visadashboard.top/dashboard/table
VD-6f158438acd97ec1d329,aa6199a62928ff7e403f,PLAT-VISADASHBOARD,C,2026-09-24,500,granted,1,2024-10-11,2025-05-27,2025-05-27,228,PhD,Postgraduate Research,Other,Outside Australia,no,unknown,Unknown,100,,https://www.visadashboard.top/dashboard/table
VD-ce6106081b242484b6dd,9a166fb9ee93205b4183,PLAT-VISADASHBOARD,C,2026-09-24,500,granted,1,2024-10-14,2025-05-24,2025-05-24,222,PhD,Postgraduate Research,Built Environment,Outside Australia,no,unknown,Group of Eight,100,,https://www.visadashboard.top/dashboard/table
VD-f5a4a141dd7eeb3a8d8b,1883234e6e9db82224c0,PLAT-VISADASHBOARD,C,2026-09-24,500,granted,1,2024-09-24,2025-05-23,2025-05-23,241,PhD,Postgraduate Research,Other,Outside Australia,no,unknown,Unknown,100,,https://www.visadashboard.top/dashboard/table
VD-e3c7dc9946f9d3e892a0,05d6535e481891c43cb7,PLAT-VISADASHBOARD,C,2026-09-24,500,granted,1,2024-08-09,2025-05-23,2025-05-23,287,PhD,Postgraduate Research,Health and Medicine,Outside Australia,no,unknown,Unknown,100,,https://www.visadashboard.top/dashboard/table
VD-40378c3a515f6bf5e46b,5c2526c2a57717d37a19,PLAT-VISADASHBOARD,C,2026-09-24,500,granted,1,2024-07-27,2025-05-23,2025-05-23,300,PhD,Postgraduate Research,Business and Economics,Outside Australia,no,unknown,Unknown,100,,https://www.visadashboard.top/dashboard/table
VD-04b219ca3ffb8fc6d83e,4f410b46637a11277f58,PLAT-VISADASHBOARD,C,2026-09-24,500,granted,1,2024-07-09,2025-05-23,2025-05-23,318,PhD,Postgraduate Research,Other,Outside Australia,no,unknown,Unknown,100,,https://www.visadashboard.top/dashboard/table
VD-98da838e1a65d16a7739,236af8d9aec5fbd53c2d,PLAT-VISADASHBOARD,C,2026-09-24,500,granted,1,2024-05-08,2025-05-22,2025-05-22,379,PhD,Postgraduate Research,Other,Outside Australia,no,unknown,Group of Eight,100,,https://www.visadashboard.top/dashboard/table
VD-a9bfdaa360bdb319c0bb,b984f6a91221cd4dca9c,PLAT-VISADASHBOARD,C,2026-09-24,500,granted,1,2025-05-20,2025-05-21,2025-05-21,1,PhD,Postgraduate Research,Engineering,Outside Australia,unknown,unknown,Other/Unverified,100,,https://www.visadashboard.top/dashboard/table
VD-c48f900bc1146fb9276a,0ffa1f0e92abe0b76d97,PLAT-VISADASHBOARD,C,2026-09-24,500,granted,1,2023-08-15,2025-05-21,2025-05-21,645,PhD,Postgraduate Research,Other,In Australia,no,unknown,Group of Eight,100,,https://www.visadashboard.top/dashboard/table
VD-79c7c47146d87e2f612c,cfd16684aab072910d51,PLAT-VISADASHBOARD,C,2026-09-24,500,granted,1,2025-05-18,2025-05-20,2025-05-20,2,PhD,Postgraduate Research,Engineering,Outside Australia,no,yes,Group of Eight,100,,https://www.visadashboard.top/dashboard/table
VD-da60e2f81ab02c6d6bce,deeb0832555d7e34545b,PLAT-VISADASHBOARD,C,2026-09-24,500,granted,1,2025-04-16,2025-05-17,2025-05-17,31,PhD,Postgraduate Research,Health and Medicine,Outside Australia,no,unknown,Unknown,100,,https://www.visadashboard.top/dashboard/table
VD-23ce0016790bcff13631,08fe75890a538cac32a9,PLAT-VISADASHBOARD,C,2026-09-24,500,granted,1,2024-07-18,2025-05-16,2025-05-16,302,PhD,Postgraduate Research,Other,Outside Australia,no,unknown,Other/Unverified,100,,https://www.visadashboard.top/dashboard/table
VD-063fcf528fc2161f80ed,50ccf63074e5f8c6b97a,PLAT-VISADASHBOARD,C,2026-09-24,500,granted,1,2025-04-10,2025-05-11,2025-05-11,31,PhD,Postgraduate Research,Business and Economics,Outside Australia,no,unknown,Unknown,100,,https://www.visadashboard.top/dashboard/table
VD-6d12a2cc1559189091f4,345c3bfa8e6c8e376c8d,PLAT-VISADASHBOARD,C,2026-09-24,500,granted,1,2024-02-20,2025-05-10,2025-05-10,445,PhD,Postgraduate Research,Engineering,Outside Australia,no,unknown,Unknown,100,,https://www.visadashboard.top/dashboard/table
VD-729a12bb8e8cfad96000,8340320666faa2fa7fb6,PLAT-VISADASHBOARD,C,2026-09-24,500,granted,1,2025-05-01,2025-05-08,2025-05-08,7,PhD,Postgraduate Research,Other,Outside Australia,no,unknown,Other/Unverified,100,,https://www.visadashboard.top/dashboard/table
VD-539fdabbd3e352422f92,f9b0a69a59455bb390ea,PLAT-VISADASHBOARD,C,2026-09-24,500,granted,1,2025-05-01,2025-05-08,2025-05-08,7,PhD,Postgraduate Research,Other,Outside Australia,no,yes,Other/Unverified,100,,https://www.visadashboard.top/dashboard/table
VD-af2d9766fd54bd8a0fce,14d6fb9d2751c3bae4e8,PLAT-VISADASHBOARD,C,2026-09-24,500,granted,1,2024-08-26,2025-05-08,2025-05-08,255,PhD,Postgraduate Research,Other,Outside Australia,no,unknown,Unknown,100,,https://www.visadashboard.top/dashboard/table
VD-90bbfb73ea8b724bb9f1,a5cbdd8887c53a04cfbe,PLAT-VISADASHBOARD,C,2026-09-24,500,granted,1,2024-08-18,2025-05-08,2025-05-08,263,PhD,Postgraduate Research,Other,Outside Australia,no,unknown,Unknown,100,,https://www.visadashboard.top/dashboard/table
VD-9d89c1ab657dc06ac2b4,77565457ee83a8dedb0e,PLAT-VISADASHBOARD,C,2026-09-24,500,granted,1,2024-08-05,2025-05-07,2025-05-07,275,PhD,Postgraduate Research,Other,Outside Australia,no,unknown,Unknown,100,,https://www.visadashboard.top/dashboard/table
VD-05ce135ce003a6987226,25d43dc43963e03ecfa3,PLAT-VISADASHBOARD,C,2026-09-24,500,granted,1,2024-08-03,2025-05-07,2025-05-07,277,PhD,Postgraduate Research,Other,Outside Australia,no,yes,Unknown,100,,https://www.visadashboard.top/dashboard/table
VD-eba6e6902e124df5cb45,a88c4b009f81690a6aa1,PLAT-VISADASHBOARD,C,2026-09-24,500,granted,1,2024-07-28,2025-05-07,2025-05-07,283,PhD,Postgraduate Research,Other,Outside Australia,no,unknown,Other/Unverified,100,,https://www.visadashboard.top/dashboard/table
VD-023de40330127e2b252a,5a00c23e9d550e64abdd,PLAT-VISADASHBOARD,C,2026-09-24,500,granted,1,2024-07-25,2025-05-07,2025-05-07,286,Unknown,Unknown,Other,Outside Australia,no,unknown,Unknown,92,unknown_education_level,https://www.visadashboard.top/dashboard/table
VD-149b9f4bf571e3ae2ed3,41ffaf04b7360dc8675b,PLAT-VISADASHBOARD,C,2026-09-24,500,granted,1,2024-05-17,2025-05-07,2025-05-07,355,PhD,Postgraduate Research,Other,Outside Australia,no,unknown,Unknown,100,,https://www.visadashboard.top/dashboard/table
VD-e50e3f323ee403638e75,c1961b511123f54c5ca6,PLAT-VISADASHBOARD,C,2026-09-24,500,granted,1,2024-08-02,2025-05-06,2025-05-06,277,PhD,Postgraduate Research,Other,Outside Australia,no,unknown,Unknown,100,,https://www.visadashboard.top/dashboard/table
VD-56a399ab8399c3fadb54,84b7dffe9d544db3a4d7,PLAT-VISADASHBOARD,C,2026-09-24,500,granted,1,2024-06-16,2025-05-04,2025-05-04,322,PhD,Postgraduate Research,Other,Outside Australia,no,unknown,Unknown,100,,https://www.visadashboard.top/dashboard/table
VD-f9072ac919e59ea6d160,390476a314822ea35509,PLAT-VISADASHBOARD,C,2026-09-24,500,granted,1,2024-06-29,2025-05-02,2025-05-02,307,PhD,Postgraduate Research,Other,Outside Australia,no,unknown,Unknown,100,,https://www.visadashboard.top/dashboard/table
VD-2db46a0841883810e997,93b54911b56aef182b9f,PLAT-VISADASHBOARD,C,2026-09-24,500,granted,1,2024-06-27,2025-05-02,2025-05-02,309,Unknown,Unknown,Other,Outside Australia,no,unknown,Unknown,92,unknown_education_level,https://www.visadashboard.top/dashboard/table
VD-7be702e4294522c49cc5,3c383970e6bf3ad52bd5,PLAT-VISADASHBOARD,C,2026-09-24,500,granted,1,2025-04-21,2025-05-01,2025-05-01,10,PhD,Postgraduate Research,Other,Outside Australia,no,unknown,Unknown,100,,https://www.visadashboard.top/dashboard/table
VD-9d21a2f2c60d19ef5a40,b690cd88462e1ce2d576,PLAT-VISADASHBOARD,C,2026-09-24,500,granted,1,2025-01-23,2025-04-29,2025-04-29,96,PhD,Postgraduate Research,Other,Outside Australia,no,unknown,Unknown,100,,https://www.visadashboard.top/dashboard/table
VD-2a445ed0057b86c82548,a8aea4f78ce9ab9474a3,PLAT-VISADASHBOARD,C,2026-09-24,500,granted,1,2024-04-09,2025-04-28,2025-04-28,384,PhD,Postgraduate Research,Other,In Australia,no,unknown,Unknown,100,,https://www.visadashboard.top/dashboard/table
VD-b7660ca977857efcfd33,9db3c066c95fbd40e637,PLAT-VISADASHBOARD,C,2026-09-24,500,granted,1,2024-04-07,2025-04-23,2025-04-23,381,PhD,Postgraduate Research,Other,Outside Australia,no,no,Group of Eight,100,,https://www.visadashboard.top/dashboard/table
VD-2259b63be0eb49bcb455,b498b18364718d2747e9,PLAT-VISADASHBOARD,C,2026-09-24,500,granted,1,2024-06-07,2025-04-16,2025-04-16,313,PhD,Postgraduate Research,Other,Outside Australia,no,unknown,Group of Eight,100,,https://www.visadashboard.top/dashboard/table
VD-9e008d9bcf66f2008aca,3fc99127249fcb7eea17,PLAT-VISADASHBOARD,C,2026-09-24,500,granted,1,2024-06-03,2025-04-16,2025-04-16,317,PhD,Postgraduate Research,Other,Outside Australia,no,unknown,Unknown,100,,https://www.visadashboard.top/dashboard/table
VD-90f600b8e933cb142e22,250d40210d5eb0506840,PLAT-VISADASHBOARD,C,2026-09-24,500,granted,1,2025-03-15,2025-04-15,2025-04-15,31,PhD,Postgraduate Research,Other,Outside Australia,no,unknown,Group of Eight,100,,https://www.visadashboard.top/dashboard/table
VD-e2844dd71d386363966a,bb0a50b24f4f91f291dc,PLAT-VISADASHBOARD,C,2026-09-24,500,granted,1,2024-12-23,2025-04-15,2025-04-15,113,PhD,Postgraduate Research,Other,Outside Australia,no,yes,Group of Eight,100,,https://www.visadashboard.top/dashboard/table
VD-f504dbc1e421d30b4ab1,e7afc87c5099726002ea,PLAT-VISADASHBOARD,C,2026-09-24,500,granted,1,2024-04-01,2025-04-15,2025-04-15,379,PhD,Postgraduate Research,Other,Outside Australia,no,unknown,Unknown,100,,https://www.visadashboard.top/dashboard/table
VD-6f772927733580b40be4,cc8d424bee959ff6ec67,PLAT-VISADASHBOARD,C,2026-09-24,500,granted,1,2024-06-13,2025-04-13,2025-04-13,304,PhD,Postgraduate Research,Other,Outside Australia,no,unknown,Other/Unverified,100,,https://www.visadashboard.top/dashboard/table
VD-9e8b1c89786ee3168359,520fda6ef6477ea58dd4,PLAT-VISADASHBOARD,C,2026-09-24,500,granted,1,2024-05-20,2025-04-11,2025-04-11,326,PhD,Postgraduate Research,Other,Outside Australia,no,unknown,Unknown,100,,https://www.visadashboard.top/dashboard/table
VD-ec7d466a92aba2abfe0c,40ba49c5c4035ce1ce73,PLAT-VISADASHBOARD,C,2026-09-24,500,granted,1,2024-02-01,2025-04-10,2025-04-10,434,PhD,Postgraduate Research,Other,In Australia,no,unknown,Unknown,100,,https://www.visadashboard.top/dashboard/table
VD-e038ca4afc16e9b60e77,a97f97c69fc23fde1d56,PLAT-VISADASHBOARD,C,2026-09-24,500,granted,1,2025-01-21,2025-04-09,2025-04-09,78,PhD,Postgraduate Research,Other,In Australia,no,unknown,Unknown,100,,https://www.visadashboard.top/dashboard/table
VD-efb959d8f6f4ae34063d,2daba17835fadc3f7e34,PLAT-VISADASHBOARD,C,2026-09-24,500,granted,1,2024-06-07,2025-04-08,2025-04-08,305,PhD,Postgraduate Research,Other,Outside Australia,no,unknown,Other/Unverified,100,,https://www.visadashboard.top/dashboard/table
VD-c391373072289bcf0324,0286bb4fbc5598eb3cb1,PLAT-VISADASHBOARD,C,2026-09-24,500,granted,1,2025-04-04,2025-04-07,2025-04-07,3,PhD,Postgraduate Research,Other,Outside Australia,no,unknown,Group of Eight,100,,https://www.visadashboard.top/dashboard/table
VD-9e3a38b5d075bf24dcbc,0c9227489247c0a141f7,PLAT-VISADASHBOARD,C,2026-09-24,500,granted,1,2024-12-17,2025-04-07,2025-04-07,111,PhD,Postgraduate Research,Business and Economics,Outside Australia,no,unknown,Group of Eight,100,,https://www.visadashboard.top/dashboard/table
VD-e109cfe2277d419ce2ff,42383734c2c8116a6107,PLAT-VISADASHBOARD,C,2026-09-24,500,granted,1,2024-05-20,2025-04-07,2025-04-07,322,PhD,Postgraduate Research,Other,Outside Australia,no,unknown,Other/Unverified,100,,https://www.visadashboard.top/dashboard/table
VD-1c202cf73c552924e9ad,ce19b9bc2fdb8ff7c5eb,PLAT-VISADASHBOARD,C,2026-09-24,500,granted,1,2025-02-14,2025-04-02,2025-04-02,47,PhD,Postgraduate Research,Natural Sciences,Outside Australia,no,unknown,Unknown,100,,https://www.visadashboard.top/dashboard/table
VD-a3a9ce9ee7d47cd8632b,26ed441b70c2ff99c668,PLAT-VISADASHBOARD,C,2026-09-24,500,granted,1,2024-06-13,2025-04-02,2025-04-02,293,PhD,Postgraduate Research,Computing and Data,Outside Australia,no,unknown,Unknown,100,,https://www.visadashboard.top/dashboard/table
VD-c697f3a2dbed575ad6e2,7aa1c160802188dd7308,PLAT-VISADASHBOARD,C,2026-09-24,500,granted,1,2024-12-24,2025-04-01,2025-04-01,98,PhD,Postgraduate Research,Business and Economics,Outside Australia,no,unknown,Unknown,100,,https://www.visadashboard.top/dashboard/table
VD-db47d47409eef5aaee6b,dfddaff17379aa4dfa86,PLAT-VISADASHBOARD,C,2026-09-24,500,granted,1,2024-09-08,2025-03-30,2025-03-30,203,PhD,Postgraduate Research,Health and Medicine,Outside Australia,no,unknown,Group of Eight,100,,https://www.visadashboard.top/dashboard/table
VD-90f1685976d1ddfeab90,c48b45cdc10364bfd1eb,PLAT-VISADASHBOARD,C,2026-09-24,500,granted,1,2024-02-01,2025-03-29,2025-03-29,422,PhD,Postgraduate Research,Other,Outside Australia,unknown,unknown,Other/Unverified,100,,https://www.visadashboard.top/dashboard/table
VD-aa98e95262e1404f2086,3e3eb3981b6db1c6019e,PLAT-VISADASHBOARD,C,2026-09-24,500,granted,1,2025-03-20,2025-03-28,2025-03-28,8,PhD,Postgraduate Research,Health and Medicine,Outside Australia,no,unknown,Group of Eight,100,,https://www.visadashboard.top/dashboard/table
VD-63ba3bf8eb44e04174f9,e6aa70c00b96f5e2529e,PLAT-VISADASHBOARD,C,2026-09-24,500,granted,1,2024-04-23,2025-03-28,2025-03-28,339,PhD,Postgraduate Research,Other,Outside Australia,no,unknown,Unknown,100,,https://www.visadashboard.top/dashboard/table
VD-def7a9594a386e59946b,0fcd7bafabfbe0be281a,PLAT-VISADASHBOARD,C,2026-09-24,500,granted,1,2024-05-24,2025-03-27,2025-03-27,307,PhD,Postgraduate Research,Other,Outside Australia,unknown,unknown,Other/Unverified,100,,https://www.visadashboard.top/dashboard/table
VD-ca9be9af37e9346d90d7,a18528040821b564af1d,PLAT-VISADASHBOARD,C,2026-09-24,500,granted,1,2025-03-23,2025-03-24,2025-03-24,1,PhD,Postgraduate Research,Other,Outside Australia,no,unknown,Unknown,100,,https://www.visadashboard.top/dashboard/table
VD-add0ccc7f3178e86331b,00802eda20715d1dff53,PLAT-VISADASHBOARD,C,2026-09-24,500,granted,1,2025-03-23,2025-03-24,2025-03-24,1,PhD,Postgraduate Research,Health and Medicine,Outside Australia,no,unknown,Other/Unverified,100,,https://www.visadashboard.top/dashboard/table
VD-22d626ed7cdacfce6b2b,a7c11b40f57e391c33bc,PLAT-VISADASHBOARD,C,2026-09-24,500,granted,1,2025-02-18,2025-03-24,2025-03-24,34,PhD,Postgraduate Research,Health and Medicine,Outside Australia,unknown,unknown,Other/Unverified,100,,https://www.visadashboard.top/dashboard/table
VD-9da85dd17566bdffc88c,325aca25be8fcbeee45d,PLAT-VISADASHBOARD,C,2026-09-24,500,granted,1,2025-02-19,2025-03-23,2025-03-23,32,PhD,Postgraduate Research,Natural Sciences,Outside Australia,no,unknown,Unknown,100,,https://www.visadashboard.top/dashboard/table
VD-96fd91ec76de8a85d5c5,0a9ee16d23aefbdefe94,PLAT-VISADASHBOARD,C,2026-09-24,500,granted,1,2025-02-15,2025-03-23,2025-03-23,36,PhD,Postgraduate Research,Other,Outside Australia,no,unknown,Unknown,100,,https://www.visadashboard.top/dashboard/table
VD-4efe810b652cb126dcd5,5cd6e8ea30c9899130b8,PLAT-VISADASHBOARD,C,2026-09-24,500,granted,1,2024-04-10,2025-03-23,2025-03-23,347,PhD,Postgraduate Research,Natural Sciences,Outside Australia,no,unknown,Unknown,100,,https://www.visadashboard.top/dashboard/table
VD-f2a8bb5a04621cb6adda,84f403b16b09fd2a238f,PLAT-VISADASHBOARD,C,2026-09-24,500,granted,1,2025-03-22,2025-03-22,2025-03-22,0,PhD,Postgraduate Research,Business and Economics,Outside Australia,no,unknown,Group of Eight,100,,https://www.visadashboard.top/dashboard/table
VD-718c86f88c1be09609ed,df5487ae495b35f85b9b,PLAT-VISADASHBOARD,C,2026-09-24,500,granted,1,2025-03-21,2025-03-22,2025-03-22,1,PhD,Postgraduate Research,Health and Medicine,Outside Australia,no,unknown,Unknown,100,,https://www.visadashboard.top/dashboard/table
VD-7f9b6a45fef723648ac5,0cac2fdd94a84ab8e4c6,PLAT-VISADASHBOARD,C,2026-09-24,500,granted,1,2024-12-30,2025-03-21,2025-03-21,81,PhD,Postgraduate Research,Natural Sciences,Outside Australia,no,unknown,Unknown,100,,https://www.visadashboard.top/dashboard/table
VD-b44b0211ad950b6eac40,5c324262e2b881897a44,PLAT-VISADASHBOARD,C,2026-09-24,500,granted,1,2024-05-05,2025-03-21,2025-03-21,320,PhD,Postgraduate Research,Engineering,Outside Australia,no,unknown,Unknown,100,,https://www.visadashboard.top/dashboard/table
VD-384ea831e51ade995b65,f6a46179cebeee325233,PLAT-VISADASHBOARD,C,2026-09-24,500,granted,1,2024-04-30,2025-03-21,2025-03-21,325,PhD,Postgraduate Research,Other,Outside Australia,no,unknown,Unknown,100,,https://www.visadashboard.top/dashboard/table
VD-645abd072ec75efbacd7,271aaec64f568680a3e1,PLAT-VISADASHBOARD,C,2026-09-24,500,granted,1,2024-03-12,2025-03-21,2025-03-21,374,PhD,Postgraduate Research,Computing and Data,Outside Australia,no,unknown,Unknown,100,,https://www.visadashboard.top/dashboard/table
VD-44419a0b710302ae229f,f84bc17807140ab1e58f,PLAT-VISADASHBOARD,C,2026-09-24,500,granted,1,2024-03-20,2025-03-18,2025-03-18,363,PhD,Postgraduate Research,Other,In Australia,no,unknown,Unknown,100,,https://www.visadashboard.top/dashboard/table
VD-36a399ecd3e858dc2049,b9e12ae2cc5e5cd2d7e3,PLAT-VISADASHBOARD,C,2026-09-24,500,granted,1,2024-08-17,2025-03-17,2025-03-17,212,PhD,Postgraduate Research,Other,Outside Australia,no,unknown,Unknown,100,,https://www.visadashboard.top/dashboard/table
VD-95cb27e33916e38b59ca,e3083c4089f4d588258f,PLAT-VISADASHBOARD,C,2026-09-24,500,granted,1,2025-03-11,2025-03-15,2025-03-15,4,PhD,Postgraduate Research,Other,Outside Australia,no,unknown,Group of Eight,100,,https://www.visadashboard.top/dashboard/table
VD-655282cfdf7d88e6df89,fc6c3060d8b677d7a5df,PLAT-VISADASHBOARD,C,2026-09-24,500,granted,1,2024-06-21,2025-03-13,2025-03-13,265,PhD,Postgraduate Research,Other,Outside Australia,no,unknown,Unknown,100,,https://www.visadashboard.top/dashboard/table
VD-70d262556a6893859ce1,08f601cef45a01846fa7,PLAT-VISADASHBOARD,C,2026-09-24,500,granted,1,2024-06-17,2025-03-13,2025-03-13,269,PhD,Postgraduate Research,Other,Outside Australia,no,unknown,Unknown,100,,https://www.visadashboard.top/dashboard/table
VD-e4c367b4862548146eac,76617ee51feb125a98f2,PLAT-VISADASHBOARD,C,2026-09-24,500,granted,1,2024-05-23,2025-03-13,2025-03-13,294,PhD,Postgraduate Research,Engineering,Outside Australia,no,yes,Group of Eight,100,,https://www.visadashboard.top/dashboard/table
VD-bd53480b48bac01ee181,3b8d7430778ece4c96c8,PLAT-VISADASHBOARD,C,2026-09-24,500,granted,1,2025-02-05,2025-03-08,2025-03-08,31,PhD,Postgraduate Research,Other,Unknown,no,unknown,Unknown,95,unknown_submit_location,https://www.visadashboard.top/dashboard/table
VD-463b9fc4985fbdadc6d4,b1532f18264533fc485e,PLAT-VISADASHBOARD,C,2026-09-24,500,granted,1,2024-05-16,2025-03-07,2025-03-07,295,PhD,Postgraduate Research,Natural Sciences,Outside Australia,no,yes,Other/Unverified,100,,https://www.visadashboard.top/dashboard/table
VD-cd08a1e9ff4ec4a7f8bc,8749444ff73044c31474,PLAT-VISADASHBOARD,C,2026-09-24,500,granted,1,2024-06-26,2025-03-05,2025-03-05,252,PhD,Postgraduate Research,Natural Sciences,Outside Australia,no,unknown,Unknown,100,,https://www.visadashboard.top/dashboard/table
VD-e10c7748fa89a783ce5c,9c99d4dbb14d2dc149d4,PLAT-VISADASHBOARD,C,2026-09-24,500,granted,1,2025-03-03,2025-03-04,2025-03-04,1,PhD,Postgraduate Research,Other,In Australia,no,unknown,Other/Unverified,100,,https://www.visadashboard.top/dashboard/table
VD-0a6f40af98018fb709e6,ae9b80a1f8e7547c6c1e,PLAT-VISADASHBOARD,C,2026-09-24,500,granted,1,2025-03-02,2025-03-04,2025-03-04,2,PhD,Postgraduate Research,Other,Outside Australia,no,no,Unknown,100,,https://www.visadashboard.top/dashboard/table
VD-d79703978e1935581ef8,8aab6f73e41d2750c11d,PLAT-VISADASHBOARD,C,2026-09-24,500,granted,1,2024-06-20,2025-03-04,2025-03-04,257,PhD,Postgraduate Research,Other,Outside Australia,no,unknown,Other/Unverified,100,,https://www.visadashboard.top/dashboard/table
VD-6300e8a650fc026caa31,35c2fe3fc21a269b6a7e,PLAT-VISADASHBOARD,C,2026-09-24,500,granted,1,2025-02-13,2025-02-28,2025-02-28,15,PhD,Postgraduate Research,Health and Medicine,Outside Australia,no,unknown,Unknown,100,,https://www.visadashboard.top/dashboard/table
VD-b8e1505c6df346b4e4a3,e5be23e3ebfa30956c93,PLAT-VISADASHBOARD,C,2026-09-24,500,granted,1,2025-02-13,2025-02-28,2025-02-28,15,PhD,Postgraduate Research,Other,Outside Australia,no,unknown,Unknown,100,,https://www.visadashboard.top/dashboard/table
VD-4b333908e81d9f5196b8,f2ceffd567a76964b5cf,PLAT-VISADASHBOARD,C,2026-09-24,500,granted,1,2025-02-12,2025-02-28,2025-02-28,16,PhD,Postgraduate Research,Health and Medicine,Outside Australia,no,unknown,Other/Unverified,100,,https://www.visadashboard.top/dashboard/table
VD-7812b6dbc9287688c15a,1a621811546fdb020c5e,PLAT-VISADASHBOARD,C,2026-09-24,500,granted,1,2025-02-11,2025-02-25,2025-02-25,14,PhD,Postgraduate Research,Other,Outside Australia,no,unknown,Other/Unverified,100,,https://www.visadashboard.top/dashboard/table
VD-53c82a877dd53f5e55eb,c4baa895d10ddf74d8d9,PLAT-VISADASHBOARD,C,2026-09-24,500,granted,1,2025-01-15,2025-02-24,2025-02-24,40,PhD,Postgraduate Research,Other,Outside Australia,no,unknown,Unknown,100,,https://www.visadashboard.top/dashboard/table
VD-ce1885c05547b5e66f12,4d0b8958e8600c0d3744,PLAT-VISADASHBOARD,C,2026-09-24,500,granted,1,2024-09-27,2025-02-22,2025-02-22,148,PhD,Postgraduate Research,Computing and Data,Outside Australia,no,yes,Other/Unverified,100,,https://www.visadashboard.top/dashboard/table
VD-d471c87f61b4876e51e7,eef60f1a77235aa30d18,PLAT-VISADASHBOARD,C,2026-09-24,500,granted,1,2025-02-20,2025-02-20,2025-02-20,0,PhD,Postgraduate Research,Natural Sciences,Outside Australia,no,no,Group of Eight,100,,https://www.visadashboard.top/dashboard/table
VD-71e12a7217bbf71b6b06,2a3ea9d0a0d99e918e00,PLAT-VISADASHBOARD,C,2026-09-24,500,granted,1,2025-01-04,2025-02-18,2025-02-18,45,PhD,Postgraduate Research,Health and Medicine,Outside Australia,no,unknown,Unknown,100,,https://www.visadashboard.top/dashboard/table
VD-0d75656a09cf40a7acdf,31fe2644e5ef082af2dc,PLAT-VISADASHBOARD,C,2026-09-24,500,granted,1,2024-10-30,2025-02-18,2025-02-18,111,PhD,Postgraduate Research,Other,In Australia,no,no,Unknown,100,,https://www.visadashboard.top/dashboard/table
VD-65b13617425b50bd6a23,9b8c2801240ca13cc811,PLAT-VISADASHBOARD,C,2026-09-24,500,granted,1,2024-06-26,2025-02-18,2025-02-18,237,Master,Higher Education,Other,In Australia,no,unknown,Group of Eight,100,,https://www.visadashboard.top/dashboard/table
VD-530c4b6d64d618b82f0d,8d9724e8c4fa4056e161,PLAT-VISADASHBOARD,C,2026-09-24,500,granted,1,2024-11-13,2025-02-17,2025-02-17,96,PhD,Postgraduate Research,Natural Sciences,Outside Australia,no,unknown,Unknown,100,,https://www.visadashboard.top/dashboard/table
VD-220f87a2f1d0db2443e0,59da40b91fd180940d3a,PLAT-VISADASHBOARD,C,2026-09-24,500,granted,1,2024-10-26,2025-02-17,2025-02-17,114,PhD,Postgraduate Research,Other,In Australia,no,unknown,Unknown,100,,https://www.visadashboard.top/dashboard/table
VD-8599947c1ccbcb36de90,bc17b0959e9ac1559e98,PLAT-VISADASHBOARD,C,2026-09-24,500,granted,1,2024-10-21,2025-02-16,2025-02-16,118,Unknown,Unknown,Other,Outside Australia,no,unknown,Other/Unverified,92,unknown_education_level,https://www.visadashboard.top/dashboard/table
VD-f4674554d5214c3d9e65,86fdd99a9498a60c32dc,PLAT-VISADASHBOARD,C,2026-09-24,500,granted,1,2025-02-13,2025-02-14,2025-02-14,1,PhD,Postgraduate Research,Other,Outside Australia,no,unknown,Other/Unverified,100,,https://www.visadashboard.top/dashboard/table
VD-747077a944d0d0005243,911c2c9b1ba9f78c53ed,PLAT-VISADASHBOARD,C,2026-09-24,500,granted,1,2024-10-09,2025-02-13,2025-02-13,127,PhD,Postgraduate Research,Other,Outside Australia,no,unknown,Other/Unverified,100,,https://www.visadashboard.top/dashboard/table
VD-8bd7ab363be0098eba97,77898ee18aea88989542,PLAT-VISADASHBOARD,C,2026-09-24,500,granted,1,2024-12-18,2025-02-12,2025-02-12,56,Unknown,Unknown,Other,Outside Australia,no,unknown,Other/Unverified,92,unknown_education_level,https://www.visadashboard.top/dashboard/table
VD-8bfd13be9455656fb06e,925e89ecc2f9271748fb,PLAT-VISADASHBOARD,C,2026-09-24,500,granted,1,2024-07-26,2025-02-11,2025-02-11,200,PhD,Postgraduate Research,Other,Outside Australia,unknown,yes,Other/Unverified,100,,https://www.visadashboard.top/dashboard/table
VD-950496a588a712ccddac,ed028d0786a50e7702ec,PLAT-VISADASHBOARD,C,2026-09-24,500,granted,1,2024-12-24,2025-02-10,2025-02-10,48,PhD,Postgraduate Research,Other,Outside Australia,no,unknown,Unknown,100,,https://www.visadashboard.top/dashboard/table
VD-bd61ed5443f0fbb5e408,83456358d30ecf545ce2,PLAT-VISADASHBOARD,C,2026-09-24,500,granted,1,2024-10-09,2025-02-10,2025-02-10,124,PhD,Postgraduate Research,Other,Outside Australia,no,unknown,Unknown,100,,https://www.visadashboard.top/dashboard/table
VD-2b689e951c4ff9bfa23d,a89d6eeda3f03631fd9e,PLAT-VISADASHBOARD,C,2026-09-24,500,granted,1,2024-12-04,2025-02-08,2025-02-08,66,PhD,Postgraduate Research,Other,Outside Australia,no,unknown,Unknown,100,,https://www.visadashboard.top/dashboard/table
VD-a16c707ecbd2eaecd660,4bd2f0c2aa16dba69dda,PLAT-VISADASHBOARD,C,2026-09-24,500,granted,1,2024-11-29,2025-02-07,2025-02-07,70,PhD,Postgraduate Research,Engineering,Outside Australia,no,unknown,Unknown,100,,https://www.visadashboard.top/dashboard/table
VD-0c46b358c86e3e082525,85bb6cfac2deba552d74,PLAT-VISADASHBOARD,C,2026-09-24,500,granted,1,2024-08-13,2025-02-06,2025-02-06,177,PhD,Postgraduate Research,Other,Outside Australia,no,unknown,Unknown,100,,https://www.visadashboard.top/dashboard/table
VD-b993cf4d5af4145c8cdf,2a61c78ec40a7dde0cfb,PLAT-VISADASHBOARD,C,2026-09-24,500,granted,1,2024-08-01,2025-02-05,2025-02-05,188,PhD,Postgraduate Research,Health and Medicine,Outside Australia,no,unknown,Unknown,100,,https://www.visadashboard.top/dashboard/table
VD-1f6ea3d682a8ac0357fd,fcb81859bad7f0b43132,PLAT-VISADASHBOARD,C,2026-09-24,500,granted,1,2025-02-03,2025-02-04,2025-02-04,1,PhD,Postgraduate Research,Other,Outside Australia,no,unknown,Unknown,100,,https://www.visadashboard.top/dashboard/table
VD-fda0c57274745491346b,49877a6b531472ded07d,PLAT-VISADASHBOARD,C,2026-09-24,500,granted,1,2025-02-01,2025-02-03,2025-02-03,2,PhD,Postgraduate Research,Health and Medicine,Outside Australia,no,unknown,Unknown,100,,https://www.visadashboard.top/dashboard/table
VD-0b7dd20fa31c2d987f89,55714763db255407fa3d,PLAT-VISADASHBOARD,C,2026-09-24,500,granted,1,2025-01-10,2025-02-03,2025-02-03,24,PhD,Postgraduate Research,Natural Sciences,In Australia,no,unknown,Other/Unverified,100,,https://www.visadashboard.top/dashboard/table
VD-e33d75b5386404ed0404,32dc54681f4d63e18091,PLAT-VISADASHBOARD,C,2026-09-24,500,granted,1,2024-11-27,2025-01-30,2025-01-30,64,PhD,Postgraduate Research,Natural Sciences,Outside Australia,no,no,Unknown,100,,https://www.visadashboard.top/dashboard/table
VD-f8c8c5fde581a35ab424,68577f0c4927737c1452,PLAT-VISADASHBOARD,C,2026-09-24,500,granted,1,2024-11-27,2025-01-30,2025-01-30,64,PhD,Postgraduate Research,Engineering,Outside Australia,no,unknown,Other/Unverified,100,,https://www.visadashboard.top/dashboard/table
VD-67d86fa4635a86445c5c,e3cc364ea90640827366,PLAT-VISADASHBOARD,C,2026-09-24,500,granted,1,2024-11-27,2025-01-30,2025-01-30,64,PhD,Postgraduate Research,Other,Outside Australia,no,unknown,Unknown,100,,https://www.visadashboard.top/dashboard/table
VD-84de922e83b9871d87a1,b0da6b594a368655dc02,PLAT-VISADASHBOARD,C,2026-09-24,500,granted,1,2024-11-26,2025-01-30,2025-01-30,65,PhD,Postgraduate Research,Other,Outside Australia,no,unknown,Other/Unverified,100,,https://www.visadashboard.top/dashboard/table
VD-3beecf638077f9db891b,fbcebe246ddbb3a8d732,PLAT-VISADASHBOARD,C,2026-09-24,500,granted,1,2025-01-23,2025-01-29,2025-01-29,6,PhD,Postgraduate Research,Other,Outside Australia,no,no,Unknown,100,,https://www.visadashboard.top/dashboard/table
VD-dee1009bf4b795b86721,7ae832c9305c98cfa10e,PLAT-VISADASHBOARD,C,2026-09-24,500,granted,1,2024-11-20,2025-01-29,2025-01-29,70,Unknown,Unknown,Other,Outside Australia,no,unknown,Unknown,92,unknown_education_level,https://www.visadashboard.top/dashboard/table
VD-b3cefd8116141f98c20b,eb09a31edd05009be988,PLAT-VISADASHBOARD,C,2026-09-24,500,granted,1,2025-01-17,2025-01-25,2025-01-25,8,PhD,Postgraduate Research,Education,Outside Australia,no,unknown,Unknown,100,,https://www.visadashboard.top/dashboard/table
VD-16c725ca02b820e0b799,fdac09668c94bffee7a7,PLAT-VISADASHBOARD,C,2026-09-24,500,granted,1,2025-01-15,2025-01-23,2025-01-23,8,PhD,Postgraduate Research,Other,Outside Australia,no,unknown,Unknown,100,,https://www.visadashboard.top/dashboard/table
VD-143a627397b25daf2763,4e91046189ffd00c73fa,PLAT-VISADASHBOARD,C,2026-09-24,500,granted,1,2025-01-13,2025-01-22,2025-01-22,9,PhD,Postgraduate Research,Humanities and Social Sciences,Outside Australia,unknown,unknown,Unknown,100,,https://www.visadashboard.top/dashboard/table
VD-544fed3dcf78e693fe1c,c653beb699469fc41ba8,PLAT-VISADASHBOARD,C,2026-09-24,500,granted,1,2025-01-12,2025-01-22,2025-01-22,10,PhD,Postgraduate Research,Computing and Data,Outside Australia,no,unknown,Group of Eight,100,,https://www.visadashboard.top/dashboard/table
VD-cda40da7fa592f87caf9,a83b875255f48a841a58,PLAT-VISADASHBOARD,C,2026-09-24,500,granted,1,2024-11-22,2025-01-22,2025-01-22,61,Master,Higher Education,Computing and Data,Outside Australia,no,unknown,Unknown,100,,https://www.visadashboard.top/dashboard/table
VD-b570529cefe52a6a5c18,7d2d99d861807b4313f0,PLAT-VISADASHBOARD,C,2026-09-24,500,granted,1,2025-01-09,2025-01-21,2025-01-21,12,PhD,Postgraduate Research,Other,Outside Australia,no,unknown,Unknown,100,,https://www.visadashboard.top/dashboard/table
VD-f943b8f40449373c0023,1cc88d116a602ba18e6b,PLAT-VISADASHBOARD,C,2026-09-24,500,granted,1,2025-01-07,2025-01-19,2025-01-19,12,PhD,Postgraduate Research,Other,Outside Australia,no,no,Other/Unverified,100,,https://www.visadashboard.top/dashboard/table
VD-50a53602a7d5079aceed,1039d0abb3892e9b57be,PLAT-VISADASHBOARD,C,2026-09-24,500,granted,1,2024-12-11,2025-01-19,2025-01-19,39,Master,Higher Education,Computing and Data,Outside Australia,no,unknown,Unknown,100,,https://www.visadashboard.top/dashboard/table
VD-d043665a8c707df7d4c3,71c80dadb42fed7bb9f6,PLAT-VISADASHBOARD,C,2026-09-24,500,granted,1,2025-01-10,2025-01-18,2025-01-18,8,PhD,Postgraduate Research,Other,Outside Australia,no,unknown,Unknown,100,,https://www.visadashboard.top/dashboard/table
VD-a82204d3d2fc67d71602,b550f86fa267aae34311,PLAT-VISADASHBOARD,C,2026-09-24,500,granted,1,2025-01-08,2025-01-18,2025-01-18,10,PhD,Postgraduate Research,Natural Sciences,Outside Australia,no,yes,Other/Unverified,100,,https://www.visadashboard.top/dashboard/table
VD-5abe6f5aeb8fbe5cffec,9862b807962f76a530e7,PLAT-VISADASHBOARD,C,2026-09-24,500,granted,1,2025-01-07,2025-01-18,2025-01-18,11,PhD,Postgraduate Research,Health and Medicine,Outside Australia,unknown,unknown,Other/Unverified,100,,https://www.visadashboard.top/dashboard/table
VD-bdac3f1c357912239458,2188d1dcaf2fa91d817c,PLAT-VISADASHBOARD,C,2026-09-24,500,granted,1,2024-11-13,2025-01-18,2025-01-18,66,PhD,Postgraduate Research,Other,Outside Australia,no,unknown,Other/Unverified,100,,https://www.visadashboard.top/dashboard/table
VD-094b8eb0f4324522fa10,d6ab90f0ef21ea990baf,PLAT-VISADASHBOARD,C,2026-09-24,500,granted,1,2024-11-12,2025-01-18,2025-01-18,67,PhD,Postgraduate Research,Other,Outside Australia,no,unknown,Other/Unverified,100,,https://www.visadashboard.top/dashboard/table
VD-1ce2297d13827e953f3c,a762a548941bd69ae174,PLAT-VISADASHBOARD,C,2026-09-24,500,granted,1,2024-04-25,2025-01-17,2025-01-17,267,PhD,Postgraduate Research,Engineering,Outside Australia,no,unknown,Unknown,100,,https://www.visadashboard.top/dashboard/table
VD-b915d01f733ede098d96,fae12ee265eab69476c2,PLAT-VISADASHBOARD,C,2026-09-24,500,granted,1,2025-01-03,2025-01-16,2025-01-16,13,PhD,Postgraduate Research,Built Environment,Outside Australia,no,unknown,Unknown,100,,https://www.visadashboard.top/dashboard/table
VD-9a460e86b6bfd829c079,af59e972570593fb88bb,PLAT-VISADASHBOARD,C,2026-09-24,500,granted,1,2024-12-11,2025-01-15,2025-01-15,35,Unknown,Unknown,Other,Outside Australia,no,unknown,Group of Eight,92,unknown_education_level,https://www.visadashboard.top/dashboard/table
VD-4ba48fc64074bb56e879,aebc2af1e00ab34e34bd,PLAT-VISADASHBOARD,C,2026-09-24,500,granted,1,2024-07-31,2025-01-15,2025-01-15,168,PhD,Postgraduate Research,Other,Outside Australia,no,unknown,Group of Eight,100,,https://www.visadashboard.top/dashboard/table
VD-86c7a89490bc301606aa,315a3ecfdd9dd584ce0f,PLAT-VISADASHBOARD,C,2026-09-24,500,granted,1,2024-07-17,2025-01-14,2025-01-14,181,PhD,Postgraduate Research,Other,Outside Australia,no,unknown,Unknown,100,,https://www.visadashboard.top/dashboard/table
VD-bfe7688b364db4d33b5e,c4fec1a9c8fdd52d0c24,PLAT-VISADASHBOARD,C,2026-09-24,500,granted,1,2024-07-17,2025-01-14,2025-01-14,181,PhD,Postgraduate Research,Natural Sciences,In Australia,no,unknown,Unknown,100,,https://www.visadashboard.top/dashboard/table
VD-4e3a8ff92b8037dd28cb,58b3202a0016c24f18a2,PLAT-VISADASHBOARD,C,2026-09-24,500,granted,1,2024-05-25,2025-01-14,2025-01-14,234,PhD,Postgraduate Research,Business and Economics,In Australia,no,unknown,Unknown,100,,https://www.visadashboard.top/dashboard/table
VD-65f1ac9ba3bbebd5cb41,9dd332d83f48174bafb4,PLAT-VISADASHBOARD,C,2026-09-24,500,granted,1,2025-01-06,2025-01-13,2025-01-13,7,PhD,Postgraduate Research,Natural Sciences,Outside Australia,no,unknown,Unknown,100,,https://www.visadashboard.top/dashboard/table
VD-2a35c066230af62c2b64,66f628f4911d1622cf2d,PLAT-VISADASHBOARD,C,2026-09-24,500,granted,1,2024-12-24,2025-01-13,2025-01-13,20,PhD,Postgraduate Research,Business and Economics,Outside Australia,no,unknown,Other/Unverified,100,,https://www.visadashboard.top/dashboard/table
VD-f9f3fda951c8f40f47dc,b30a7a65b7e2c8e43322,PLAT-VISADASHBOARD,C,2026-09-24,500,granted,1,2024-12-24,2025-01-13,2025-01-13,20,PhD,Postgraduate Research,Other,Outside Australia,no,unknown,Unknown,100,,https://www.visadashboard.top/dashboard/table
VD-a6852c4edfc17ecbfbea,f07685f052e174558bfa,PLAT-VISADASHBOARD,C,2026-09-24,500,granted,1,2024-12-23,2025-01-13,2025-01-13,21,PhD,Postgraduate Research,Engineering,Outside Australia,no,unknown,Unknown,100,,https://www.visadashboard.top/dashboard/table
VD-d0be2f5592b154990957,37b06d28cff25c008066,PLAT-VISADASHBOARD,C,2026-09-24,500,granted,1,2024-12-22,2025-01-13,2025-01-13,22,PhD,Postgraduate Research,Other,Outside Australia,no,unknown,Unknown,100,,https://www.visadashboard.top/dashboard/table
VD-4117991365a8aeb3928e,1f30e08cce4f14742f28,PLAT-VISADASHBOARD,C,2026-09-24,500,granted,1,2024-12-04,2025-01-10,2025-01-10,37,Master,Higher Education,Computing and Data,Outside Australia,no,unknown,Unknown,100,,https://www.visadashboard.top/dashboard/table
VD-7e3d02f0dd313987907a,66593e15ec36d3410838,PLAT-VISADASHBOARD,C,2026-09-24,500,granted,1,2024-11-05,2025-01-10,2025-01-10,66,Master,Higher Education,Computing and Data,Outside Australia,no,unknown,Unknown,100,,https://www.visadashboard.top/dashboard/table
VD-985048af80e9f2846538,af44a9fdd98e34f09226,PLAT-VISADASHBOARD,C,2026-09-24,500,granted,1,2024-08-22,2025-01-09,2025-01-09,140,Master,Higher Education,Computing and Data,Outside Australia,no,no,Unknown,100,,https://www.visadashboard.top/dashboard/table
VD-1d424210822a229717dd,634d831419ab53f29a7d,PLAT-VISADASHBOARD,C,2026-09-24,500,granted,1,2024-08-01,2025-01-09,2025-01-09,161,PhD,Postgraduate Research,Other,Unknown,no,no,Other/Unverified,95,unknown_submit_location,https://www.visadashboard.top/dashboard/table
VD-846eb3fba1fa19d3061d,6a599d34a914c1a34b03,PLAT-VISADASHBOARD,C,2026-09-24,500,granted,1,2024-12-17,2025-01-07,2025-01-07,21,PhD,Postgraduate Research,Education,Outside Australia,no,yes,Group of Eight,100,,https://www.visadashboard.top/dashboard/table
VD-97f7adf5205db0efa1b8,5c44eaea63d1d0709f20,PLAT-VISADASHBOARD,C,2026-09-24,500,granted,1,2024-12-18,2025-01-06,2025-01-06,19,PhD,Postgraduate Research,Health and Medicine,Outside Australia,no,unknown,Unknown,100,,https://www.visadashboard.top/dashboard/table
VD-675c4ea8486fc88e1f85,7db1bc936a8356bdf2c0,PLAT-VISADASHBOARD,C,2026-09-24,500,granted,1,2024-12-18,2025-01-06,2025-01-06,19,PhD,Postgraduate Research,Business and Economics,Outside Australia,no,unknown,Unknown,100,,https://www.visadashboard.top/dashboard/table
VD-58977f1c9915053984a2,509489086b0b595ac327,PLAT-VISADASHBOARD,C,2026-09-24,500,granted,1,2024-12-18,2025-01-06,2025-01-06,19,PhD,Postgraduate Research,Other,Outside Australia,no,unknown,Other/Unverified,100,,https://www.visadashboard.top/dashboard/table
VD-04ea6d2d91fc846a2979,fb016236eec94e4a8266,PLAT-VISADASHBOARD,C,2026-09-24,500,granted,1,2024-12-17,2025-01-06,2025-01-06,20,PhD,Postgraduate Research,Humanities and Social Sciences,Outside Australia,no,unknown,Unknown,100,,https://www.visadashboard.top/dashboard/table
VD-79223a86c0b41b2675a3,beb243acddee8788e698,PLAT-VISADASHBOARD,C,2026-09-24,500,granted,1,2024-12-17,2025-01-06,2025-01-06,20,Master,Higher Education,Other,Outside Australia,unknown,no,Unknown,100,,https://www.visadashboard.top/dashboard/table
VD-a195898f939aab1bc6e5,dc8bf4c3e26c13d76a28,PLAT-VISADASHBOARD,C,2026-09-24,500,granted,1,2024-08-31,2025-01-06,2025-01-06,128,Master,Higher Education,Computing and Data,In Australia,unknown,unknown,Unknown,100,,https://www.visadashboard.top/dashboard/table
VD-9263fb771c00801a1c8b,8a2fc0be47d037bd46b0,PLAT-VISADASHBOARD,C,2026-09-24,500,granted,1,2024-08-09,2025-01-06,2025-01-06,150,PhD,Postgraduate Research,Natural Sciences,Outside Australia,no,unknown,Other/Unverified,100,,https://www.visadashboard.top/dashboard/table
VD-f0823e367d0c84d2f950,6d9e6d532a52aa00509e,PLAT-VISADASHBOARD,C,2026-09-24,500,granted,1,2024-08-05,2025-01-06,2025-01-06,154,PhD,Postgraduate Research,Other,Outside Australia,no,unknown,Unknown,100,,https://www.visadashboard.top/dashboard/table
VD-023243ad97a31cebbc71,b5a6be51f58e4e0498d5,PLAT-VISADASHBOARD,C,2026-09-24,500,granted,1,2024-06-24,2025-01-06,2025-01-06,196,PhD,Postgraduate Research,Health and Medicine,Outside Australia,no,unknown,Other/Unverified,100,,https://www.visadashboard.top/dashboard/table
VD-91d99fdd0860dbe5e15d,7f7443549cd8f9f95254,PLAT-VISADASHBOARD,C,2026-09-24,500,granted,1,2024-12-09,2025-01-03,2025-01-03,25,PhD,Postgraduate Research,Education,In Australia,no,unknown,Group of Eight,100,,https://www.visadashboard.top/dashboard/table
VD-b36f64cddf728165dba5,00a88bfce8c4ae9694cb,PLAT-VISADASHBOARD,C,2026-09-24,500,granted,1,2024-09-23,2025-01-02,2025-01-02,101,PhD,Postgraduate Research,Other,Outside Australia,no,unknown,Unknown,100,,https://www.visadashboard.top/dashboard/table
VD-cebef33baaf69636d8d2,e11968d21c2518cfa153,PLAT-VISADASHBOARD,C,2026-09-24,500,granted,1,2024-09-22,2025-01-02,2025-01-02,102,PhD,Postgraduate Research,Health and Medicine,Outside Australia,no,unknown,Unknown,100,,https://www.visadashboard.top/dashboard/table
VD-97b658b3f4f7be9d61a5,4224c0bece8df5fde5f6,PLAT-VISADASHBOARD,C,2026-09-24,500,granted,1,2024-12-25,2024-12-31,2024-12-31,6,PhD,Postgraduate Research,Natural Sciences,Outside Australia,no,unknown,Other/Unverified,100,,https://www.visadashboard.top/dashboard/table
VD-0506fe995d9c34faff39,086ef1b571c357328f70,PLAT-VISADASHBOARD,C,2026-09-24,500,granted,1,2024-11-27,2024-12-31,2024-12-31,34,Master,Higher Education,Computing and Data,Outside Australia,no,unknown,Unknown,100,,https://www.visadashboard.top/dashboard/table
VD-c559fc7815d8d9336a1a,d5f92cd49342908f956c,PLAT-VISADASHBOARD,C,2026-09-24,500,granted,1,2024-07-08,2024-12-31,2024-12-31,176,Unknown,Unknown,Other,Outside Australia,no,unknown,Other/Unverified,92,unknown_education_level,https://www.visadashboard.top/dashboard/table
VD-9903849de416b8bf2c79,6178e7a3b9fbd7966374,PLAT-VISADASHBOARD,C,2026-09-24,500,granted,1,2024-07-08,2024-12-31,2024-12-31,176,PhD,Postgraduate Research,Other,Outside Australia,no,unknown,Unknown,100,,https://www.visadashboard.top/dashboard/table
VD-6898f8969d22fade59ee,6178e7a3b9fbd7966374,PLAT-VISADASHBOARD,C,2026-09-24,500,granted,1,2024-07-08,2024-12-31,2024-12-31,176,PhD,Postgraduate Research,Other,Outside Australia,no,unknown,Unknown,100,,https://www.visadashboard.top/dashboard/table
VD-1ff939fa6eeff896d28b,4f83f2a3dbf5741d352d,PLAT-VISADASHBOARD,C,2026-09-24,500,granted,1,2024-07-06,2024-12-31,2024-12-31,178,PhD,Postgraduate Research,Other,Outside Australia,no,unknown,Other/Unverified,100,,https://www.visadashboard.top/dashboard/table
VD-e773c57f3adead2e9d9d,06bd6b54d1a5cb185381,PLAT-VISADASHBOARD,C,2026-09-24,500,granted,1,2024-07-06,2024-12-31,2024-12-31,178,PhD,Postgraduate Research,Engineering,Outside Australia,no,yes,Group of Eight,100,,https://www.visadashboard.top/dashboard/table
VD-323b27b9a59bc76a78c2,8bb12232b38d551f990e,PLAT-VISADASHBOARD,C,2026-09-24,500,granted,1,2024-11-22,2024-12-30,2024-12-30,38,Master,Higher Education,Computing and Data,Outside Australia,no,unknown,Unknown,100,,https://www.visadashboard.top/dashboard/table
VD-d568f3cf72eab6f5f2f6,8bb12232b38d551f990e,PLAT-VISADASHBOARD,C,2026-09-24,500,granted,1,2024-11-22,2024-12-30,2024-12-30,38,Master,Higher Education,Computing and Data,Outside Australia,no,unknown,Group of Eight,100,,https://www.visadashboard.top/dashboard/table
VD-f2ee0940eb3fb640945c,ebe992c90be398b0bf39,PLAT-VISADASHBOARD,C,2026-09-24,500,granted,1,2024-11-11,2024-12-30,2024-12-30,49,Master,Higher Education,Computing and Data,Outside Australia,no,unknown,Unknown,100,,https://www.visadashboard.top/dashboard/table
VD-a9aedba5a1990339e7cf,c4e4fd33eec609ff5ea8,PLAT-VISADASHBOARD,C,2026-09-24,500,granted,1,2024-09-11,2024-12-30,2024-12-30,110,PhD,Postgraduate Research,Health and Medicine,Outside Australia,no,unknown,Unknown,100,,https://www.visadashboard.top/dashboard/table
VD-120953365e9c8cee60ac,d0a4ce51e008fb7d30c0,PLAT-VISADASHBOARD,C,2026-09-24,500,granted,1,2024-07-06,2024-12-30,2024-12-30,177,PhD,Postgraduate Research,Other,Outside Australia,no,unknown,Unknown,100,,https://www.visadashboard.top/dashboard/table
VD-9b0de0538a21963f2502,20236ab2abaabd9f2a53,PLAT-VISADASHBOARD,C,2026-09-24,500,granted,1,2024-11-22,2024-12-24,2024-12-24,32,Master,Higher Education,Other,Outside Australia,no,unknown,Group of Eight,100,,https://www.visadashboard.top/dashboard/table
VD-6c4759ad1c0eac1d4d0d,97b835c63b2e47fe0466,PLAT-VISADASHBOARD,C,2026-09-24,500,granted,1,2024-10-23,2024-12-24,2024-12-24,62,PhD,Postgraduate Research,Computing and Data,Outside Australia,no,unknown,Unknown,100,,https://www.visadashboard.top/dashboard/table
VD-9f159464e9d18b3fcbdd,b003f561a70d0fe3c982,PLAT-VISADASHBOARD,C,2026-09-24,500,granted,1,2024-10-22,2024-12-24,2024-12-24,63,PhD,Postgraduate Research,Other,Outside Australia,no,unknown,Unknown,100,,https://www.visadashboard.top/dashboard/table
VD-355ccd369bdf26eb2b1e,e9410dfc1bb4447bb76d,PLAT-VISADASHBOARD,C,2026-09-24,500,granted,1,2024-09-23,2024-12-24,2024-12-24,92,PhD,Postgraduate Research,Other,Outside Australia,no,unknown,Unknown,100,,https://www.visadashboard.top/dashboard/table
VD-53cadc62393c965155d2,1d53876b4ce49daa25c2,PLAT-VISADASHBOARD,C,2026-09-24,500,granted,1,2024-11-15,2024-12-23,2024-12-23,38,Master,Higher Education,Computing and Data,Outside Australia,no,unknown,Unknown,100,,https://www.visadashboard.top/dashboard/table
VD-d270f0bd9f9a0630c66a,29cd40f4bec1701b49ab,PLAT-VISADASHBOARD,C,2026-09-24,500,granted,1,2024-11-12,2024-12-23,2024-12-23,41,Unknown,Unknown,Other,Outside Australia,no,yes,Unknown,92,unknown_education_level,https://www.visadashboard.top/dashboard/table
VD-90941a8aaf86251b4468,e60a545b2060dcc886f9,PLAT-VISADASHBOARD,C,2026-09-24,500,granted,1,2024-08-11,2024-12-23,2024-12-23,134,PhD,Postgraduate Research,Engineering,Outside Australia,no,unknown,Unknown,100,,https://www.visadashboard.top/dashboard/table
VD-2fc5ccb051766cfaac4c,7cc6d4deb39caa64d9d9,PLAT-VISADASHBOARD,C,2026-09-24,500,granted,1,2024-11-29,2024-12-22,2024-12-22,23,Unknown,Unknown,Other,Outside Australia,no,unknown,Other/Unverified,92,unknown_education_level,https://www.visadashboard.top/dashboard/table
VD-d9ebebc84b52acde4a02,9eaa227245efaf0ce7ff,PLAT-VISADASHBOARD,C,2026-09-24,500,granted,1,2024-11-16,2024-12-20,2024-12-20,34,PhD,Postgraduate Research,Other,Outside Australia,no,unknown,Unknown,100,,https://www.visadashboard.top/dashboard/table
VD-7a8ea04354aaf5ac813c,e0a0769d83d511a1b68f,PLAT-VISADASHBOARD,C,2026-09-24,500,granted,1,2024-08-15,2024-12-20,2024-12-20,127,Master,Higher Education,Other,In Australia,unknown,unknown,Unknown,100,,https://www.visadashboard.top/dashboard/table
VD-8706fe6ce764b6174356,ff3fd0600a4cd8b3238b,PLAT-VISADASHBOARD,C,2026-09-24,500,granted,1,2024-12-12,2024-12-19,2024-12-19,7,PhD,Postgraduate Research,Education,Outside Australia,no,unknown,Other/Unverified,100,,https://www.visadashboard.top/dashboard/table
VD-7833c328da42561a9461,6981df54cbfc1e1fc2d5,PLAT-VISADASHBOARD,C,2026-09-24,500,granted,1,2024-08-31,2024-12-19,2024-12-19,110,PhD,Postgraduate Research,Other,Outside Australia,no,unknown,Other/Unverified,100,,https://www.visadashboard.top/dashboard/table
VD-2658a0e5d4c31ed081e2,2e633aee2d25cb5b1c77,PLAT-VISADASHBOARD,C,2026-09-24,500,granted,1,2024-12-13,2024-12-18,2024-12-18,5,PhD,Postgraduate Research,Other,Outside Australia,no,no,Group of Eight,100,,https://www.visadashboard.top/dashboard/table
VD-4d1f80a0a431a95d9dc0,d660ddcca442cad080ae,PLAT-VISADASHBOARD,C,2026-09-24,500,granted,1,2024-12-12,2024-12-18,2024-12-18,6,PhD,Postgraduate Research,Health and Medicine,Outside Australia,no,unknown,Group of Eight,100,,https://www.visadashboard.top/dashboard/table
VD-6e47bdfef5f79eaf416a,bd5e083daba82aee8cf0,PLAT-VISADASHBOARD,C,2026-09-24,500,granted,1,2024-10-14,2024-12-18,2024-12-18,65,PhD,Postgraduate Research,Other,Outside Australia,unknown,yes,Group of Eight,100,,https://www.visadashboard.top/dashboard/table
VD-952dd7d72d7885f8e788,4e748ff74a3a9789787f,PLAT-VISADASHBOARD,C,2026-09-24,500,granted,1,2024-10-14,2024-12-18,2024-12-18,65,PhD,Postgraduate Research,Health and Medicine,Outside Australia,no,unknown,Group of Eight,100,,https://www.visadashboard.top/dashboard/table
VD-caecbc0287738e624536,4e748ff74a3a9789787f,PLAT-VISADASHBOARD,C,2026-09-24,500,granted,1,2024-10-14,2024-12-18,2024-12-18,65,PhD,Postgraduate Research,Health and Medicine,Outside Australia,no,unknown,Group of Eight,100,,https://www.visadashboard.top/dashboard/table
VD-76ff3b197de984bee4b7,b482665803ea6ddcfde6,PLAT-VISADASHBOARD,C,2026-09-24,500,granted,1,2024-09-08,2024-12-18,2024-12-18,101,PhD,Postgraduate Research,Other,In Australia,no,yes,Other/Unverified,100,,https://www.visadashboard.top/dashboard/table
VD-2899eac68f9d2b69f0e4,ee73b1e7140921d3c75c,PLAT-VISADASHBOARD,C,2026-09-24,500,granted,1,2024-09-03,2024-12-18,2024-12-18,106,PhD,Postgraduate Research,Education,Outside Australia,unknown,no,Group of Eight,100,,https://www.visadashboard.top/dashboard/table
VD-b26c06e2f93ca41a1b5e,817cbb73c7b1437b61bb,PLAT-VISADASHBOARD,C,2026-09-24,500,granted,1,2024-06-17,2024-12-18,2024-12-18,184,Master,Higher Education,Computing and Data,In Australia,no,unknown,Unknown,100,,https://www.visadashboard.top/dashboard/table
VD-a657125ea086ac41efb5,059bd8cafcfc70895ea5,PLAT-VISADASHBOARD,C,2026-09-24,500,granted,1,2024-12-11,2024-12-17,2024-12-17,6,PhD,Postgraduate Research,Other,Outside Australia,no,unknown,Unknown,100,,https://www.visadashboard.top/dashboard/table
VD-738309246f3af6eedc6f,035317060df69dfddd70,PLAT-VISADASHBOARD,C,2026-09-24,500,granted,1,2024-07-10,2024-12-17,2024-12-17,160,Unknown,Unknown,Other,Outside Australia,no,unknown,Unknown,92,unknown_education_level,https://www.visadashboard.top/dashboard/table
VD-46b58830f6ccbad46f76,64ebe6bf335ad1153ca6,PLAT-VISADASHBOARD,C,2026-09-24,500,granted,1,2024-07-07,2024-12-17,2024-12-17,163,PhD,Postgraduate Research,Other,Outside Australia,no,unknown,Unknown,100,,https://www.visadashboard.top/dashboard/table
VD-89452cdd1f9f14b979c0,d326b75427ee69816ec8,PLAT-VISADASHBOARD,C,2026-09-24,500,granted,1,2024-12-10,2024-12-16,2024-12-16,6,PhD,Postgraduate Research,Health and Medicine,Outside Australia,no,unknown,Other/Unverified,100,,https://www.visadashboard.top/dashboard/table
VD-1caff0ec750c9b1dd89a,52c46ab7fb4f54dde552,PLAT-VISADASHBOARD,C,2026-09-24,500,granted,1,2024-10-11,2024-12-16,2024-12-16,66,PhD,Postgraduate Research,Other,Outside Australia,no,unknown,Unknown,100,,https://www.visadashboard.top/dashboard/table
VD-7116f69949315f21a23a,e916d42d12fbc4fa46b8,PLAT-VISADASHBOARD,C,2026-09-24,500,granted,1,2024-10-10,2024-12-16,2024-12-16,67,PhD,Postgraduate Research,Other,Outside Australia,no,yes,Group of Eight,100,,https://www.visadashboard.top/dashboard/table
VD-424f6158bbb9306a7156,215b573e53d94af2981e,PLAT-VISADASHBOARD,C,2026-09-24,500,granted,1,2024-09-01,2024-12-16,2024-12-16,106,PhD,Postgraduate Research,Natural Sciences,Outside Australia,no,unknown,Unknown,100,,https://www.visadashboard.top/dashboard/table
VD-e3dd10b5d2370b009df9,200e9109cfb74bdfca93,PLAT-VISADASHBOARD,C,2026-09-24,500,granted,1,2024-08-31,2024-12-16,2024-12-16,107,PhD,Postgraduate Research,Other,Outside Australia,no,unknown,Other/Unverified,100,,https://www.visadashboard.top/dashboard/table
VD-aebab48acf6614eb0ae4,ba9f458e3718a6176dfc,PLAT-VISADASHBOARD,C,2026-09-24,500,granted,1,2024-08-30,2024-12-16,2024-12-16,108,PhD,Postgraduate Research,Other,Outside Australia,no,unknown,Unknown,100,,https://www.visadashboard.top/dashboard/table
VD-55b25bb584c139a4c8fc,f2abd995034ff0eabedb,PLAT-VISADASHBOARD,C,2026-09-24,500,granted,1,2024-08-30,2024-12-16,2024-12-16,108,PhD,Postgraduate Research,Engineering,Outside Australia,no,unknown,Other/Unverified,100,,https://www.visadashboard.top/dashboard/table
VD-1fc4b73b46015e6aca76,2dcf91cf6f53d9ec156b,PLAT-VISADASHBOARD,C,2026-09-24,500,granted,1,2024-08-25,2024-12-16,2024-12-16,113,Unknown,Unknown,Other,Outside Australia,no,yes,Group of Eight,92,unknown_education_level,https://www.visadashboard.top/dashboard/table
VD-7cb533d0297ba2a084c7,992129b0fc7a6ab00d7f,PLAT-VISADASHBOARD,C,2026-09-24,500,granted,1,2024-08-23,2024-12-16,2024-12-16,115,PhD,Postgraduate Research,Natural Sciences,Outside Australia,no,no,Group of Eight,100,,https://www.visadashboard.top/dashboard/table
VD-5abaa02c869cedbcdd41,ebd3cc984ea0fca42f8e,PLAT-VISADASHBOARD,C,2026-09-24,500,granted,1,2024-08-22,2024-12-16,2024-12-16,116,PhD,Postgraduate Research,Health and Medicine,Outside Australia,no,unknown,Unknown,100,,https://www.visadashboard.top/dashboard/table
VD-74336123429d3bf54e89,0f893d484ea8fefc51b9,PLAT-VISADASHBOARD,C,2026-09-24,500,granted,1,2024-08-19,2024-12-16,2024-12-16,119,PhD,Postgraduate Research,Other,Outside Australia,no,unknown,Other/Unverified,100,,https://www.visadashboard.top/dashboard/table
VD-a016b914782652ac3e74,0f893d484ea8fefc51b9,PLAT-VISADASHBOARD,C,2026-09-24,500,granted,1,2024-08-19,2024-12-16,2024-12-16,119,PhD,Postgraduate Research,Other,Outside Australia,no,unknown,Other/Unverified,100,,https://www.visadashboard.top/dashboard/table
VD-676570450a53b91d2949,0f893d484ea8fefc51b9,PLAT-VISADASHBOARD,C,2026-09-24,500,granted,1,2024-08-19,2024-12-16,2024-12-16,119,PhD,Postgraduate Research,Other,Outside Australia,no,unknown,Unknown,100,,https://www.visadashboard.top/dashboard/table
VD-9911c170d73f8289698c,55096c1634fe69505f19,PLAT-VISADASHBOARD,C,2026-09-24,500,granted,1,2024-08-13,2024-12-16,2024-12-16,125,PhD,Postgraduate Research,Other,Outside Australia,no,unknown,Unknown,100,,https://www.visadashboard.top/dashboard/table
VD-4055886d4ba8774b691f,6778653779665ffd6b00,PLAT-VISADASHBOARD,C,2026-09-24,500,granted,1,2024-08-10,2024-12-16,2024-12-16,128,PhD,Postgraduate Research,Other,Outside Australia,no,unknown,Other/Unverified,100,,https://www.visadashboard.top/dashboard/table
VD-7abe5715fd9b318e28b5,6778653779665ffd6b00,PLAT-VISADASHBOARD,C,2026-09-24,500,granted,1,2024-08-10,2024-12-16,2024-12-16,128,PhD,Postgraduate Research,Other,Outside Australia,no,unknown,Other/Unverified,100,,https://www.visadashboard.top/dashboard/table
VD-f05bb92e01952f2ceaca,abeee257e6813869dae9,PLAT-VISADASHBOARD,C,2026-09-24,500,granted,1,2024-07-04,2024-12-16,2024-12-16,165,PhD,Postgraduate Research,Other,Outside Australia,no,unknown,Unknown,100,,https://www.visadashboard.top/dashboard/table
VD-d0946d5dad80fbbb1e48,054b0599dc397d711cb6,PLAT-VISADASHBOARD,C,2026-09-24,500,granted,1,2024-08-30,2024-12-15,2024-12-15,107,PhD,Postgraduate Research,Other,Outside Australia,no,unknown,Unknown,100,,https://www.visadashboard.top/dashboard/table
VD-f0619e2395cce6c23372,8c2534cd113247330faa,PLAT-VISADASHBOARD,C,2026-09-24,500,granted,1,2024-08-29,2024-12-15,2024-12-15,108,PhD,Postgraduate Research,Other,Outside Australia,no,unknown,Other/Unverified,100,,https://www.visadashboard.top/dashboard/table
VD-f547331b8ddcdb017817,66bd7edeb86ce5f567a8,PLAT-VISADASHBOARD,C,2026-09-24,500,granted,1,2024-08-25,2024-12-15,2024-12-15,112,PhD,Postgraduate Research,Other,Outside Australia,no,unknown,Unknown,100,,https://www.visadashboard.top/dashboard/table
VD-24a3b83dd7a1e61fa7b0,8a7c8cf42fd019d1b363,PLAT-VISADASHBOARD,C,2026-09-24,500,granted,1,2024-08-17,2024-12-15,2024-12-15,120,PhD,Postgraduate Research,Other,Outside Australia,no,unknown,Other/Unverified,100,,https://www.visadashboard.top/dashboard/table
VD-31bd33b0f0825d93f4ec,76f136cb85e98c1517f3,PLAT-VISADASHBOARD,C,2026-09-24,500,granted,1,2024-10-30,2024-12-13,2024-12-13,44,Master,Higher Education,Computing and Data,Outside Australia,no,unknown,Unknown,100,,https://www.visadashboard.top/dashboard/table
VD-c0060d8073a94dc78750,811d4ac3d9aec9e5d807,PLAT-VISADASHBOARD,C,2026-09-24,500,granted,1,2024-08-05,2024-12-13,2024-12-13,130,PhD,Postgraduate Research,Other,Outside Australia,no,unknown,Other/Unverified,100,,https://www.visadashboard.top/dashboard/table
VD-51aaac289b89fc1aa18b,64943d9e0332402384d4,PLAT-VISADASHBOARD,C,2026-09-24,500,granted,1,2024-08-05,2024-12-13,2024-12-13,130,PhD,Postgraduate Research,Engineering,Outside Australia,no,unknown,Unknown,100,,https://www.visadashboard.top/dashboard/table
VD-fd2d588b2c158488b688,a12b83fe660c6740a407,PLAT-VISADASHBOARD,C,2026-09-24,500,granted,1,2024-10-09,2024-12-11,2024-12-11,63,PhD,Postgraduate Research,Other,Outside Australia,no,unknown,Other/Unverified,100,,https://www.visadashboard.top/dashboard/table
VD-febb172d98fd948ccc54,80150901d156dd9a5d59,PLAT-VISADASHBOARD,C,2026-09-24,500,granted,1,2024-09-01,2024-12-11,2024-12-11,101,PhD,Postgraduate Research,Other,Outside Australia,no,unknown,Unknown,100,,https://www.visadashboard.top/dashboard/table
VD-acaa4bd56d594b1505bf,c4f3c3b156e4a6694e2d,PLAT-VISADASHBOARD,C,2026-09-24,500,granted,1,2024-08-16,2024-12-11,2024-12-11,117,PhD,Postgraduate Research,Other,In Australia,no,unknown,Other/Unverified,100,,https://www.visadashboard.top/dashboard/table
VD-35baaa4fdaf34b4173b8,ca99693408801e8ada11,PLAT-VISADASHBOARD,C,2026-09-24,500,granted,1,2024-07-29,2024-12-11,2024-12-11,135,PhD,Postgraduate Research,Engineering,Outside Australia,no,unknown,Unknown,100,,https://www.visadashboard.top/dashboard/table
VD-8c0c5ddc6861feec039e,d4a315dec3e533b4c9c7,PLAT-VISADASHBOARD,C,2026-09-24,500,granted,1,2024-07-26,2024-12-11,2024-12-11,138,PhD,Postgraduate Research,Other,Outside Australia,no,unknown,Other/Unverified,100,,https://www.visadashboard.top/dashboard/table
VD-4f610dce008d45cbe3f8,605e08d99ffe13ba8db4,PLAT-VISADASHBOARD,C,2026-09-24,500,granted,1,2024-07-26,2024-12-11,2024-12-11,138,Unknown,Unknown,Other,Outside Australia,no,unknown,Unknown,92,unknown_education_level,https://www.visadashboard.top/dashboard/table
VD-a204a5ca76e3bf8e2339,90c3dab1fec10a49d30b,PLAT-VISADASHBOARD,C,2026-09-24,500,granted,1,2024-07-25,2024-12-11,2024-12-11,139,PhD,Postgraduate Research,Other,Outside Australia,no,yes,Unknown,100,,https://www.visadashboard.top/dashboard/table
VD-24dcb02a45e1aef2e8bc,8af9fd7e7004e141d8b0,PLAT-VISADASHBOARD,C,2026-09-24,500,granted,1,2024-07-24,2024-12-11,2024-12-11,140,PhD,Postgraduate Research,Other,Outside Australia,no,unknown,Unknown,100,,https://www.visadashboard.top/dashboard/table
VD-c1039c78c587bb50560a,9cc4078d5ef1e49bb923,PLAT-VISADASHBOARD,C,2026-09-24,500,granted,1,2024-07-24,2024-12-11,2024-12-11,140,PhD,Postgraduate Research,Health and Medicine,Outside Australia,no,unknown,Unknown,100,,https://www.visadashboard.top/dashboard/table
VD-23e428229837d158a3e9,c20d3eaed2d41dac7e56,PLAT-VISADASHBOARD,C,2026-09-24,500,granted,1,2024-07-23,2024-12-11,2024-12-11,141,PhD,Postgraduate Research,Other,Outside Australia,no,unknown,Unknown,100,,https://www.visadashboard.top/dashboard/table
VD-be96c6251a27acd24473,6bfdcf3ff4a618ab5cd6,PLAT-VISADASHBOARD,C,2026-09-24,500,granted,1,2024-07-21,2024-12-11,2024-12-11,143,PhD,Postgraduate Research,Health and Medicine,Outside Australia,no,unknown,Other/Unverified,100,,https://www.visadashboard.top/dashboard/table
VD-7d412fddda5ff17745f5,e637ea2da9e7d61c2374,PLAT-VISADASHBOARD,C,2026-09-24,500,granted,1,2024-07-20,2024-12-11,2024-12-11,144,PhD,Postgraduate Research,Other,Outside Australia,no,unknown,Unknown,100,,https://www.visadashboard.top/dashboard/table
VD-7159f4b2d389934aba44,413f60290af16064160f,PLAT-VISADASHBOARD,C,2026-09-24,500,granted,1,2024-07-20,2024-12-11,2024-12-11,144,PhD,Postgraduate Research,Engineering,Outside Australia,no,yes,Unknown,100,,https://www.visadashboard.top/dashboard/table
VD-1f575a969fba12aed29e,4b31bb053397e1c38275,PLAT-VISADASHBOARD,C,2026-09-24,500,granted,1,2024-07-19,2024-12-11,2024-12-11,145,PhD,Postgraduate Research,Business and Economics,Outside Australia,no,unknown,Other/Unverified,100,,https://www.visadashboard.top/dashboard/table
VD-0976c770b2e16249e4f4,853d75ccd5b09c3f04fa,PLAT-VISADASHBOARD,C,2026-09-24,500,granted,1,2024-08-15,2024-12-10,2024-12-10,117,Master,Higher Education,Computing and Data,Outside Australia,no,unknown,Unknown,100,,https://www.visadashboard.top/dashboard/table
VD-82e8fd33b85bfb69c650,087318327f0447823a48,PLAT-VISADASHBOARD,C,2026-09-24,500,granted,1,2024-07-26,2024-12-10,2024-12-10,137,PhD,Postgraduate Research,Business and Economics,Outside Australia,no,unknown,Unknown,100,,https://www.visadashboard.top/dashboard/table
VD-bf4813fbb880bfc60ebc,2147e7eeb001611f45f9,PLAT-VISADASHBOARD,C,2026-09-24,500,granted,1,2024-07-20,2024-12-10,2024-12-10,143,PhD,Postgraduate Research,Other,Outside Australia,no,unknown,Unknown,100,,https://www.visadashboard.top/dashboard/table
VD-7084260b74b3c99c8b4e,14f5630e8d0ab96a70b0,PLAT-VISADASHBOARD,C,2026-09-24,500,granted,1,2024-06-28,2024-12-10,2024-12-10,165,Master,Higher Education,Computing and Data,Outside Australia,no,unknown,Other/Unverified,100,,https://www.visadashboard.top/dashboard/table
VD-8099cff559c2e9675f28,4bba1e74945e841239cc,PLAT-VISADASHBOARD,C,2026-09-24,500,granted,1,2024-12-06,2024-12-06,2024-12-06,0,PhD,Postgraduate Research,Other,Outside Australia,no,unknown,Unknown,100,,https://www.visadashboard.top/dashboard/table
VD-df98e75d4c79559be7fa,b6de8ac822465b46ec8d,PLAT-VISADASHBOARD,C,2026-09-24,500,granted,1,2024-10-22,2024-12-06,2024-12-06,45,PhD,Postgraduate Research,Engineering,Outside Australia,no,unknown,Group of Eight,100,,https://www.visadashboard.top/dashboard/table
VD-9d987a69a6736cecd0cf,5012dfd2430eab2dec28,PLAT-VISADASHBOARD,C,2026-09-24,500,granted,1,2024-07-05,2024-12-05,2024-12-05,153,PhD,Postgraduate Research,Natural Sciences,Outside Australia,no,unknown,Unknown,100,,https://www.visadashboard.top/dashboard/table
VD-0e8502865f24476fdb1e,9f683043457253ca992b,PLAT-VISADASHBOARD,C,2026-09-24,500,granted,1,2024-09-27,2024-12-04,2024-12-04,68,PhD,Postgraduate Research,Other,Outside Australia,no,unknown,Unknown,100,,https://www.visadashboard.top/dashboard/table
VD-f2f5a67d054aeb4dc488,c431688666661e10a6b4,PLAT-VISADASHBOARD,C,2026-09-24,500,granted,1,2024-08-07,2024-12-04,2024-12-04,119,PhD,Postgraduate Research,Other,In Australia,no,unknown,Unknown,100,,https://www.visadashboard.top/dashboard/table
VD-a02909d3c53b6b9740a6,815c1858c136f9af7030,PLAT-VISADASHBOARD,C,2026-09-24,500,granted,1,2024-07-16,2024-12-04,2024-12-04,141,PhD,Postgraduate Research,Health and Medicine,Outside Australia,no,unknown,Other/Unverified,100,,https://www.visadashboard.top/dashboard/table
VD-3081115640de75e7b0e3,dffb6786938ff754cf75,PLAT-VISADASHBOARD,C,2026-09-24,500,granted,1,2024-07-16,2024-12-04,2024-12-04,141,PhD,Postgraduate Research,Other,Outside Australia,no,unknown,Unknown,100,,https://www.visadashboard.top/dashboard/table
VD-bd7962b8e509ddfdfc24,de4143a03d4338c3b8df,PLAT-VISADASHBOARD,C,2026-09-24,500,granted,1,2024-11-27,2024-12-02,2024-12-02,5,PhD,Postgraduate Research,Computing and Data,Outside Australia,no,unknown,Unknown,100,,https://www.visadashboard.top/dashboard/table
VD-c84a539c3fce030d1a07,ab67c6a0e81491c19bc7,PLAT-VISADASHBOARD,C,2026-09-24,500,granted,1,2024-09-03,2024-12-02,2024-12-02,90,PhD,Postgraduate Research,Other,Outside Australia,no,unknown,Unknown,100,,https://www.visadashboard.top/dashboard/table
VD-602ddf2333001c24f8c7,3db11c2206bc73807d47,PLAT-VISADASHBOARD,C,2026-09-24,500,granted,1,2024-07-21,2024-12-02,2024-12-02,134,PhD,Postgraduate Research,Other,Outside Australia,no,unknown,Other/Unverified,100,,https://www.visadashboard.top/dashboard/table
VD-9c57db6e8f41f9d652f5,cb84271fc46f6ddc7a2b,PLAT-VISADASHBOARD,C,2026-09-24,500,granted,1,2024-09-19,2024-12-01,2024-12-01,73,PhD,Postgraduate Research,Other,Outside Australia,no,unknown,Unknown,100,,https://www.visadashboard.top/dashboard/table
VD-18230026e97d6dda51c9,bfe0d97a6d9183f0a1e4,PLAT-VISADASHBOARD,C,2026-09-24,500,granted,1,2024-08-16,2024-12-01,2024-12-01,107,PhD,Postgraduate Research,Engineering,Outside Australia,no,unknown,Unknown,100,,https://www.visadashboard.top/dashboard/table
VD-9708acf0d38f97612f9f,2cd9100ed0eba6908ef4,PLAT-VISADASHBOARD,C,2026-09-24,500,granted,1,2024-07-14,2024-12-01,2024-12-01,140,PhD,Postgraduate Research,Other,Outside Australia,no,unknown,Other/Unverified,100,,https://www.visadashboard.top/dashboard/table
VD-cbe963d33ee1503e924f,07d103c15c694d1da878,PLAT-VISADASHBOARD,C,2026-09-24,500,granted,1,2024-07-14,2024-12-01,2024-12-01,140,PhD,Postgraduate Research,Engineering,Outside Australia,no,unknown,Unknown,100,,https://www.visadashboard.top/dashboard/table
VD-c0e0d653f69d199d4e2c,5630e5780b03c59c27fe,PLAT-VISADASHBOARD,C,2026-09-24,500,granted,1,2024-07-13,2024-12-01,2024-12-01,141,PhD,Postgraduate Research,Engineering,Outside Australia,no,unknown,Other/Unverified,100,,https://www.visadashboard.top/dashboard/table
VD-225eb83b7f16f5a486c3,4f567121de6ea2c5001c,PLAT-VISADASHBOARD,C,2026-09-24,500,granted,1,2024-07-13,2024-12-01,2024-12-01,141,PhD,Postgraduate Research,Other,Outside Australia,no,unknown,Unknown,100,,https://www.visadashboard.top/dashboard/table
VD-efe910677d76590fabf5,4f567121de6ea2c5001c,PLAT-VISADASHBOARD,C,2026-09-24,500,granted,1,2024-07-13,2024-12-01,2024-12-01,141,PhD,Postgraduate Research,Other,Outside Australia,no,unknown,Unknown,100,,https://www.visadashboard.top/dashboard/table
VD-57ce4d679fa32a47d20f,4f567121de6ea2c5001c,PLAT-VISADASHBOARD,C,2026-09-24,500,granted,1,2024-07-13,2024-12-01,2024-12-01,141,PhD,Postgraduate Research,Other,Outside Australia,no,unknown,Other/Unverified,100,,https://www.visadashboard.top/dashboard/table
VD-2472fc9d96e174b51e7b,4f567121de6ea2c5001c,PLAT-VISADASHBOARD,C,2026-09-24,500,granted,1,2024-07-13,2024-12-01,2024-12-01,141,PhD,Postgraduate Research,Other,Outside Australia,no,unknown,Other/Unverified,100,,https://www.visadashboard.top/dashboard/table
VD-635b9d4dbf136f5e7618,4f567121de6ea2c5001c,PLAT-VISADASHBOARD,C,2026-09-24,500,granted,1,2024-07-13,2024-12-01,2024-12-01,141,PhD,Postgraduate Research,Other,Outside Australia,no,unknown,Other/Unverified,100,,https://www.visadashboard.top/dashboard/table
VD-7d8140ed3ad087679894,00eb4726d2df1b3e6141,PLAT-VISADASHBOARD,C,2026-09-24,500,granted,1,2024-07-12,2024-12-01,2024-12-01,142,PhD,Postgraduate Research,Other,Outside Australia,no,unknown,Unknown,100,,https://www.visadashboard.top/dashboard/table
VD-a6e77bd416d1bb30006d,f9b99a3b49a90091e4cc,PLAT-VISADASHBOARD,C,2026-09-24,500,granted,1,2024-07-12,2024-12-01,2024-12-01,142,PhD,Postgraduate Research,Computing and Data,Outside Australia,no,unknown,Unknown,100,,https://www.visadashboard.top/dashboard/table
VD-3e47a83b484759d8f891,00eb4726d2df1b3e6141,PLAT-VISADASHBOARD,C,2026-09-24,500,granted,1,2024-07-12,2024-12-01,2024-12-01,142,PhD,Postgraduate Research,Other,Outside Australia,no,unknown,Unknown,100,,https://www.visadashboard.top/dashboard/table
VD-13e2d9a70286048e35fc,00eb4726d2df1b3e6141,PLAT-VISADASHBOARD,C,2026-09-24,500,granted,1,2024-07-12,2024-12-01,2024-12-01,142,PhD,Postgraduate Research,Other,Outside Australia,no,unknown,Unknown,100,,https://www.visadashboard.top/dashboard/table
VD-e750a550df1657a90c0e,00eb4726d2df1b3e6141,PLAT-VISADASHBOARD,C,2026-09-24,500,granted,1,2024-07-12,2024-12-01,2024-12-01,142,PhD,Postgraduate Research,Other,Outside Australia,no,unknown,Other/Unverified,100,,https://www.visadashboard.top/dashboard/table
VD-e398e0afa5023f43aba8,fbde0ff5cce0f9934b1c,PLAT-VISADASHBOARD,C,2026-09-24,500,granted,1,2024-07-11,2024-12-01,2024-12-01,143,PhD,Postgraduate Research,Other,Outside Australia,no,unknown,Unknown,100,,https://www.visadashboard.top/dashboard/table
VD-4e384fc13d336f0be915,5c46c9ad53a3e2c3680e,PLAT-VISADASHBOARD,C,2026-09-24,500,granted,1,2024-11-29,2024-11-29,2024-11-29,0,PhD,Postgraduate Research,Other,Outside Australia,no,unknown,Unknown,100,,https://www.visadashboard.top/dashboard/table
VD-84a8d87360c47d0bdff0,612a71f10de18c6c2bf7,PLAT-VISADASHBOARD,C,2026-09-24,500,granted,1,2024-11-18,2024-11-29,2024-11-29,11,Unknown,Unknown,Other,Outside Australia,no,unknown,Other/Unverified,92,unknown_education_level,https://www.visadashboard.top/dashboard/table
VD-7c7edd7a63e23ce22b0c,aede81e2dd664da0a518,PLAT-VISADASHBOARD,C,2026-09-24,500,granted,1,2024-08-01,2024-11-29,2024-11-29,120,Master,Higher Education,Computing and Data,Outside Australia,no,unknown,Unknown,100,,https://www.visadashboard.top/dashboard/table
VD-867f65df28e0f1317692,342b5efa9f7aaa4d33cf,PLAT-VISADASHBOARD,C,2026-09-24,500,granted,1,2024-07-24,2024-11-29,2024-11-29,128,PhD,Postgraduate Research,Business and Economics,Outside Australia,no,unknown,Unknown,100,,https://www.visadashboard.top/dashboard/table
VD-a2e74fad6e1205de7c83,0b655f0d5ffe993fa18c,PLAT-VISADASHBOARD,C,2026-09-24,500,granted,1,2024-07-08,2024-11-29,2024-11-29,144,PhD,Postgraduate Research,Computing and Data,Outside Australia,no,unknown,Unknown,100,,https://www.visadashboard.top/dashboard/table
VD-c82ab6e3a39b07bdde13,7651b4d62b8d087fe2bc,PLAT-VISADASHBOARD,C,2026-09-24,500,granted,1,2024-07-01,2024-11-29,2024-11-29,151,PhD,Postgraduate Research,Other,Outside Australia,no,unknown,Unknown,100,,https://www.visadashboard.top/dashboard/table
VD-0c6d3d6c7d25858a8456,23d4845a907b5b270962,PLAT-VISADASHBOARD,C,2026-09-24,500,granted,1,2024-06-19,2024-11-29,2024-11-29,163,Master,Higher Education,Other,Outside Australia,no,unknown,Unknown,100,,https://www.visadashboard.top/dashboard/table
VD-c6412faec1da77bfd5bf,08231f2353ac454580ec,PLAT-VISADASHBOARD,C,2026-09-24,500,granted,1,2024-11-25,2024-11-28,2024-11-28,3,PhD,Postgraduate Research,Other,Outside Australia,no,unknown,Unknown,100,,https://www.visadashboard.top/dashboard/table
VD-2f8ae70cabdf29553d4f,7f7d37434831a5dcf272,PLAT-VISADASHBOARD,C,2026-09-24,500,granted,1,2024-10-24,2024-11-27,2024-11-27,34,Master,Higher Education,Computing and Data,Outside Australia,no,unknown,Unknown,100,,https://www.visadashboard.top/dashboard/table
VD-4e2765f60619ac0e8d68,3686d6a8e3b0a5e2e15f,PLAT-VISADASHBOARD,C,2026-09-24,500,granted,1,2024-05-22,2024-11-27,2024-11-27,189,Master,Higher Education,Computing and Data,Outside Australia,no,unknown,Unknown,100,,https://www.visadashboard.top/dashboard/table
VD-ff403f30826281ff87eb,6bb21d4fff1126db419e,PLAT-VISADASHBOARD,C,2026-09-24,500,granted,1,2024-07-19,2024-11-26,2024-11-26,130,PhD,Postgraduate Research,Other,Outside Australia,no,unknown,Other/Unverified,100,,https://www.visadashboard.top/dashboard/table
VD-32d0b637936f97fbddb5,83da5826ed3b73711ac7,PLAT-VISADASHBOARD,C,2026-09-24,500,granted,1,2024-07-19,2024-11-26,2024-11-26,130,PhD,Postgraduate Research,Computing and Data,Outside Australia,no,unknown,Unknown,100,,https://www.visadashboard.top/dashboard/table
VD-627b548afc92d7264236,86e8c15bcff1f3e38394,PLAT-VISADASHBOARD,C,2026-09-24,500,granted,1,2024-07-17,2024-11-26,2024-11-26,132,PhD,Postgraduate Research,Other,Outside Australia,no,unknown,Unknown,100,,https://www.visadashboard.top/dashboard/table
VD-4bae7443e6827a07c410,6160d28c1808cfc6adec,PLAT-VISADASHBOARD,C,2026-09-24,500,granted,1,2024-10-22,2024-11-25,2024-11-25,34,Master,Higher Education,Computing and Data,Outside Australia,no,unknown,Unknown,100,,https://www.visadashboard.top/dashboard/table
VD-c4890ae6a1c6e872a88e,24118258930ca586c2d7,PLAT-VISADASHBOARD,C,2026-09-24,500,granted,1,2024-10-18,2024-11-25,2024-11-25,38,Master,Higher Education,Computing and Data,Outside Australia,no,no,Group of Eight,100,,https://www.visadashboard.top/dashboard/table
VD-33d2fe9987a269fafa06,b22e3877d52f344ce7de,PLAT-VISADASHBOARD,C,2026-09-24,500,granted,1,2024-10-12,2024-11-25,2024-11-25,44,Master,Higher Education,Other,Outside Australia,no,unknown,Group of Eight,100,,https://www.visadashboard.top/dashboard/table
VD-3ca4a8d3565ac359a9d4,f49935e53f5532d0f417,PLAT-VISADASHBOARD,C,2026-09-24,500,granted,1,2024-08-21,2024-11-25,2024-11-25,96,Master,Higher Education,Computing and Data,Outside Australia,no,unknown,Unknown,100,,https://www.visadashboard.top/dashboard/table
VD-bc5dbfb987b47a7f780a,837ea722291cec190311,PLAT-VISADASHBOARD,C,2026-09-24,500,granted,1,2024-07-24,2024-11-25,2024-11-25,124,PhD,Postgraduate Research,Engineering,Outside Australia,no,unknown,Unknown,100,,https://www.visadashboard.top/dashboard/table
VD-713d86e3a9216e6aa6a6,2a1fbc30bf516a37950d,PLAT-VISADASHBOARD,C,2026-09-24,500,granted,1,2024-07-11,2024-11-25,2024-11-25,137,PhD,Postgraduate Research,Other,Outside Australia,no,unknown,Other/Unverified,100,,https://www.visadashboard.top/dashboard/table
VD-ece424c64b52be0dac24,4c49255dae9ee17b2841,PLAT-VISADASHBOARD,C,2026-09-24,500,granted,1,2024-07-06,2024-11-25,2024-11-25,142,PhD,Postgraduate Research,Other,Outside Australia,no,unknown,Unknown,100,,https://www.visadashboard.top/dashboard/table
VD-7862c6d1d63a3b27a77c,564e34180cab126a4eb1,PLAT-VISADASHBOARD,C,2026-09-24,500,granted,1,2024-04-16,2024-11-25,2024-11-25,223,PhD,Postgraduate Research,Other,Outside Australia,no,unknown,Unknown,100,,https://www.visadashboard.top/dashboard/table
VD-6dd3035198dc9b541bf2,7c9743021936499d78cc,PLAT-VISADASHBOARD,C,2026-09-24,500,granted,1,2024-08-28,2024-11-24,2024-11-24,88,Master,Higher Education,Other,Outside Australia,no,unknown,Other/Unverified,100,,https://www.visadashboard.top/dashboard/table
VD-4b013ade7b398267de9e,9c8b762154dcf1420772,PLAT-VISADASHBOARD,C,2026-09-24,500,granted,1,2024-07-22,2024-11-24,2024-11-24,125,PhD,Postgraduate Research,Health and Medicine,Outside Australia,no,unknown,Unknown,100,,https://www.visadashboard.top/dashboard/table
VD-4ac9957e2602371a1125,97261b7cbbb07af50d7f,PLAT-VISADASHBOARD,C,2026-09-24,500,granted,1,2024-11-12,2024-11-22,2024-11-22,10,PhD,Postgraduate Research,Humanities and Social Sciences,Outside Australia,no,unknown,Unknown,100,,https://www.visadashboard.top/dashboard/table
VD-5f06cadb84cd80bf2791,7a205dc465859bbd27f8,PLAT-VISADASHBOARD,C,2026-09-24,500,granted,1,2024-10-11,2024-11-22,2024-11-22,42,Master,Higher Education,Other,Outside Australia,no,unknown,Other/Unverified,100,,https://www.visadashboard.top/dashboard/table
VD-1173fce251ef591b1bfe,72b8c3e2acdf2d3a0bd7,PLAT-VISADASHBOARD,C,2026-09-24,500,granted,1,2024-07-22,2024-11-22,2024-11-22,123,PhD,Postgraduate Research,Natural Sciences,Outside Australia,no,unknown,Other/Unverified,100,,https://www.visadashboard.top/dashboard/table
VD-92a4867f280373256f23,e39315f204f1c9c86e4f,PLAT-VISADASHBOARD,C,2026-09-24,500,granted,1,2024-07-15,2024-11-22,2024-11-22,130,PhD,Postgraduate Research,Health and Medicine,Outside Australia,no,yes,Group of Eight,100,,https://www.visadashboard.top/dashboard/table
VD-6bb92f80a09216b11ebb,08849fd84bd018bb4bf2,PLAT-VISADASHBOARD,C,2026-09-24,500,granted,1,2024-08-21,2024-11-21,2024-11-21,92,Master,Higher Education,Computing and Data,Outside Australia,no,unknown,Unknown,100,,https://www.visadashboard.top/dashboard/table
VD-bba498d9f53b9d754f7b,e583e0421119a3074fdf,PLAT-VISADASHBOARD,C,2026-09-24,500,granted,1,2024-08-12,2024-11-21,2024-11-21,101,Master,Higher Education,Computing and Data,In Australia,unknown,unknown,Unknown,100,,https://www.visadashboard.top/dashboard/table
VD-607555a97d2945dae30b,66dcaae3ee16f8c4f977,PLAT-VISADASHBOARD,C,2026-09-24,500,granted,1,2024-08-06,2024-11-21,2024-11-21,107,Master,Higher Education,Computing and Data,In Australia,no,unknown,Unknown,100,,https://www.visadashboard.top/dashboard/table
VD-8907caef93c363ff5023,235ec3353ead30e0f57d,PLAT-VISADASHBOARD,C,2026-09-24,500,granted,1,2024-07-31,2024-11-21,2024-11-21,113,Master,Higher Education,Other,Outside Australia,no,unknown,Group of Eight,100,,https://www.visadashboard.top/dashboard/table
VD-551f05905de1ee9eef3f,c20b97777073e5cc2594,PLAT-VISADASHBOARD,C,2026-09-24,500,granted,1,2024-11-16,2024-11-20,2024-11-20,4,PhD,Postgraduate Research,Other,Outside Australia,no,unknown,Unknown,100,,https://www.visadashboard.top/dashboard/table
VD-ef0d50e1cd8e3f7fc20d,0a62f4461352a4136eac,PLAT-VISADASHBOARD,C,2026-09-24,500,granted,1,2024-11-15,2024-11-20,2024-11-20,5,PhD,Postgraduate Research,Health and Medicine,Outside Australia,no,unknown,Unknown,100,,https://www.visadashboard.top/dashboard/table
VD-9b8d276537cde296743e,804404ff8ac8446110fe,PLAT-VISADASHBOARD,C,2026-09-24,500,granted,1,2024-10-11,2024-11-20,2024-11-20,40,Master,Higher Education,Computing and Data,Outside Australia,no,unknown,Unknown,100,,https://www.visadashboard.top/dashboard/table
VD-537936abf8632c85749c,7ccc6fdd61b631709c85,PLAT-VISADASHBOARD,C,2026-09-24,500,granted,1,2024-07-20,2024-11-20,2024-11-20,123,PhD,Postgraduate Research,Other,Outside Australia,no,unknown,Unknown,100,,https://www.visadashboard.top/dashboard/table
VD-edeb1573edfbe3cf79c2,5e674f902f8457791cc3,PLAT-VISADASHBOARD,C,2026-09-24,500,granted,1,2024-11-15,2024-11-19,2024-11-19,4,Unknown,Unknown,Other,Outside Australia,no,unknown,Unknown,92,unknown_education_level,https://www.visadashboard.top/dashboard/table
VD-8223ba8ed96b4107d486,3853dd990183d8dac020,PLAT-VISADASHBOARD,C,2026-09-24,500,granted,1,2024-08-04,2024-11-19,2024-11-19,107,Master,Higher Education,Other,In Australia,unknown,yes,Other/Unverified,100,,https://www.visadashboard.top/dashboard/table
VD-c229b58af37b387a8a37,ee5e054cdd5514d6abf5,PLAT-VISADASHBOARD,C,2026-09-24,500,granted,1,2024-11-06,2024-11-18,2024-11-18,12,PhD,Postgraduate Research,Health and Medicine,Outside Australia,no,unknown,Group of Eight,100,,https://www.visadashboard.top/dashboard/table
VD-5b52c2f00897f728d887,32815366fbeb57bb02ad,PLAT-VISADASHBOARD,C,2026-09-24,500,granted,1,2024-10-18,2024-11-18,2024-11-18,31,PhD,Postgraduate Research,Other,Outside Australia,no,yes,Other/Unverified,100,,https://www.visadashboard.top/dashboard/table
VD-e8553da6312de33fc77f,86c937b802af2e7721a6,PLAT-VISADASHBOARD,C,2026-09-24,500,granted,1,2024-10-16,2024-11-18,2024-11-18,33,Master,Higher Education,Other,Outside Australia,no,no,Unknown,100,,https://www.visadashboard.top/dashboard/table
VD-bec171da71009ca9abd9,5048dc5582eb9e2920b6,PLAT-VISADASHBOARD,C,2026-09-24,500,granted,1,2024-10-10,2024-11-18,2024-11-18,39,Master,Higher Education,Other,Outside Australia,no,unknown,Unknown,100,,https://www.visadashboard.top/dashboard/table
VD-f11a93c9dec22b775380,06d785ee07814bdb70c8,PLAT-VISADASHBOARD,C,2026-09-24,500,granted,1,2024-10-08,2024-11-18,2024-11-18,41,PhD,Postgraduate Research,Natural Sciences,Outside Australia,no,unknown,Unknown,100,,https://www.visadashboard.top/dashboard/table
VD-d80e4e5053606a298d69,fc94feecb1d9ce9f3f75,PLAT-VISADASHBOARD,C,2026-09-24,500,granted,1,2024-03-01,2024-11-18,2024-11-18,262,PhD,Postgraduate Research,Other,In Australia,no,unknown,Unknown,100,,https://www.visadashboard.top/dashboard/table
VD-c859bdb7f3590911a322,53e4014592b6a9adf004,PLAT-VISADASHBOARD,C,2026-09-24,500,granted,1,2024-07-22,2024-11-16,2024-11-16,117,PhD,Postgraduate Research,Engineering,Outside Australia,no,unknown,Unknown,100,,https://www.visadashboard.top/dashboard/table
VD-b77f9443693109d1cf38,b49fedef9862a104e8f1,PLAT-VISADASHBOARD,C,2026-09-24,500,granted,1,2024-07-31,2024-11-14,2024-11-14,106,Unknown,Unknown,Other,Outside Australia,no,unknown,Unknown,92,unknown_education_level,https://www.visadashboard.top/dashboard/table
VD-0b1aaabb9b3354dcacdf,21160fe4b34be6515685,PLAT-VISADASHBOARD,C,2026-09-24,500,granted,1,2024-10-11,2024-11-12,2024-11-12,32,Master,Higher Education,Other,Outside Australia,no,unknown,Unknown,100,,https://www.visadashboard.top/dashboard/table
VD-1254c14036b447842253,3d341b8a8cb7dd45e512,PLAT-VISADASHBOARD,C,2026-09-24,500,granted,1,2024-07-20,2024-11-12,2024-11-12,115,PhD,Postgraduate Research,Other,Outside Australia,no,yes,Group of Eight,100,,https://www.visadashboard.top/dashboard/table
VD-d40e00095b0c5277cda8,106e34bdc27baf7ebed6,PLAT-VISADASHBOARD,C,2026-09-24,500,granted,1,2024-11-04,2024-11-11,2024-11-11,7,PhD,Postgraduate Research,Health and Medicine,Outside Australia,no,unknown,Unknown,100,,https://www.visadashboard.top/dashboard/table
VD-7e4ba07301be2716cc5d,106e34bdc27baf7ebed6,PLAT-VISADASHBOARD,C,2026-09-24,500,granted,1,2024-11-04,2024-11-11,2024-11-11,7,PhD,Postgraduate Research,Health and Medicine,Outside Australia,no,unknown,Unknown,100,,https://www.visadashboard.top/dashboard/table
VD-6286a1f1c34b60622eff,11fe6d8ae71463f957b9,PLAT-VISADASHBOARD,C,2026-09-24,500,granted,1,2024-07-19,2024-11-11,2024-11-11,115,PhD,Postgraduate Research,Other,Outside Australia,no,unknown,Other/Unverified,100,,https://www.visadashboard.top/dashboard/table
VD-a407da7a62d9bef083a7,7cd4711a1b64cca2c8c4,PLAT-VISADASHBOARD,C,2026-09-24,500,granted,1,2024-07-13,2024-11-11,2024-11-11,121,PhD,Postgraduate Research,Other,Outside Australia,no,unknown,Unknown,100,,https://www.visadashboard.top/dashboard/table
VD-0a86f22477d5353f9c8a,f5e66752d1e706194f99,PLAT-VISADASHBOARD,C,2026-09-24,500,granted,1,2024-07-12,2024-11-11,2024-11-11,122,PhD,Postgraduate Research,Engineering,Outside Australia,no,unknown,Unknown,100,,https://www.visadashboard.top/dashboard/table
VD-bb03f09a1b72e2faf5c8,0a5e595649c00e79f8ee,PLAT-VISADASHBOARD,C,2026-09-24,500,granted,1,2024-07-10,2024-11-11,2024-11-11,124,PhD,Postgraduate Research,Engineering,Outside Australia,no,unknown,Unknown,100,,https://www.visadashboard.top/dashboard/table
VD-4ea16be3e7c547320e8c,f7bf1ab4c868b7d026ca,PLAT-VISADASHBOARD,C,2026-09-24,500,granted,1,2024-07-10,2024-11-11,2024-11-11,124,PhD,Postgraduate Research,Other,Outside Australia,no,unknown,Unknown,100,,https://www.visadashboard.top/dashboard/table
VD-a68d0f7b216d4f2a544e,6482607e364054b860ed,PLAT-VISADASHBOARD,C,2026-09-24,500,granted,1,2024-07-03,2024-11-11,2024-11-11,131,Unknown,Unknown,Computing and Data,Outside Australia,no,unknown,Unknown,92,unknown_education_level,https://www.visadashboard.top/dashboard/table
VD-f92a1eb2e78e8dd1d7f1,94b1d6ce6282a5450088,PLAT-VISADASHBOARD,C,2026-09-24,500,granted,1,2024-06-19,2024-11-11,2024-11-11,145,PhD,Postgraduate Research,Health and Medicine,Outside Australia,no,unknown,Other/Unverified,100,,https://www.visadashboard.top/dashboard/table
VD-be33e92ef0e1bd656ee5,daad8bf68edaf800d1a4,PLAT-VISADASHBOARD,C,2026-09-24,500,granted,1,2024-05-08,2024-11-11,2024-11-11,187,PhD,Postgraduate Research,Other,Unknown,no,unknown,Unknown,95,unknown_submit_location,https://www.visadashboard.top/dashboard/table
VD-80cf3068efece00b31be,0a814b73b08a917f62b5,PLAT-VISADASHBOARD,C,2026-09-24,500,granted,1,2024-11-10,2024-11-10,2024-11-10,0,PhD,Postgraduate Research,Other,Outside Australia,no,unknown,Unknown,100,,https://www.visadashboard.top/dashboard/table
VD-c8e336a5e4c55b907825,103f296fe19f7c0ba242,PLAT-VISADASHBOARD,C,2026-09-24,500,granted,1,2024-09-25,2024-11-09,2024-11-09,45,Master,Higher Education,Other,Outside Australia,no,unknown,Group of Eight,100,,https://www.visadashboard.top/dashboard/table
VD-5ec0c3fbf04c1aa9684c,73663ca78fc63a8a1da1,PLAT-VISADASHBOARD,C,2026-09-24,500,granted,1,2024-08-15,2024-11-09,2024-11-09,86,PhD,Postgraduate Research,Computing and Data,Outside Australia,no,unknown,Unknown,100,,https://www.visadashboard.top/dashboard/table
VD-f10e2bc8e8fc197991d2,f53582d22aebe6c7eecf,PLAT-VISADASHBOARD,C,2026-09-24,500,granted,1,2024-11-02,2024-11-07,2024-11-07,5,PhD,Postgraduate Research,Humanities and Social Sciences,Outside Australia,no,unknown,Other/Unverified,100,,https://www.visadashboard.top/dashboard/table
VD-ec422b4c9db446803915,e022e32c31735782bf9d,PLAT-VISADASHBOARD,C,2026-09-24,500,granted,1,2024-10-25,2024-11-07,2024-11-07,13,PhD,Postgraduate Research,Health and Medicine,Outside Australia,no,unknown,Other/Unverified,100,,https://www.visadashboard.top/dashboard/table
VD-277915cbe52d0af89777,6e0d4cd4861347b376b7,PLAT-VISADASHBOARD,C,2026-09-24,500,granted,1,2024-10-23,2024-11-06,2024-11-06,14,Unknown,Unknown,Computing and Data,Outside Australia,no,unknown,Unknown,92,unknown_education_level,https://www.visadashboard.top/dashboard/table
VD-01f634ce32872c367580,29d8edc916dec506338b,PLAT-VISADASHBOARD,C,2026-09-24,500,granted,1,2024-10-27,2024-11-04,2024-11-04,8,PhD,Postgraduate Research,Other,Outside Australia,no,unknown,Group of Eight,100,,https://www.visadashboard.top/dashboard/table
VD-3d39877fc845b00b3443,b5005a8f1408287bb8ca,PLAT-VISADASHBOARD,C,2026-09-24,500,granted,1,2024-07-20,2024-11-04,2024-11-04,107,PhD,Postgraduate Research,Health and Medicine,Outside Australia,no,yes,Other/Unverified,100,,https://www.visadashboard.top/dashboard/table
VD-b6dd8d836bf1103a51ae,b9cfe7db2a1c39767098,PLAT-VISADASHBOARD,C,2026-09-24,500,granted,1,2024-07-20,2024-11-04,2024-11-04,107,PhD,Postgraduate Research,Other,Outside Australia,no,unknown,Other/Unverified,100,,https://www.visadashboard.top/dashboard/table
VD-ce345d7bfdc452615aa4,b6c3768fd9f16be666f5,PLAT-VISADASHBOARD,C,2026-09-24,500,granted,1,2024-06-12,2024-11-04,2024-11-04,145,Master,Higher Education,Engineering,Outside Australia,no,unknown,Other/Unverified,100,,https://www.visadashboard.top/dashboard/table
VD-ca98574a2883f22b3cae,6746eaea0cb0b1305199,PLAT-VISADASHBOARD,C,2026-09-24,500,granted,1,2024-07-02,2024-11-02,2024-11-02,123,Master,Higher Education,Other,Outside Australia,no,unknown,Unknown,100,,https://www.visadashboard.top/dashboard/table
VD-e654283c0b10576cc9dd,2d716f079e9251bceac6,PLAT-VISADASHBOARD,C,2026-09-24,500,granted,1,2024-09-06,2024-11-01,2024-11-01,56,Master,Higher Education,Computing and Data,Outside Australia,no,unknown,Unknown,100,,https://www.visadashboard.top/dashboard/table
VD-feed3bd21052158b1766,7b3e5d466996d8590b0e,PLAT-VISADASHBOARD,C,2026-09-24,500,granted,1,2024-09-05,2024-11-01,2024-11-01,57,Master,Higher Education,Other,Outside Australia,no,unknown,Group of Eight,100,,https://www.visadashboard.top/dashboard/table
VD-6b40c43c062489d526b9,d900ffce057b1d342707,PLAT-VISADASHBOARD,C,2026-09-24,500,granted,1,2024-09-04,2024-11-01,2024-11-01,58,Master,Higher Education,Other,Outside Australia,no,unknown,Other/Unverified,100,,https://www.visadashboard.top/dashboard/table
VD-00fb5209bec7ed3d0c41,624a41cd7e84601c1858,PLAT-VISADASHBOARD,C,2026-09-24,500,granted,1,2024-08-31,2024-11-01,2024-11-01,62,Master,Higher Education,Other,Outside Australia,no,unknown,Group of Eight,100,,https://www.visadashboard.top/dashboard/table
VD-de711104c0f875daaf6b,a5f3358f9fa0f917c1ce,PLAT-VISADASHBOARD,C,2026-09-24,500,granted,1,2024-08-29,2024-11-01,2024-11-01,64,Master,Higher Education,Other,Outside Australia,no,unknown,Unknown,100,,https://www.visadashboard.top/dashboard/table
VD-bd87d790550b575d8f87,433b43d2a310f31297c3,PLAT-VISADASHBOARD,C,2026-09-24,500,granted,1,2024-08-28,2024-11-01,2024-11-01,65,Master,Higher Education,Computing and Data,Outside Australia,no,unknown,Unknown,100,,https://www.visadashboard.top/dashboard/table
VD-0d6bbee2105c9d68dc0d,72f1ea954f5634d2a921,PLAT-VISADASHBOARD,C,2026-09-24,500,granted,1,2024-08-23,2024-11-01,2024-11-01,70,PhD,Postgraduate Research,Other,Outside Australia,no,unknown,Unknown,100,,https://www.visadashboard.top/dashboard/table
VD-181e0b1cddb3e0bb96d5,ad788824baa2682b36f9,PLAT-VISADASHBOARD,C,2026-09-24,500,granted,1,2024-08-22,2024-11-01,2024-11-01,71,Master,Higher Education,Computing and Data,Outside Australia,no,unknown,Unknown,100,,https://www.visadashboard.top/dashboard/table
VD-baaf605fe2298d6fe63c,fba48262f20d6afad144,PLAT-VISADASHBOARD,C,2026-09-24,500,granted,1,2024-08-14,2024-11-01,2024-11-01,79,Master,Higher Education,Other,Outside Australia,no,no,Group of Eight,100,,https://www.visadashboard.top/dashboard/table
VD-72fceb0b58db05e6d66b,ee58e002be0390375d80,PLAT-VISADASHBOARD,C,2026-09-24,500,granted,1,2024-08-01,2024-11-01,2024-11-01,92,Master,Higher Education,Computing and Data,Outside Australia,no,unknown,Group of Eight,100,,https://www.visadashboard.top/dashboard/table
VD-f4b4af973c4e6bb47cc0,eaa0284db00761f28b4b,PLAT-VISADASHBOARD,C,2026-09-24,500,granted,1,2024-07-16,2024-11-01,2024-11-01,108,PhD,Postgraduate Research,Health and Medicine,Outside Australia,no,unknown,Unknown,100,,https://www.visadashboard.top/dashboard/table
VD-81511015c0d1a6c9d334,0f83d70b0faa21a22e16,PLAT-VISADASHBOARD,C,2026-09-24,500,granted,1,2024-07-15,2024-11-01,2024-11-01,109,PhD,Postgraduate Research,Health and Medicine,Outside Australia,no,unknown,Other/Unverified,100,,https://www.visadashboard.top/dashboard/table
VD-380f093d98168e1daab3,5e8bc4a0b89a0e691ab0,PLAT-VISADASHBOARD,C,2026-09-24,500,granted,1,2024-07-09,2024-11-01,2024-11-01,115,PhD,Postgraduate Research,Computing and Data,Outside Australia,no,unknown,Other/Unverified,100,,https://www.visadashboard.top/dashboard/table
VD-630b4b3afdf407602791,b00f2119326982c03818,PLAT-VISADASHBOARD,C,2026-09-24,500,granted,1,2024-07-05,2024-11-01,2024-11-01,119,PhD,Postgraduate Research,Health and Medicine,Outside Australia,no,unknown,Other/Unverified,100,,https://www.visadashboard.top/dashboard/table
VD-aa6021b640f9dd9974bc,049fa93cd761b1c87d08,PLAT-VISADASHBOARD,C,2026-09-24,500,granted,1,2024-07-04,2024-11-01,2024-11-01,120,PhD,Postgraduate Research,Health and Medicine,Outside Australia,no,unknown,Unknown,100,,https://www.visadashboard.top/dashboard/table
VD-c64905a0cd0fbc28f015,3d76d105aca2a4ffa6d9,PLAT-VISADASHBOARD,C,2026-09-24,500,granted,1,2024-07-02,2024-11-01,2024-11-01,122,PhD,Postgraduate Research,Other,Outside Australia,no,unknown,Unknown,100,,https://www.visadashboard.top/dashboard/table
VD-7b3cf1b52d4f4e749669,1c4d863740c37d546d2f,PLAT-VISADASHBOARD,C,2026-09-24,500,granted,1,2024-07-02,2024-11-01,2024-11-01,122,PhD,Postgraduate Research,Health and Medicine,Outside Australia,no,unknown,Other/Unverified,100,,https://www.visadashboard.top/dashboard/table
VD-17902b966d830f2a890b,3d76d105aca2a4ffa6d9,PLAT-VISADASHBOARD,C,2026-09-24,500,granted,1,2024-07-02,2024-11-01,2024-11-01,122,PhD,Postgraduate Research,Other,Outside Australia,no,unknown,Unknown,100,,https://www.visadashboard.top/dashboard/table
VD-b13af3c33d72fc46110a,7fe6f3277552b189c347,PLAT-VISADASHBOARD,C,2026-09-24,500,granted,1,2024-06-19,2024-11-01,2024-11-01,135,Master,Higher Education,Other,Outside Australia,unknown,unknown,Unknown,100,,https://www.visadashboard.top/dashboard/table
VD-6ffc2037e7932ffab779,7e27c9e48e3a26f56400,PLAT-VISADASHBOARD,C,2026-09-24,500,granted,1,2024-04-28,2024-11-01,2024-11-01,187,Master,Higher Education,Other,Outside Australia,no,unknown,Group of Eight,100,,https://www.visadashboard.top/dashboard/table
VD-2416abccdc466cde9217,01fcb1e0bc4c63ce8ae1,PLAT-VISADASHBOARD,C,2026-09-24,500,granted,1,2024-04-10,2024-10-31,2024-10-31,204,Master,Higher Education,Other,Outside Australia,no,unknown,Unknown,100,,https://www.visadashboard.top/dashboard/table
VD-e61a7f05b1487076346f,3cef56e2dc41b8558c48,PLAT-VISADASHBOARD,C,2026-09-24,500,granted,1,2024-04-07,2024-10-31,2024-10-31,207,PhD,Postgraduate Research,Other,Outside Australia,no,unknown,Unknown,100,,https://www.visadashboard.top/dashboard/table
VD-c14bd56d1151a6a046db,c51b2ee5eed5ab4a72ad,PLAT-VISADASHBOARD,C,2026-09-24,500,granted,1,2023-11-09,2024-10-31,2024-10-31,357,PhD,Postgraduate Research,Other,Outside Australia,no,unknown,Unknown,100,,https://www.visadashboard.top/dashboard/table
VD-1efae090f2fb8b2e5282,06e37e37c9d5523d428e,PLAT-VISADASHBOARD,C,2026-09-24,500,granted,1,2023-10-19,2024-10-31,2024-10-31,378,PhD,Postgraduate Research,Engineering,Outside Australia,no,unknown,Unknown,100,,https://www.visadashboard.top/dashboard/table
VD-6f24eca392d8701ca4e5,dc5180fcf15bae6db61a,PLAT-VISADASHBOARD,C,2026-09-24,500,granted,1,2024-10-26,2024-10-26,2024-10-26,0,Master,Higher Education,Health and Medicine,Outside Australia,no,yes,Unknown,100,,https://www.visadashboard.top/dashboard/table
VD-c8dd3841e7601762b2be,ee54e98483147d16d681,PLAT-VISADASHBOARD,C,2026-09-24,500,granted,1,2024-10-22,2024-10-25,2024-10-25,3,PhD,Postgraduate Research,Other,In Australia,no,unknown,Other/Unverified,100,,https://www.visadashboard.top/dashboard/table
VD-28279d7ce4d9408d344d,f8b199b2a5209510133c,PLAT-VISADASHBOARD,C,2026-09-24,500,granted,1,2024-10-24,2024-10-24,2024-10-24,0,Master,Higher Education,Other,Outside Australia,no,unknown,Other/Unverified,100,,https://www.visadashboard.top/dashboard/table
VD-ca06a85e81afcc980b70,6697a9b2dc520b90bcba,PLAT-VISADASHBOARD,C,2026-09-24,500,granted,1,2024-10-24,2024-10-24,2024-10-24,0,PhD,Postgraduate Research,Other,Outside Australia,no,unknown,Other/Unverified,100,,https://www.visadashboard.top/dashboard/table
VD-c0803a4e309c86ba8628,85eccc539626c51b26c5,PLAT-VISADASHBOARD,C,2026-09-24,500,granted,1,2024-08-23,2024-10-22,2024-10-22,60,Master,Higher Education,Computing and Data,Outside Australia,no,unknown,Unknown,100,,https://www.visadashboard.top/dashboard/table
VD-a5579a273dc0d3109401,d95320874c6c7d6c74ce,PLAT-VISADASHBOARD,C,2026-09-24,500,granted,1,2024-10-21,2024-10-21,2024-10-21,0,PhD,Postgraduate Research,Engineering,Outside Australia,no,no,Group of Eight,100,,https://www.visadashboard.top/dashboard/table
VD-f1990610ac53c3693220,1188bd89a4d60b2280a9,PLAT-VISADASHBOARD,C,2026-09-24,500,granted,1,2024-10-21,2024-10-21,2024-10-21,0,Master,Higher Education,Education,In Australia,no,no,Other/Unverified,100,,https://www.visadashboard.top/dashboard/table
VD-0fc8c69e19c05ee626a6,53438af2695d34476be3,PLAT-VISADASHBOARD,C,2026-09-24,500,granted,1,2024-09-06,2024-10-21,2024-10-21,45,PhD,Postgraduate Research,Other,Outside Australia,no,unknown,Other/Unverified,100,,https://www.visadashboard.top/dashboard/table
VD-dc538e02a7233ed1b7b0,f59e01bb29f3f3725358,PLAT-VISADASHBOARD,C,2026-09-24,500,granted,1,2024-10-18,2024-10-18,2024-10-18,0,PhD,Postgraduate Research,Business and Economics,Outside Australia,no,yes,Other/Unverified,100,,https://www.visadashboard.top/dashboard/table
VD-75813518946e941a9d88,32aab5eab8a099543268,PLAT-VISADASHBOARD,C,2026-09-24,500,granted,1,2024-10-16,2024-10-16,2024-10-16,0,PhD,Postgraduate Research,Other,Outside Australia,no,unknown,Unknown,100,,https://www.visadashboard.top/dashboard/table
VD-1a46d379c343e124c56d,ab25f2a0c3e1c03b3c1b,PLAT-VISADASHBOARD,C,2026-09-24,500,granted,1,2024-07-29,2024-10-16,2024-10-16,79,PhD,Postgraduate Research,Engineering,Outside Australia,no,unknown,Other/Unverified,100,,https://www.visadashboard.top/dashboard/table
VD-f25a412acfa6d95a61d0,a2cc45388d432659fa3e,PLAT-VISADASHBOARD,C,2026-09-24,500,granted,1,2024-07-25,2024-10-16,2024-10-16,83,PhD,Postgraduate Research,Other,Unknown,no,unknown,Unknown,95,unknown_submit_location,https://www.visadashboard.top/dashboard/table
VD-fa018c4983ec6ce51183,07c4974586a3494361f9,PLAT-VISADASHBOARD,C,2026-09-24,500,granted,1,2024-08-17,2024-10-15,2024-10-15,59,PhD,Postgraduate Research,Other,Outside Australia,no,unknown,Other/Unverified,100,,https://www.visadashboard.top/dashboard/table
VD-4d1f3bb79087cbcc2c8a,37e78b34c146594d5d95,PLAT-VISADASHBOARD,C,2026-09-24,500,granted,1,2024-05-13,2024-10-15,2024-10-15,155,PhD,Postgraduate Research,Other,Outside Australia,no,unknown,Unknown,100,,https://www.visadashboard.top/dashboard/table
VD-e803eb7e856bb99b8b6c,62422261b78f4ec9c774,PLAT-VISADASHBOARD,C,2026-09-24,500,granted,1,2024-01-04,2024-10-15,2024-10-15,285,PhD,Postgraduate Research,Natural Sciences,Outside Australia,no,yes,Group of Eight,100,,https://www.visadashboard.top/dashboard/table
VD-28ed83782e4a53fb58ea,d8c345a4a61d31c6eaef,PLAT-VISADASHBOARD,C,2026-09-24,500,granted,1,2024-10-14,2024-10-14,2024-10-14,0,PhD,Postgraduate Research,Engineering,Outside Australia,no,unknown,Other/Unverified,100,,https://www.visadashboard.top/dashboard/table
VD-2dc34f1ff8ec01a2c937,ae215c434456b63fb85f,PLAT-VISADASHBOARD,C,2026-09-24,500,granted,1,2024-10-13,2024-10-14,2024-10-14,1,PhD,Postgraduate Research,Other,Outside Australia,no,unknown,Other/Unverified,100,,https://www.visadashboard.top/dashboard/table
VD-567e0b5a5540dcb3dd01,892c77fc478647cc387f,PLAT-VISADASHBOARD,C,2026-09-24,500,granted,1,2024-10-12,2024-10-14,2024-10-14,2,PhD,Postgraduate Research,Business and Economics,Outside Australia,no,unknown,Unknown,100,,https://www.visadashboard.top/dashboard/table
VD-9c4e06d251a115d3ed6a,a8e70e15330eba322d1a,PLAT-VISADASHBOARD,C,2026-09-24,500,granted,1,2024-06-25,2024-10-14,2024-10-14,111,PhD,Postgraduate Research,Other,Outside Australia,no,unknown,Other/Unverified,100,,https://www.visadashboard.top/dashboard/table
VD-f96cae8883c97dbf606e,29e10ca65a716ee3e58a,PLAT-VISADASHBOARD,C,2026-09-24,500,granted,1,2024-06-24,2024-10-14,2024-10-14,112,PhD,Postgraduate Research,Other,Outside Australia,no,unknown,Unknown,100,,https://www.visadashboard.top/dashboard/table
VD-a644c28a2f34f8b5f432,f247638b27874429a0e9,PLAT-VISADASHBOARD,C,2026-09-24,500,granted,1,2024-06-23,2024-10-14,2024-10-14,113,PhD,Postgraduate Research,Other,Outside Australia,no,unknown,Other/Unverified,100,,https://www.visadashboard.top/dashboard/table
VD-9bc05e3d21df8672933e,ce8bdc298a17c113801b,PLAT-VISADASHBOARD,C,2026-09-24,500,granted,1,2024-10-11,2024-10-13,2024-10-13,2,PhD,Postgraduate Research,Other,Outside Australia,no,unknown,Unknown,100,,https://www.visadashboard.top/dashboard/table
VD-2a0cadd6d0a3c8efe32d,22d4e6e6432abed7d5ff,PLAT-VISADASHBOARD,C,2026-09-24,500,granted,1,2024-08-27,2024-10-12,2024-10-12,46,Unknown,Unknown,Other,Outside Australia,no,unknown,Other/Unverified,92,unknown_education_level,https://www.visadashboard.top/dashboard/table
VD-92c423d9884ac382e18b,f9b430ca9bc84b17a046,PLAT-VISADASHBOARD,C,2026-09-24,500,granted,1,2024-08-22,2024-10-11,2024-10-11,50,PhD,Postgraduate Research,Other,Outside Australia,no,unknown,Unknown,100,,https://www.visadashboard.top/dashboard/table
VD-956976d639ca0540c2ea,fa1dbe77bc82580f05bb,PLAT-VISADASHBOARD,C,2026-09-24,500,granted,1,2024-10-09,2024-10-10,2024-10-10,1,PhD,Postgraduate Research,Computing and Data,Outside Australia,no,unknown,Unknown,100,,https://www.visadashboard.top/dashboard/table
VD-62f83353d879b3e069b9,10a67575bb432b4dedb7,PLAT-VISADASHBOARD,C,2026-09-24,500,granted,1,2024-07-20,2024-10-10,2024-10-10,82,PhD,Postgraduate Research,Other,Outside Australia,no,unknown,Other/Unverified,100,,https://www.visadashboard.top/dashboard/table
VD-a435675e2d400b5089b0,7067fbf4f31f381fd8c7,PLAT-VISADASHBOARD,C,2026-09-24,500,granted,1,2024-05-13,2024-10-10,2024-10-10,150,PhD,Postgraduate Research,Other,Outside Australia,no,unknown,Other/Unverified,100,,https://www.visadashboard.top/dashboard/table
VD-1e2be8d56d36f43225ed,b1a14c4a18ff60f3bfbd,PLAT-VISADASHBOARD,C,2026-09-24,500,granted,1,2024-10-09,2024-10-09,2024-10-09,0,PhD,Postgraduate Research,Other,Outside Australia,no,unknown,Other/Unverified,100,,https://www.visadashboard.top/dashboard/table
VD-f123aee62345d0d00b47,267cd5fe6f378f4e8ddf,PLAT-VISADASHBOARD,C,2026-09-24,500,granted,1,2024-07-20,2024-10-09,2024-10-09,81,PhD,Postgraduate Research,Humanities and Social Sciences,Outside Australia,unknown,unknown,Other/Unverified,100,,https://www.visadashboard.top/dashboard/table
VD-27b826b8aac1800e3ee1,06abc038ab3e0b360b8f,PLAT-VISADASHBOARD,C,2026-09-24,500,granted,1,2024-06-18,2024-10-09,2024-10-09,113,PhD,Postgraduate Research,Health and Medicine,Outside Australia,no,unknown,Other/Unverified,100,,https://www.visadashboard.top/dashboard/table
VD-982f86cc4934114f9456,dcdd78e4c6d59cec6f20,PLAT-VISADASHBOARD,C,2026-09-24,500,granted,1,2024-10-04,2024-10-08,2024-10-08,4,PhD,Postgraduate Research,Health and Medicine,Outside Australia,no,unknown,Other/Unverified,100,,https://www.visadashboard.top/dashboard/table
VD-6441002e324d35c7b2f8,b59704787a0b3bd42e76,PLAT-VISADASHBOARD,C,2026-09-24,500,granted,1,2024-10-04,2024-10-08,2024-10-08,4,PhD,Postgraduate Research,Other,Outside Australia,no,unknown,Group of Eight,100,,https://www.visadashboard.top/dashboard/table
VD-5830a828665d7b816d42,df3ff6abc1a9c8ef8196,PLAT-VISADASHBOARD,C,2026-09-24,500,granted,1,2024-09-30,2024-10-04,2024-10-04,4,PhD,Postgraduate Research,Other,Outside Australia,no,unknown,Unknown,100,,https://www.visadashboard.top/dashboard/table
VD-d2617b28c109aa958a83,b4c01f8cfcdf764ec8ae,PLAT-VISADASHBOARD,C,2026-09-24,500,granted,1,2024-07-05,2024-10-03,2024-10-03,90,PhD,Postgraduate Research,Computing and Data,Outside Australia,no,unknown,Unknown,100,,https://www.visadashboard.top/dashboard/table
VD-5148a9a23c89da38806b,11f8a8162c0e6311f0f8,PLAT-VISADASHBOARD,C,2026-09-24,500,granted,1,2024-10-01,2024-10-01,2024-10-01,0,PhD,Postgraduate Research,Other,Outside Australia,no,unknown,Unknown,100,,https://www.visadashboard.top/dashboard/table
VD-343f2301c6584faab595,df1280b861ea9bd98695,PLAT-VISADASHBOARD,C,2026-09-24,500,granted,1,2024-09-23,2024-10-01,2024-10-01,8,PhD,Postgraduate Research,Other,Outside Australia,no,unknown,Other/Unverified,100,,https://www.visadashboard.top/dashboard/table
VD-d742df284f6c73ec79d3,df1280b861ea9bd98695,PLAT-VISADASHBOARD,C,2026-09-24,500,granted,1,2024-09-23,2024-10-01,2024-10-01,8,PhD,Postgraduate Research,Other,Outside Australia,no,unknown,Unknown,100,,https://www.visadashboard.top/dashboard/table
VD-30e4675ca96068e1b2dc,5a862efa71efe36d6bfe,PLAT-VISADASHBOARD,C,2026-09-24,500,granted,1,2024-09-20,2024-10-01,2024-10-01,11,PhD,Postgraduate Research,Other,Outside Australia,no,unknown,Other/Unverified,100,,https://www.visadashboard.top/dashboard/table
VD-2d3cd4cec47699f93582,bdf85f54652d8f906969,PLAT-VISADASHBOARD,C,2026-09-24,500,granted,1,2024-09-15,2024-10-01,2024-10-01,16,PhD,Postgraduate Research,Health and Medicine,Outside Australia,unknown,unknown,Other/Unverified,100,,https://www.visadashboard.top/dashboard/table
VD-9bf05ebe74254afb18ce,22ce12b43a5c8c5cdfe8,PLAT-VISADASHBOARD,C,2026-09-24,500,granted,1,2024-09-14,2024-10-01,2024-10-01,17,PhD,Postgraduate Research,Other,Outside Australia,no,unknown,Other/Unverified,100,,https://www.visadashboard.top/dashboard/table
VD-6a0c2aa4ea5e64b398f8,ef8a95ee1590877c260f,PLAT-VISADASHBOARD,C,2026-09-24,500,granted,1,2024-09-26,2024-09-26,2024-09-26,0,PhD,Postgraduate Research,Other,Outside Australia,no,unknown,Unknown,100,,https://www.visadashboard.top/dashboard/table
VD-23371481a4e707e54c5e,ec7ac89cd868cae0c8c2,PLAT-VISADASHBOARD,C,2026-09-24,500,granted,1,2024-09-19,2024-09-24,2024-09-24,5,PhD,Postgraduate Research,Computing and Data,Outside Australia,no,unknown,Unknown,100,,https://www.visadashboard.top/dashboard/table
VD-0a63e0ca40b38dbf804f,a5dfbd4c8afb3a886fba,PLAT-VISADASHBOARD,C,2026-09-24,500,granted,1,2024-09-09,2024-09-24,2024-09-24,15,PhD,Postgraduate Research,Natural Sciences,Outside Australia,no,unknown,Other/Unverified,100,,https://www.visadashboard.top/dashboard/table
VD-d864e3c8ca389e9191eb,4a5b8af564d78c2d7bf2,PLAT-VISADASHBOARD,C,2026-09-24,500,granted,1,2024-07-23,2024-09-24,2024-09-24,63,PhD,Postgraduate Research,Engineering,Outside Australia,no,unknown,Unknown,100,,https://www.visadashboard.top/dashboard/table
VD-c4dac15ad3998bcf6e29,0ab0d01df4800b6b258f,PLAT-VISADASHBOARD,C,2026-09-24,500,granted,1,2024-09-23,2024-09-23,2024-09-23,0,PhD,Postgraduate Research,Engineering,Outside Australia,no,unknown,Other/Unverified,100,,https://www.visadashboard.top/dashboard/table
VD-b0691d2a35ad95cb52b3,f432e863af06e46f021e,PLAT-VISADASHBOARD,C,2026-09-24,500,granted,1,2024-07-06,2024-09-22,2024-09-22,78,PhD,Postgraduate Research,Other,Outside Australia,no,unknown,Other/Unverified,100,,https://www.visadashboard.top/dashboard/table
VD-a23d61f9eda26c85b011,2bbfe2d0336b550ecc80,PLAT-VISADASHBOARD,C,2026-09-24,500,granted,1,2024-09-08,2024-09-20,2024-09-20,12,PhD,Postgraduate Research,Engineering,Outside Australia,no,unknown,Other/Unverified,100,,https://www.visadashboard.top/dashboard/table
VD-55138c517b18a7221342,00bb72938e8ffc3792b8,PLAT-VISADASHBOARD,C,2026-09-24,500,granted,1,2024-07-01,2024-09-20,2024-09-20,81,PhD,Postgraduate Research,Other,Outside Australia,no,unknown,Unknown,100,,https://www.visadashboard.top/dashboard/table
VD-39a33f11ee7addafc72a,b29c50e322cbd705b63e,PLAT-VISADASHBOARD,C,2026-09-24,500,granted,1,2024-06-26,2024-09-20,2024-09-20,86,PhD,Postgraduate Research,Other,Outside Australia,no,unknown,Other/Unverified,100,,https://www.visadashboard.top/dashboard/table
VD-360a825ff21d150d6f2f,d5d3f9aa6c6050de7e04,PLAT-VISADASHBOARD,C,2026-09-24,500,granted,1,2024-06-01,2024-09-20,2024-09-20,111,PhD,Postgraduate Research,Engineering,Outside Australia,no,unknown,Group of Eight,100,,https://www.visadashboard.top/dashboard/table
VD-2bbffc33125f52a10b40,dcdd300363e76a3bdca7,PLAT-VISADASHBOARD,C,2026-09-24,500,granted,1,2024-08-06,2024-09-19,2024-09-19,44,PhD,Postgraduate Research,Other,Outside Australia,no,unknown,Group of Eight,100,,https://www.visadashboard.top/dashboard/table
VD-01b44aa3b2a81f7c10b7,990bd8d8a385211069dd,PLAT-VISADASHBOARD,C,2026-09-24,500,granted,1,2024-07-22,2024-09-19,2024-09-19,59,PhD,Postgraduate Research,Other,Outside Australia,no,unknown,Unknown,100,,https://www.visadashboard.top/dashboard/table
VD-3945e646eda511045185,ed9662079b2c7818d8d2,PLAT-VISADASHBOARD,C,2026-09-24,500,granted,1,2024-07-18,2024-09-19,2024-09-19,63,PhD,Postgraduate Research,Other,Outside Australia,no,unknown,Other/Unverified,100,,https://www.visadashboard.top/dashboard/table
VD-40c03ec40ae822dbf92b,09f730dfa09fae040674,PLAT-VISADASHBOARD,C,2026-09-24,500,granted,1,2024-06-21,2024-09-19,2024-09-19,90,PhD,Postgraduate Research,Engineering,Outside Australia,no,unknown,Other/Unverified,100,,https://www.visadashboard.top/dashboard/table
VD-b4cc304093e122c17328,65eb5708e67f072d2095,PLAT-VISADASHBOARD,C,2026-09-24,500,granted,1,2024-09-17,2024-09-17,2024-09-17,0,PhD,Postgraduate Research,Other,Outside Australia,no,unknown,Other/Unverified,100,,https://www.visadashboard.top/dashboard/table
VD-57808e7f0ba9619d0dab,65eb5708e67f072d2095,PLAT-VISADASHBOARD,C,2026-09-24,500,granted,1,2024-09-17,2024-09-17,2024-09-17,0,PhD,Postgraduate Research,Other,Outside Australia,no,unknown,Unknown,100,,https://www.visadashboard.top/dashboard/table
VD-e441a24e252601369338,94e684ad75b6af20966d,PLAT-VISADASHBOARD,C,2026-09-24,500,granted,1,2024-09-10,2024-09-16,2024-09-16,6,PhD,Postgraduate Research,Other,In Australia,no,unknown,Unknown,100,,https://www.visadashboard.top/dashboard/table
VD-673836370211f15a7758,6dc9949a1bc3e89bdb2c,PLAT-VISADASHBOARD,C,2026-09-24,500,granted,1,2024-09-04,2024-09-13,2024-09-13,9,PhD,Postgraduate Research,Other,Outside Australia,no,unknown,Unknown,100,,https://www.visadashboard.top/dashboard/table
VD-148dee630cf0baac5cae,bc676f800d0e5497af6d,PLAT-VISADASHBOARD,C,2026-09-24,500,granted,1,2024-09-04,2024-09-13,2024-09-13,9,PhD,Postgraduate Research,Natural Sciences,Outside Australia,no,unknown,Group of Eight,100,,https://www.visadashboard.top/dashboard/table
VD-36416948d9c4f4d23c59,f2f09aec23ee54f0ce02,PLAT-VISADASHBOARD,C,2026-09-24,500,granted,1,2024-09-03,2024-09-13,2024-09-13,10,Unknown,Unknown,Other,Outside Australia,no,unknown,Other/Unverified,92,unknown_education_level,https://www.visadashboard.top/dashboard/table
VD-82da777f14d5b4494996,e8e918764e5b8fd7fc6b,PLAT-VISADASHBOARD,C,2026-09-24,500,granted,1,2024-09-03,2024-09-13,2024-09-13,10,PhD,Postgraduate Research,Health and Medicine,Outside Australia,no,unknown,Other/Unverified,100,,https://www.visadashboard.top/dashboard/table
VD-b33d2f6444b10bf4d0f3,cba3d1c1d3a2693d56fe,PLAT-VISADASHBOARD,C,2026-09-24,500,granted,1,2024-06-26,2024-09-12,2024-09-12,78,PhD,Postgraduate Research,Other,Outside Australia,no,unknown,Other/Unverified,100,,https://www.visadashboard.top/dashboard/table
VD-3ef1c16752187131a04a,046c2ba52d2b00e7bccd,PLAT-VISADASHBOARD,C,2026-09-24,500,granted,1,2024-08-27,2024-09-11,2024-09-11,15,PhD,Postgraduate Research,Humanities and Social Sciences,Outside Australia,no,unknown,Unknown,100,,https://www.visadashboard.top/dashboard/table
VD-be3aaf201836373d9e03,1a2cc2c44a0016f8a87d,PLAT-VISADASHBOARD,C,2026-09-24,500,granted,1,2024-08-25,2024-09-11,2024-09-11,17,Unknown,Unknown,Engineering,Outside Australia,no,unknown,Other/Unverified,92,unknown_education_level,https://www.visadashboard.top/dashboard/table
VD-313cd0fe998a0ceceb5a,86852a3d086e8463bd4f,PLAT-VISADASHBOARD,C,2026-09-24,500,granted,1,2024-07-21,2024-09-11,2024-09-11,52,PhD,Postgraduate Research,Other,Outside Australia,no,unknown,Unknown,100,,https://www.visadashboard.top/dashboard/table
VD-9336bdfe82a69c4032ea,4a282f281f7d7f702b07,PLAT-VISADASHBOARD,C,2026-09-24,500,granted,1,2024-07-02,2024-09-11,2024-09-11,71,PhD,Postgraduate Research,Other,Outside Australia,no,unknown,Unknown,100,,https://www.visadashboard.top/dashboard/table
VD-ea7ed0503feb7755e12a,20e6860a319db8da0edb,PLAT-VISADASHBOARD,C,2026-09-24,500,granted,1,2024-08-25,2024-09-10,2024-09-10,16,PhD,Postgraduate Research,Other,Outside Australia,no,unknown,Unknown,100,,https://www.visadashboard.top/dashboard/table
VD-4ef5259064a54b8acd6b,9fc72941ebe8c37b99bc,PLAT-VISADASHBOARD,C,2026-09-24,500,granted,1,2024-08-22,2024-09-10,2024-09-10,19,PhD,Postgraduate Research,Health and Medicine,Outside Australia,no,unknown,Group of Eight,100,,https://www.visadashboard.top/dashboard/table
VD-1c5635aba139fe0a05ee,b5c2a4b46301dcb4d077,PLAT-VISADASHBOARD,C,2026-09-24,500,granted,1,2024-06-29,2024-09-10,2024-09-10,73,PhD,Postgraduate Research,Other,Outside Australia,no,unknown,Unknown,100,,https://www.visadashboard.top/dashboard/table
VD-b86836c99afbea48ad52,f23713ee14a6e60978ba,PLAT-VISADASHBOARD,C,2026-09-24,500,granted,1,2024-09-09,2024-09-09,2024-09-09,0,PhD,Postgraduate Research,Health and Medicine,Outside Australia,no,unknown,Other/Unverified,100,,https://www.visadashboard.top/dashboard/table
VD-4e3cff7d35898f5c2a67,3e05bb8eba06a49c3120,PLAT-VISADASHBOARD,C,2026-09-24,500,granted,1,2024-09-09,2024-09-09,2024-09-09,0,PhD,Postgraduate Research,Computing and Data,Outside Australia,no,unknown,Other/Unverified,100,,https://www.visadashboard.top/dashboard/table
VD-1b737d0752eb66e091a9,a74d2879b24895331662,PLAT-VISADASHBOARD,C,2026-09-24,500,granted,1,2024-08-21,2024-09-09,2024-09-09,19,PhD,Postgraduate Research,Health and Medicine,Outside Australia,no,unknown,Other/Unverified,100,,https://www.visadashboard.top/dashboard/table
VD-8238d3b4ad9f046a2d5b,1da61fdacf953ba39213,PLAT-VISADASHBOARD,C,2026-09-24,500,granted,1,2024-08-20,2024-09-09,2024-09-09,20,PhD,Postgraduate Research,Health and Medicine,Outside Australia,no,unknown,Other/Unverified,100,,https://www.visadashboard.top/dashboard/table
VD-7bd52f4240e24ff212c4,40462face005282e4daf,PLAT-VISADASHBOARD,C,2026-09-24,500,granted,1,2024-07-29,2024-09-09,2024-09-09,42,PhD,Postgraduate Research,Other,Outside Australia,no,unknown,Other/Unverified,100,,https://www.visadashboard.top/dashboard/table
VD-fa143f79093e80fc2bc2,f4f3f6a8f617360f4c0f,PLAT-VISADASHBOARD,C,2026-09-24,500,granted,1,2024-07-27,2024-09-09,2024-09-09,44,PhD,Postgraduate Research,Other,Outside Australia,no,unknown,Other/Unverified,100,,https://www.visadashboard.top/dashboard/table
VD-f33e442faacee37e732c,f7afa7af7b68287c5b47,PLAT-VISADASHBOARD,C,2026-09-24,500,granted,1,2024-06-16,2024-09-09,2024-09-09,85,PhD,Postgraduate Research,Health and Medicine,Outside Australia,no,unknown,Other/Unverified,100,,https://www.visadashboard.top/dashboard/table
VD-26373c7cbafacc0f8caa,7078237f9c92ce979a88,PLAT-VISADASHBOARD,C,2026-09-24,500,granted,1,2024-08-16,2024-09-08,2024-09-08,23,PhD,Postgraduate Research,Health and Medicine,Outside Australia,no,unknown,Other/Unverified,100,,https://www.visadashboard.top/dashboard/table
VD-4eecb6987fa73fcbbd8d,12d91b40cc36572bbbf6,PLAT-VISADASHBOARD,C,2026-09-24,500,granted,1,2024-08-14,2024-09-08,2024-09-08,25,PhD,Postgraduate Research,Other,Outside Australia,no,unknown,Other/Unverified,100,,https://www.visadashboard.top/dashboard/table
VD-1abc9a96798fde720e0f,c7f9fce31bcc281d8d15,PLAT-VISADASHBOARD,C,2026-09-24,500,granted,1,2024-08-11,2024-09-08,2024-09-08,28,PhD,Postgraduate Research,Other,Outside Australia,unknown,unknown,Other/Unverified,100,,https://www.visadashboard.top/dashboard/table
VD-3e7e58bb8f3c47f37d68,f325e549d84ddc91181e,PLAT-VISADASHBOARD,C,2026-09-24,500,granted,1,2024-08-13,2024-09-07,2024-09-07,25,PhD,Postgraduate Research,Other,Outside Australia,no,unknown,Other/Unverified,100,,https://www.visadashboard.top/dashboard/table
VD-f8d805554be52c1b231c,4a2ffb8037bafd91b222,PLAT-VISADASHBOARD,C,2026-09-24,500,granted,1,2024-08-08,2024-09-07,2024-09-07,30,PhD,Postgraduate Research,Other,Outside Australia,unknown,unknown,Other/Unverified,100,,https://www.visadashboard.top/dashboard/table
VD-94fe152493b6c4cafbb9,63965d5d73a389758667,PLAT-VISADASHBOARD,C,2026-09-24,500,granted,1,2024-07-04,2024-09-07,2024-09-07,65,PhD,Postgraduate Research,Other,Outside Australia,unknown,unknown,Other/Unverified,100,,https://www.visadashboard.top/dashboard/table
VD-78acb49f41368668b5e7,765d5c122b24d376b1b9,PLAT-VISADASHBOARD,C,2026-09-24,500,granted,1,2024-08-26,2024-09-06,2024-09-06,11,PhD,Postgraduate Research,Health and Medicine,In Australia,no,unknown,Unknown,100,,https://www.visadashboard.top/dashboard/table
VD-f2eb0d00dbb3f7cc1f6c,8be08eb70b4a40c6165d,PLAT-VISADASHBOARD,C,2026-09-24,500,granted,1,2024-06-25,2024-09-06,2024-09-06,73,PhD,Postgraduate Research,Engineering,Outside Australia,no,unknown,Other/Unverified,100,,https://www.visadashboard.top/dashboard/table
VD-a4ba05194597b5984365,c5bb845c466aa635efa7,PLAT-VISADASHBOARD,C,2026-09-24,500,granted,1,2024-08-06,2024-09-05,2024-09-05,30,PhD,Postgraduate Research,Health and Medicine,Outside Australia,no,unknown,Unknown,100,,https://www.visadashboard.top/dashboard/table
VD-7699f5e50d1942527276,5b0d804aa94e4bb76e36,PLAT-VISADASHBOARD,C,2026-09-24,500,granted,1,2024-08-02,2024-09-05,2024-09-05,34,PhD,Postgraduate Research,Business and Economics,Outside Australia,unknown,unknown,Other/Unverified,100,,https://www.visadashboard.top/dashboard/table
VD-9735db8855cf042d23a5,3455966a6cc92eecea46,PLAT-VISADASHBOARD,C,2026-09-24,500,granted,1,2024-07-31,2024-09-05,2024-09-05,36,Unknown,Unknown,Other,Outside Australia,no,unknown,Other/Unverified,92,unknown_education_level,https://www.visadashboard.top/dashboard/table
VD-9e3b992c339795b03298,70fef3a89fd6252b06b1,PLAT-VISADASHBOARD,C,2026-09-24,500,granted,1,2024-08-02,2024-09-04,2024-09-04,33,PhD,Postgraduate Research,Other,Outside Australia,no,unknown,Other/Unverified,100,,https://www.visadashboard.top/dashboard/table
VD-f8d6dd2a278e9471f1cf,67fa16484dea63743253,PLAT-VISADASHBOARD,C,2026-09-24,500,granted,1,2024-08-02,2024-09-04,2024-09-04,33,PhD,Postgraduate Research,Health and Medicine,Outside Australia,no,unknown,Unknown,100,,https://www.visadashboard.top/dashboard/table
VD-48b6f9a58d1ddfa6b650,ec9620b16011e770580f,PLAT-VISADASHBOARD,C,2026-09-24,500,granted,1,2024-08-01,2024-09-04,2024-09-04,34,PhD,Postgraduate Research,Health and Medicine,Outside Australia,no,unknown,Other/Unverified,100,,https://www.visadashboard.top/dashboard/table
VD-c468a95ad54005002303,225ac155f88c65a06bdf,PLAT-VISADASHBOARD,C,2026-09-24,500,granted,1,2024-07-30,2024-09-04,2024-09-04,36,PhD,Postgraduate Research,Other,Outside Australia,no,unknown,Other/Unverified,100,,https://www.visadashboard.top/dashboard/table
VD-6a7cccd03a198fe5ff71,cc2db6bbba508efe539b,PLAT-VISADASHBOARD,C,2026-09-24,500,granted,1,2024-07-27,2024-09-03,2024-09-03,38,PhD,Postgraduate Research,Natural Sciences,Outside Australia,no,unknown,Other/Unverified,100,,https://www.visadashboard.top/dashboard/table
VD-39ff5fd0ec704617075f,ec80b42bd505a4045930,PLAT-VISADASHBOARD,C,2026-09-24,500,granted,1,2024-07-26,2024-09-03,2024-09-03,39,PhD,Postgraduate Research,Business and Economics,Outside Australia,no,unknown,Other/Unverified,100,,https://www.visadashboard.top/dashboard/table
VD-e909c74aa45572675def,7d9cbff4be522092bb9b,PLAT-VISADASHBOARD,C,2026-09-24,500,granted,1,2024-07-25,2024-09-03,2024-09-03,40,PhD,Postgraduate Research,Health and Medicine,Outside Australia,no,unknown,Other/Unverified,100,,https://www.visadashboard.top/dashboard/table
VD-197a1d6be6f99422332b,3c33c5078d419eb4f9cc,PLAT-VISADASHBOARD,C,2026-09-24,500,granted,1,2024-07-25,2024-09-03,2024-09-03,40,PhD,Postgraduate Research,Natural Sciences,Outside Australia,unknown,unknown,Other/Unverified,100,,https://www.visadashboard.top/dashboard/table
VD-d191f2b06ee0b49f0fb2,990ab11f1e45bd47e1e0,PLAT-VISADASHBOARD,C,2026-09-24,500,granted,1,2024-07-23,2024-09-03,2024-09-03,42,PhD,Postgraduate Research,Other,Outside Australia,no,unknown,Other/Unverified,100,,https://www.visadashboard.top/dashboard/table
VD-4fd8faa0604633f48c95,022537026b39ef91a119,PLAT-VISADASHBOARD,C,2026-09-24,500,granted,1,2024-07-21,2024-09-03,2024-09-03,44,PhD,Postgraduate Research,Health and Medicine,Outside Australia,no,unknown,Other/Unverified,100,,https://www.visadashboard.top/dashboard/table
VD-66c3a7280217ed9145a7,022537026b39ef91a119,PLAT-VISADASHBOARD,C,2026-09-24,500,granted,1,2024-07-21,2024-09-03,2024-09-03,44,PhD,Postgraduate Research,Health and Medicine,Outside Australia,no,unknown,Other/Unverified,100,,https://www.visadashboard.top/dashboard/table
VD-b9df22b41ca99a435c64,55ac95b04af84f1f2d32,PLAT-VISADASHBOARD,C,2026-09-24,500,granted,1,2024-07-19,2024-09-03,2024-09-03,46,PhD,Postgraduate Research,Engineering,Outside Australia,no,unknown,Unknown,100,,https://www.visadashboard.top/dashboard/table
VD-ad9f4188a7f10958f1dc,0e61e337a0c982ee0c58,PLAT-VISADASHBOARD,C,2026-09-24,500,granted,1,2024-07-19,2024-09-03,2024-09-03,46,PhD,Postgraduate Research,Health and Medicine,Outside Australia,no,unknown,Unknown,100,,https://www.visadashboard.top/dashboard/table
VD-5ace4e7bff69a83cb835,32db7828a22d2a51c447,PLAT-VISADASHBOARD,C,2026-09-24,500,granted,1,2024-09-02,2024-09-02,2024-09-02,0,PhD,Postgraduate Research,Other,Outside Australia,no,unknown,Other/Unverified,100,,https://www.visadashboard.top/dashboard/table
VD-b71d62cfe525675854f6,5269df2d5362eced8222,PLAT-VISADASHBOARD,C,2026-09-24,500,granted,1,2024-07-19,2024-09-02,2024-09-02,45,PhD,Postgraduate Research,Natural Sciences,Outside Australia,no,unknown,Other/Unverified,100,,https://www.visadashboard.top/dashboard/table
VD-383c4e6b89173bd59c5d,c14b9ff7c47fa7998390,PLAT-VISADASHBOARD,C,2026-09-24,500,granted,1,2024-08-31,2024-08-31,2024-08-31,0,PhD,Postgraduate Research,Other,Outside Australia,no,unknown,Group of Eight,100,,https://www.visadashboard.top/dashboard/table
VD-ba45adbada66181f3dce,c1807099e73482eff3b3,PLAT-VISADASHBOARD,C,2026-09-24,500,granted,1,2024-07-13,2024-08-30,2024-08-30,48,PhD,Postgraduate Research,Other,Outside Australia,no,unknown,Other/Unverified,100,,https://www.visadashboard.top/dashboard/table
VD-4b60e3e8249891e247d5,b51bfc4a399c600c9e4e,PLAT-VISADASHBOARD,C,2026-09-24,500,granted,1,2024-07-18,2024-08-28,2024-08-28,41,PhD,Postgraduate Research,Natural Sciences,Outside Australia,no,unknown,Other/Unverified,100,,https://www.visadashboard.top/dashboard/table
VD-f02ecf68ab67765ee148,33ebc215fdc4e6cfd832,PLAT-VISADASHBOARD,C,2026-09-24,500,granted,1,2024-07-18,2024-08-28,2024-08-28,41,PhD,Postgraduate Research,Other,Outside Australia,no,unknown,Other/Unverified,100,,https://www.visadashboard.top/dashboard/table
VD-3e9b58fc1c52ed381c1e,b51bfc4a399c600c9e4e,PLAT-VISADASHBOARD,C,2026-09-24,500,granted,1,2024-07-18,2024-08-28,2024-08-28,41,PhD,Postgraduate Research,Natural Sciences,Outside Australia,no,unknown,Unknown,100,,https://www.visadashboard.top/dashboard/table
VD-bfafbedabfe6d07d0f8d,1553f390eb96991d7c40,PLAT-VISADASHBOARD,C,2026-09-24,500,granted,1,2024-08-27,2024-08-27,2024-08-27,0,PhD,Postgraduate Research,Other,In Australia,no,unknown,Unknown,100,,https://www.visadashboard.top/dashboard/table
VD-7cc48b2e5e7582ac6ef6,d84147ba2f8c31d533e8,PLAT-VISADASHBOARD,C,2026-09-24,500,granted,1,2024-07-15,2024-08-27,2024-08-27,43,PhD,Postgraduate Research,Engineering,Outside Australia,no,unknown,Other/Unverified,100,,https://www.visadashboard.top/dashboard/table
VD-fdc204b357303da2908b,cb5c07bf7432850a484d,PLAT-VISADASHBOARD,C,2026-09-24,500,granted,1,2024-07-13,2024-08-26,2024-08-26,44,PhD,Postgraduate Research,Other,Outside Australia,no,unknown,Other/Unverified,100,,https://www.visadashboard.top/dashboard/table
VD-9239a5f8e19d45753163,e8a22262392e7e8245b0,PLAT-VISADASHBOARD,C,2026-09-24,500,granted,1,2024-02-02,2024-08-26,2024-08-26,206,PhD,Postgraduate Research,Engineering,Outside Australia,no,unknown,Other/Unverified,100,,https://www.visadashboard.top/dashboard/table
VD-fa4ec753290344088b17,21df9f45b0521c57ea7a,PLAT-VISADASHBOARD,C,2026-09-24,500,granted,1,2023-08-16,2024-08-26,2024-08-26,376,PhD,Postgraduate Research,Other,Outside Australia,no,unknown,Other/Unverified,100,,https://www.visadashboard.top/dashboard/table
VD-16174e58e530ad3cd74d,e1ada3cfd8978893a110,PLAT-VISADASHBOARD,C,2026-09-24,500,granted,1,2024-07-13,2024-08-25,2024-08-25,43,PhD,Postgraduate Research,Health and Medicine,Outside Australia,no,unknown,Unknown,100,,https://www.visadashboard.top/dashboard/table
VD-577ee16cc142cd45d681,4641cc86a240311a5a8e,PLAT-VISADASHBOARD,C,2026-09-24,500,granted,1,2024-07-12,2024-08-25,2024-08-25,44,PhD,Postgraduate Research,Other,Outside Australia,no,unknown,Unknown,100,,https://www.visadashboard.top/dashboard/table
VD-1fe28285e40ffab29741,c88e70fe65fb3c0282d6,PLAT-VISADASHBOARD,C,2026-09-24,500,granted,1,2024-07-11,2024-08-25,2024-08-25,45,PhD,Postgraduate Research,Other,Outside Australia,no,unknown,Other/Unverified,100,,https://www.visadashboard.top/dashboard/table
VD-81996714b2a5fb18e84a,ffc20fb34b218d2f3cd5,PLAT-VISADASHBOARD,C,2026-09-24,500,granted,1,2024-07-10,2024-08-25,2024-08-25,46,PhD,Postgraduate Research,Health and Medicine,Outside Australia,no,unknown,Other/Unverified,100,,https://www.visadashboard.top/dashboard/table
VD-02cefd8ea0b53005ee7d,9507a5e4edc34696f997,PLAT-VISADASHBOARD,C,2026-09-24,500,granted,1,2024-07-10,2024-08-24,2024-08-24,45,PhD,Postgraduate Research,Engineering,Outside Australia,no,unknown,Other/Unverified,100,,https://www.visadashboard.top/dashboard/table
VD-c4ee3f8837be307e643f,a7472761125b09cda601,PLAT-VISADASHBOARD,C,2026-09-24,500,granted,1,2024-07-08,2024-08-24,2024-08-24,47,PhD,Postgraduate Research,Natural Sciences,Outside Australia,no,unknown,Unknown,100,,https://www.visadashboard.top/dashboard/table
VD-663a5e01219587419165,2d67e7f9ef3710250cd2,PLAT-VISADASHBOARD,C,2026-09-24,500,granted,1,2024-07-07,2024-08-24,2024-08-24,48,PhD,Postgraduate Research,Humanities and Social Sciences,Outside Australia,no,unknown,Other/Unverified,100,,https://www.visadashboard.top/dashboard/table
VD-1c35dc24c52f81433e10,9097fadc1c222ea96317,PLAT-VISADASHBOARD,C,2026-09-24,500,granted,1,2024-07-07,2024-08-24,2024-08-24,48,PhD,Postgraduate Research,Other,Outside Australia,no,unknown,Unknown,100,,https://www.visadashboard.top/dashboard/table
VD-e49462ed9eaa1c36405b,566d48d90d86a7cbd503,PLAT-VISADASHBOARD,C,2026-09-24,500,granted,1,2024-07-06,2024-08-24,2024-08-24,49,PhD,Postgraduate Research,Health and Medicine,Outside Australia,no,unknown,Group of Eight,100,,https://www.visadashboard.top/dashboard/table
VD-f3f5c8905c6dd7ad62a6,647821ed0e0862d49927,PLAT-VISADASHBOARD,C,2026-09-24,500,granted,1,2024-07-05,2024-08-24,2024-08-24,50,PhD,Postgraduate Research,Other,Outside Australia,no,unknown,Unknown,100,,https://www.visadashboard.top/dashboard/table
VD-0bc4dc004b6ff682465f,09297b157c7258bf491c,PLAT-VISADASHBOARD,C,2026-09-24,500,granted,1,2024-07-04,2024-08-22,2024-08-22,49,PhD,Postgraduate Research,Engineering,Outside Australia,no,unknown,Other/Unverified,100,,https://www.visadashboard.top/dashboard/table
VD-2e02c7baea0d37283249,2009fc80ef0d1e657aec,PLAT-VISADASHBOARD,C,2026-09-24,500,granted,1,2024-06-12,2024-08-21,2024-08-21,70,PhD,Postgraduate Research,Education,Outside Australia,no,unknown,Other/Unverified,100,,https://www.visadashboard.top/dashboard/table
VD-d44e99273c80a871e6b8,c4c93ea6cfbf679a4323,PLAT-VISADASHBOARD,C,2026-09-24,500,granted,1,2024-07-02,2024-08-19,2024-08-19,48,PhD,Postgraduate Research,Health and Medicine,Outside Australia,no,unknown,Unknown,100,,https://www.visadashboard.top/dashboard/table
VD-7cbdac13b8babc702604,666e0b42828d82b7044b,PLAT-VISADASHBOARD,C,2026-09-24,500,granted,1,2024-06-26,2024-08-07,2024-08-07,42,PhD,Postgraduate Research,Business and Economics,Outside Australia,no,unknown,Unknown,100,,https://www.visadashboard.top/dashboard/table
VD-f187276f8716888d661f,666e0b42828d82b7044b,PLAT-VISADASHBOARD,C,2026-09-24,500,granted,1,2024-06-26,2024-08-07,2024-08-07,42,PhD,Postgraduate Research,Business and Economics,Outside Australia,no,unknown,Unknown,100,,https://www.visadashboard.top/dashboard/table
VD-1dfc93fe450e1df7165e,ec1a9de7f3c88237dafe,PLAT-VISADASHBOARD,C,2026-09-24,500,granted,1,2024-06-20,2024-08-06,2024-08-06,47,PhD,Postgraduate Research,Other,Outside Australia,unknown,unknown,Unknown,100,,https://www.visadashboard.top/dashboard/table
VD-2215d0d10eff5a95c27b,7d2cbaa61b8896a744a1,PLAT-VISADASHBOARD,C,2026-09-24,500,granted,1,2024-06-23,2024-08-05,2024-08-05,43,PhD,Postgraduate Research,Health and Medicine,Outside Australia,no,unknown,Unknown,100,,https://www.visadashboard.top/dashboard/table
VD-7e5e790ea674bfd9def6,d7f9f14f27c38348f5c9,PLAT-VISADASHBOARD,C,2026-09-24,500,granted,1,2022-12-20,2024-08-04,2024-08-04,593,PhD,Postgraduate Research,Engineering,Outside Australia,no,unknown,Unknown,100,,https://www.visadashboard.top/dashboard/table
VD-a07d4c879eb0c826721f,1f5d1e0873bbe1258fab,PLAT-VISADASHBOARD,C,2026-09-24,500,granted,1,2024-02-03,2024-07-26,2024-07-26,174,PhD,Postgraduate Research,Natural Sciences,Outside Australia,no,unknown,Unknown,100,,https://www.visadashboard.top/dashboard/table
VD-0d343b7c85b9880345e0,d742527f80d84ce172fb,PLAT-VISADASHBOARD,C,2026-09-24,500,granted,1,2024-01-29,2024-07-26,2024-07-26,179,PhD,Postgraduate Research,Computing and Data,Outside Australia,no,unknown,Unknown,100,,https://www.visadashboard.top/dashboard/table
VD-2a5071e7016c22423e04,9b0d945ac11459e39ef0,PLAT-VISADASHBOARD,C,2026-09-24,500,granted,1,2024-01-24,2024-07-26,2024-07-26,184,PhD,Postgraduate Research,Natural Sciences,Outside Australia,no,unknown,Unknown,100,,https://www.visadashboard.top/dashboard/table
VD-dd80c21f7cc780d055a8,3171f7b116f41bb9edca,PLAT-VISADASHBOARD,C,2026-09-24,500,granted,1,2024-01-21,2024-07-26,2024-07-26,187,PhD,Postgraduate Research,Other,Outside Australia,no,unknown,Unknown,100,,https://www.visadashboard.top/dashboard/table
VD-4725dd9a89314b4f7c82,c4d9edf90c76243ca5bb,PLAT-VISADASHBOARD,C,2026-09-24,500,granted,1,2024-01-15,2024-07-26,2024-07-26,193,PhD,Postgraduate Research,Engineering,Outside Australia,no,unknown,Unknown,100,,https://www.visadashboard.top/dashboard/table
VD-796920eaaf1e7bd0f2dc,fcf04f2adf46472bff9e,PLAT-VISADASHBOARD,C,2026-09-24,500,granted,1,2023-11-17,2024-07-26,2024-07-26,252,PhD,Postgraduate Research,Other,Outside Australia,no,unknown,Unknown,100,,https://www.visadashboard.top/dashboard/table
VD-ab3d1db6010fc07834c6,a8db4807866701eab505,PLAT-VISADASHBOARD,C,2026-09-24,500,granted,1,2024-01-24,2024-07-24,2024-07-24,182,PhD,Postgraduate Research,Health and Medicine,In Australia,no,unknown,Unknown,100,,https://www.visadashboard.top/dashboard/table
VD-8508f226a91c4bf25ce2,bb5ac7050b276b167739,PLAT-VISADASHBOARD,C,2026-09-24,500,granted,1,2024-07-06,2024-07-06,2024-07-06,0,PhD,Postgraduate Research,Natural Sciences,Outside Australia,no,unknown,Other/Unverified,100,,https://www.visadashboard.top/dashboard/table
VD-ffb55ec7d0c6b0bc6812,9966d7eb48401dcc57eb,PLAT-VISADASHBOARD,C,2026-09-24,500,granted,1,2023-06-13,2024-07-05,2024-07-05,388,PhD,Postgraduate Research,Engineering,In Australia,no,unknown,Unknown,100,,https://www.visadashboard.top/dashboard/table
VD-fe0eb25515762eca1907,fb6d8f650247d8bb16d7,PLAT-VISADASHBOARD,C,2026-09-24,500,granted,1,2024-01-23,2024-07-04,2024-07-04,163,PhD,Postgraduate Research,Other,Outside Australia,no,unknown,Unknown,100,,https://www.visadashboard.top/dashboard/table
VD-57e16f3760a1896b0d53,2d487615e8f13bc9fd18,PLAT-VISADASHBOARD,C,2026-09-24,500,granted,1,2024-04-24,2024-07-02,2024-07-02,69,PhD,Postgraduate Research,Other,Outside Australia,no,unknown,Unknown,100,,https://www.visadashboard.top/dashboard/table
VD-0eefae19c2a857a0e50c,aaeb7b3679e0e586e2cc,PLAT-VISADASHBOARD,C,2026-09-24,500,granted,1,2023-04-05,2024-06-28,2024-06-28,450,PhD,Postgraduate Research,Other,Outside Australia,no,unknown,Unknown,100,,https://www.visadashboard.top/dashboard/table
VD-f33d7381539db80917f4,e600513ac990f6b3fb2e,PLAT-VISADASHBOARD,C,2026-09-24,500,granted,1,2023-12-04,2024-06-18,2024-06-18,197,PhD,Postgraduate Research,Other,Outside Australia,no,unknown,Unknown,100,,https://www.visadashboard.top/dashboard/table
VD-80eee56f4f697810cbff,203698c68ce98da4891f,PLAT-VISADASHBOARD,C,2026-09-24,500,granted,1,2024-04-16,2024-06-12,2024-06-12,57,PhD,Postgraduate Research,Other,Outside Australia,no,unknown,Unknown,100,,https://www.visadashboard.top/dashboard/table
VD-247d0e0c6882167c328a,5dd6bcc4aa5dcb839f1b,PLAT-VISADASHBOARD,C,2026-09-24,500,granted,1,2024-04-08,2024-06-12,2024-06-12,65,PhD,Postgraduate Research,Other,Outside Australia,no,unknown,Unknown,100,,https://www.visadashboard.top/dashboard/table
VD-41fb1a5e3f265ed1e02c,4a1f4edb3302ba647511,PLAT-VISADASHBOARD,C,2026-09-24,500,granted,1,2024-03-14,2024-06-11,2024-06-11,89,PhD,Postgraduate Research,Computing and Data,Outside Australia,no,unknown,Unknown,100,,https://www.visadashboard.top/dashboard/table
VD-30aa5322f1c935abab1f,11c7149a1a0ba00bb0e2,PLAT-VISADASHBOARD,C,2026-09-24,500,granted,1,2024-05-27,2024-06-03,2024-06-03,7,PhD,Postgraduate Research,Health and Medicine,Outside Australia,no,unknown,Unknown,100,,https://www.visadashboard.top/dashboard/table
VD-2a1f66c13554c6f56863,b7a0aba30e964dcdf111,PLAT-VISADASHBOARD,C,2026-09-24,500,granted,1,2024-05-26,2024-06-03,2024-06-03,8,PhD,Postgraduate Research,Other,Outside Australia,no,unknown,Unknown,100,,https://www.visadashboard.top/dashboard/table
VD-17d978e59ba21163a80f,5c842b68dc3d282fdc13,PLAT-VISADASHBOARD,C,2026-09-24,500,granted,1,2024-05-24,2024-06-03,2024-06-03,10,PhD,Postgraduate Research,Natural Sciences,Outside Australia,no,unknown,Unknown,100,,https://www.visadashboard.top/dashboard/table
VD-cf9dd0bfba278af20cdc,4633c8958e58a18353a6,PLAT-VISADASHBOARD,C,2026-09-24,500,granted,1,2024-05-19,2024-06-03,2024-06-03,15,PhD,Postgraduate Research,Natural Sciences,Outside Australia,no,unknown,Unknown,100,,https://www.visadashboard.top/dashboard/table
VD-bdc68c17e50a5bd49872,d32c50bc3296daa539f4,PLAT-VISADASHBOARD,C,2026-09-24,500,granted,1,2024-04-11,2024-06-03,2024-06-03,53,PhD,Postgraduate Research,Natural Sciences,Outside Australia,no,unknown,Unknown,100,,https://www.visadashboard.top/dashboard/table
VD-8055b3e14acfd086c1df,a517ae679647b4edeb06,PLAT-VISADASHBOARD,C,2026-09-24,500,granted,1,2024-03-31,2024-06-03,2024-06-03,64,PhD,Postgraduate Research,Engineering,Outside Australia,no,unknown,Unknown,100,,https://www.visadashboard.top/dashboard/table
VD-979f1313087fed78e415,f6bcf9ae4b4a7245d953,PLAT-VISADASHBOARD,C,2026-09-24,500,granted,1,2023-04-13,2024-06-03,2024-06-03,417,PhD,Postgraduate Research,Other,Outside Australia,no,unknown,Unknown,100,,https://www.visadashboard.top/dashboard/table
VD-f819e0f9eb53384d49c7,d2b26d54be7b8250c4bc,PLAT-VISADASHBOARD,C,2026-09-24,500,granted,1,2022-12-02,2024-06-03,2024-06-03,549,PhD,Postgraduate Research,Other,Outside Australia,no,unknown,Unknown,100,,https://www.visadashboard.top/dashboard/table
VD-e7f9fcff3b37367cf020,43dbc80fc39e696515ae,PLAT-VISADASHBOARD,C,2026-09-24,500,granted,1,2024-03-27,2024-05-27,2024-05-27,61,PhD,Postgraduate Research,Other,In Australia,no,unknown,Unknown,100,,https://www.visadashboard.top/dashboard/table
VD-31d2453009c18a90b05f,8abb69a7a416a3c44a83,PLAT-VISADASHBOARD,C,2026-09-24,500,granted,1,2022-07-20,2024-05-20,2024-05-20,670,PhD,Postgraduate Research,Other,Outside Australia,no,unknown,Unknown,100,,https://www.visadashboard.top/dashboard/table
VD-81f1b01dc7ea2e8f8a8d,5b9269fd20d09cf63409,PLAT-VISADASHBOARD,C,2026-09-24,500,granted,1,2024-05-07,2024-05-17,2024-05-17,10,PhD,Postgraduate Research,Other,Outside Australia,no,unknown,Unknown,100,,https://www.visadashboard.top/dashboard/table
VD-bbb9ef13f118dc5c1476,4c28eab004c732a49866,PLAT-VISADASHBOARD,C,2026-09-24,500,granted,1,2024-02-25,2024-05-14,2024-05-14,79,PhD,Postgraduate Research,Natural Sciences,In Australia,no,unknown,Unknown,100,,https://www.visadashboard.top/dashboard/table
VD-818a94dc42db0187fb49,1d693eb952ebe926df71,PLAT-VISADASHBOARD,C,2026-09-24,500,granted,1,2024-04-07,2024-05-13,2024-05-13,36,PhD,Postgraduate Research,Other,Outside Australia,no,unknown,Unknown,100,,https://www.visadashboard.top/dashboard/table
VD-11014ace6092b9490f1f,55fc4e33d225af8e8071,PLAT-VISADASHBOARD,C,2026-09-24,500,granted,1,2021-03-01,2024-05-13,2024-05-13,1169,PhD,Postgraduate Research,Other,In Australia,no,unknown,Unknown,100,,https://www.visadashboard.top/dashboard/table
VD-bc2a6af768fbf35a9b7a,384368bb7a3d7ab242db,PLAT-VISADASHBOARD,C,2026-09-24,500,granted,1,2024-04-20,2024-05-09,2024-05-09,19,PhD,Postgraduate Research,Other,Outside Australia,no,unknown,Unknown,100,,https://www.visadashboard.top/dashboard/table
VD-d0ffad8f2e37eb8196cc,840087ea15dde4d87e94,PLAT-VISADASHBOARD,C,2026-09-24,500,granted,1,2024-04-17,2024-05-09,2024-05-09,22,PhD,Postgraduate Research,Other,Outside Australia,no,unknown,Unknown,100,,https://www.visadashboard.top/dashboard/table
VD-b45591f82a865fe88012,e12a74aa85f55c9cbf26,PLAT-VISADASHBOARD,C,2026-09-24,500,granted,1,2024-04-16,2024-05-09,2024-05-09,23,PhD,Postgraduate Research,Other,Outside Australia,no,unknown,Unknown,100,,https://www.visadashboard.top/dashboard/table
VD-27a9b4e6e52bd4e5d463,5f62676922891600d99b,PLAT-VISADASHBOARD,C,2026-09-24,500,granted,1,2024-04-14,2024-05-09,2024-05-09,25,PhD,Postgraduate Research,Natural Sciences,Outside Australia,no,unknown,Unknown,100,,https://www.visadashboard.top/dashboard/table
VD-5bc9c35e4a3d7c1e4873,b78dc123fc32fea05c04,PLAT-VISADASHBOARD,C,2026-09-24,500,granted,1,2024-04-03,2024-05-09,2024-05-09,36,PhD,Postgraduate Research,Other,Outside Australia,no,unknown,Unknown,100,,https://www.visadashboard.top/dashboard/table
VD-a819e722eeaab46fb584,d6d3297f1b59ead22a03,PLAT-VISADASHBOARD,C,2026-09-24,500,granted,1,2024-03-29,2024-05-08,2024-05-08,40,PhD,Postgraduate Research,Health and Medicine,Outside Australia,no,unknown,Unknown,100,,https://www.visadashboard.top/dashboard/table
VD-09c6a9b8d416c4c1a8ea,d6d3297f1b59ead22a03,PLAT-VISADASHBOARD,C,2026-09-24,500,granted,1,2024-03-29,2024-05-08,2024-05-08,40,PhD,Postgraduate Research,Health and Medicine,Outside Australia,no,unknown,Unknown,100,,https://www.visadashboard.top/dashboard/table
VD-050191ac4ce7b7b5aa13,0c8d378cb17bf37de3a0,PLAT-VISADASHBOARD,C,2026-09-24,500,granted,1,2024-03-06,2024-05-08,2024-05-08,63,PhD,Postgraduate Research,Other,Outside Australia,no,unknown,Unknown,100,,https://www.visadashboard.top/dashboard/table
VD-feb4403853e81bec524f,8064510cbdc05187ce47,PLAT-VISADASHBOARD,C,2026-09-24,500,granted,1,2024-03-03,2024-05-08,2024-05-08,66,PhD,Postgraduate Research,Health and Medicine,Outside Australia,no,unknown,Unknown,100,,https://www.visadashboard.top/dashboard/table
VD-5837a4244264766265bc,a55a025cf5c819f5e470,PLAT-VISADASHBOARD,C,2026-09-24,500,granted,1,2024-03-03,2024-05-08,2024-05-08,66,PhD,Postgraduate Research,Other,Outside Australia,no,unknown,Unknown,100,,https://www.visadashboard.top/dashboard/table
VD-3d7d418fd969d3273a62,ff7aaafb122ccf9c206d,PLAT-VISADASHBOARD,C,2026-09-24,500,granted,1,2024-02-29,2024-05-08,2024-05-08,69,PhD,Postgraduate Research,Other,Outside Australia,no,unknown,Unknown,100,,https://www.visadashboard.top/dashboard/table
VD-88247f146b1cd1c961e5,37173ad661865facfd36,PLAT-VISADASHBOARD,C,2026-09-24,500,granted,1,2023-02-01,2024-05-08,2024-05-08,462,PhD,Postgraduate Research,Other,Outside Australia,no,unknown,Unknown,100,,https://www.visadashboard.top/dashboard/table
VD-1bad99cd4c40a4ce930f,6229e12a97835353cd4b,PLAT-VISADASHBOARD,C,2026-09-24,500,granted,1,2024-02-13,2024-05-02,2024-05-02,79,PhD,Postgraduate Research,Other,Outside Australia,no,unknown,Unknown,100,,https://www.visadashboard.top/dashboard/table
VD-ebc1b3aad077fec4f6d8,944c5ce41a5a88caa71d,PLAT-VISADASHBOARD,C,2026-09-24,500,granted,1,2024-03-14,2024-04-16,2024-04-16,33,PhD,Postgraduate Research,Computing and Data,Outside Australia,no,unknown,Unknown,100,,https://www.visadashboard.top/dashboard/table
VD-617e84d74cc9ce8ea0af,c9dbbc28455732dfc509,PLAT-VISADASHBOARD,C,2026-09-24,500,granted,1,2024-02-27,2024-04-16,2024-04-16,49,PhD,Postgraduate Research,Other,Outside Australia,no,unknown,Unknown,100,,https://www.visadashboard.top/dashboard/table
VD-8fd7ab1db8fe4b288798,30df1072b0a11f7d3b12,PLAT-VISADASHBOARD,C,2026-09-24,500,granted,1,2024-03-05,2024-04-09,2024-04-09,35,PhD,Postgraduate Research,Engineering,Outside Australia,no,unknown,Unknown,100,,https://www.visadashboard.top/dashboard/table
VD-2b5430ae6a922fb529e1,16d8b737e9008bc3f47a,PLAT-VISADASHBOARD,C,2026-09-24,500,granted,1,2023-03-01,2024-04-09,2024-04-09,405,PhD,Postgraduate Research,Engineering,Outside Australia,no,unknown,Unknown,100,,https://www.visadashboard.top/dashboard/table
VD-918a10dac3d04bb38208,e9cbac2f30fba8adf46b,PLAT-VISADASHBOARD,C,2026-09-24,500,granted,1,2024-03-01,2024-04-08,2024-04-08,38,PhD,Postgraduate Research,Engineering,Outside Australia,no,unknown,Unknown,100,,https://www.visadashboard.top/dashboard/table
VD-2ca1b58a047d1521d42c,7b765e57296c043664e8,PLAT-VISADASHBOARD,C,2026-09-24,500,granted,1,2024-02-28,2024-04-08,2024-04-08,40,PhD,Postgraduate Research,Other,Outside Australia,no,unknown,Unknown,100,,https://www.visadashboard.top/dashboard/table
VD-0be12cdb9d9c8e3e7688,f523aacbe09d87cadfd1,PLAT-VISADASHBOARD,C,2026-09-24,500,granted,1,2024-02-06,2024-04-08,2024-04-08,62,PhD,Postgraduate Research,Other,Outside Australia,no,unknown,Unknown,100,,https://www.visadashboard.top/dashboard/table
VD-b604e95d14a69c0123e1,318ed2ca55edcff4a204,PLAT-VISADASHBOARD,C,2026-09-24,500,granted,1,2024-01-14,2024-04-08,2024-04-08,85,PhD,Postgraduate Research,Natural Sciences,Outside Australia,no,unknown,Unknown,100,,https://www.visadashboard.top/dashboard/table
VD-5c7c16904c699252a550,d11cb95d526cdd6c4365,PLAT-VISADASHBOARD,C,2026-09-24,500,granted,1,2024-01-29,2024-03-20,2024-03-20,51,PhD,Postgraduate Research,Engineering,Outside Australia,no,unknown,Unknown,100,,https://www.visadashboard.top/dashboard/table
VD-aa7bc11f03baceb81b22,91067bcdd55917113e9f,PLAT-VISADASHBOARD,C,2026-09-24,500,granted,1,2023-12-06,2024-03-20,2024-03-20,105,PhD,Postgraduate Research,Other,Outside Australia,no,unknown,Unknown,100,,https://www.visadashboard.top/dashboard/table
VD-3ba8d5b3346d51500cc0,dc719c613636a8fc4d40,PLAT-VISADASHBOARD,C,2026-09-24,500,granted,1,2023-01-01,2024-03-13,2024-03-13,437,PhD,Postgraduate Research,Natural Sciences,Outside Australia,no,unknown,Unknown,100,,https://www.visadashboard.top/dashboard/table
VD-68579c9e1253e8cefd93,2ca7f53f2cf6061051ec,PLAT-VISADASHBOARD,C,2026-09-24,500,granted,1,2024-02-05,2024-02-19,2024-02-19,14,PhD,Postgraduate Research,Other,Outside Australia,no,unknown,Unknown,100,,https://www.visadashboard.top/dashboard/table
VD-18fb3c831cbd45d224ea,ab63505619229ad71f2f,PLAT-VISADASHBOARD,C,2026-09-24,500,granted,1,2023-05-08,2024-02-19,2024-02-19,287,PhD,Postgraduate Research,Other,Outside Australia,no,unknown,Unknown,100,,https://www.visadashboard.top/dashboard/table
VD-cfc7e3bc3c12f61095a5,88a5f7ed5a83c05f32c8,PLAT-VISADASHBOARD,C,2026-09-24,500,granted,1,2024-01-05,2024-02-14,2024-02-14,40,PhD,Postgraduate Research,Other,Outside Australia,no,unknown,Unknown,100,,https://www.visadashboard.top/dashboard/table
VD-f9075dfb3c0b29ba4143,509aa869dc910f7a28ff,PLAT-VISADASHBOARD,C,2026-09-24,500,granted,1,2023-12-15,2024-02-14,2024-02-14,61,PhD,Postgraduate Research,Built Environment,Outside Australia,no,unknown,Unknown,100,,https://www.visadashboard.top/dashboard/table
VD-e2ece95bb1fdd02c8055,c8f95e7b6a3355f6a869,PLAT-VISADASHBOARD,C,2026-09-24,500,granted,1,2024-01-29,2024-02-09,2024-02-09,11,PhD,Postgraduate Research,Other,Outside Australia,no,unknown,Unknown,100,,https://www.visadashboard.top/dashboard/table
VD-c1e1c8d86db94ad063b8,d154fb6ab881ab920e16,PLAT-VISADASHBOARD,C,2026-09-24,500,granted,1,2024-01-21,2024-02-08,2024-02-08,18,PhD,Postgraduate Research,Other,Outside Australia,no,unknown,Unknown,100,,https://www.visadashboard.top/dashboard/table
VD-6deb6411a6af49e8ee72,aff761ffd421bfd961cb,PLAT-VISADASHBOARD,C,2026-09-24,500,granted,1,2024-01-20,2024-02-08,2024-02-08,19,PhD,Postgraduate Research,Engineering,Outside Australia,no,unknown,Unknown,100,,https://www.visadashboard.top/dashboard/table
VD-0af273e17204a1f0c9ae,1e8b1cb2930bcb356056,PLAT-VISADASHBOARD,C,2026-09-24,500,granted,1,2024-01-19,2024-02-08,2024-02-08,20,PhD,Postgraduate Research,Other,Outside Australia,no,unknown,Unknown,100,,https://www.visadashboard.top/dashboard/table
VD-5bd4d882ee6c107cbd65,93cfa8ae8bc8fc882d94,PLAT-VISADASHBOARD,C,2026-09-24,500,granted,1,2024-02-01,2024-02-02,2024-02-02,1,PhD,Postgraduate Research,Humanities and Social Sciences,Outside Australia,no,unknown,Unknown,100,,https://www.visadashboard.top/dashboard/table
VD-f2065f4dc10d192a5f9d,34dab11fe4f3e35a18fb,PLAT-VISADASHBOARD,C,2026-09-24,500,granted,1,2023-11-27,2024-02-02,2024-02-02,67,PhD,Postgraduate Research,Other,Outside Australia,no,unknown,Unknown,100,,https://www.visadashboard.top/dashboard/table
VD-28a57a3a0fd642c01931,c564c0c1ab0a62ada712,PLAT-VISADASHBOARD,C,2026-09-24,500,granted,1,2024-01-31,2024-02-01,2024-02-01,1,PhD,Postgraduate Research,Humanities and Social Sciences,Outside Australia,no,unknown,Unknown,100,,https://www.visadashboard.top/dashboard/table
VD-94169fcf835e0f9c472b,55d200c5eb22040909d9,PLAT-VISADASHBOARD,C,2026-09-24,500,granted,1,2023-09-21,2024-01-31,2024-01-31,132,PhD,Postgraduate Research,Other,In Australia,no,unknown,Unknown,100,,https://www.visadashboard.top/dashboard/table
VD-1174498b9660b3dc756f,55d200c5eb22040909d9,PLAT-VISADASHBOARD,C,2026-09-24,500,granted,1,2023-09-21,2024-01-31,2024-01-31,132,PhD,Postgraduate Research,Other,In Australia,no,unknown,Unknown,100,,https://www.visadashboard.top/dashboard/table
VD-9447434f46708d0a635f,401f3c943b58e302bb72,PLAT-VISADASHBOARD,C,2026-09-24,500,granted,1,2024-01-07,2024-01-24,2024-01-24,17,PhD,Postgraduate Research,Natural Sciences,Outside Australia,no,unknown,Unknown,100,,https://www.visadashboard.top/dashboard/table
VD-6f151d89c27f35701d70,3e7600c4d247c731c847,PLAT-VISADASHBOARD,C,2026-09-24,500,granted,1,2023-12-31,2024-01-24,2024-01-24,24,PhD,Postgraduate Research,Other,Outside Australia,no,unknown,Unknown,100,,https://www.visadashboard.top/dashboard/table
VD-99d83969fe1fdc9cecfc,d0eed069981818ab576e,PLAT-VISADASHBOARD,C,2026-09-24,500,granted,1,2023-12-15,2024-01-24,2024-01-24,40,PhD,Postgraduate Research,Other,Outside Australia,no,unknown,Unknown,100,,https://www.visadashboard.top/dashboard/table
VD-a1f23785c3c7c1ff94b3,9d9d0fb73895232e26c5,PLAT-VISADASHBOARD,C,2026-09-24,500,granted,1,2023-07-26,2024-01-23,2024-01-23,181,PhD,Postgraduate Research,Health and Medicine,Outside Australia,no,unknown,Unknown,100,,https://www.visadashboard.top/dashboard/table
VD-690b672340b838be65ba,616ddc6e286d11933350,PLAT-VISADASHBOARD,C,2026-09-24,500,granted,1,2023-12-08,2024-01-18,2024-01-18,41,PhD,Postgraduate Research,Other,Outside Australia,no,unknown,Unknown,100,,https://www.visadashboard.top/dashboard/table
VD-f80aa0c3dc45c427076c,a8319de45d9d9b36a81f,PLAT-VISADASHBOARD,C,2026-09-24,500,granted,1,2023-12-20,2024-01-17,2024-01-17,28,PhD,Postgraduate Research,Other,Outside Australia,no,unknown,Unknown,100,,https://www.visadashboard.top/dashboard/table
VD-9557223f4f1d15306c78,26d1919f6843934ca0b2,PLAT-VISADASHBOARD,C,2026-09-24,500,granted,1,2023-12-18,2024-01-16,2024-01-16,29,PhD,Postgraduate Research,Other,Outside Australia,no,unknown,Unknown,100,,https://www.visadashboard.top/dashboard/table
VD-a2950bdac0fceebaae93,217b0d3d877e890abfd9,PLAT-VISADASHBOARD,C,2026-09-24,500,granted,1,2024-01-13,2024-01-15,2024-01-15,2,PhD,Postgraduate Research,Natural Sciences,Outside Australia,no,unknown,Unknown,100,,https://www.visadashboard.top/dashboard/table
VD-46acf1ad707b6d74521f,830935f8e17b7b6c9040,PLAT-VISADASHBOARD,C,2026-09-24,500,granted,1,2023-10-23,2024-01-15,2024-01-15,84,PhD,Postgraduate Research,Other,Outside Australia,no,unknown,Unknown,100,,https://www.visadashboard.top/dashboard/table
VD-21359c14b9c7f7c3eca7,30cc27432987198a22e7,PLAT-VISADASHBOARD,C,2026-09-24,500,granted,1,2023-12-17,2024-01-12,2024-01-12,26,PhD,Postgraduate Research,Business and Economics,In Australia,no,unknown,Unknown,100,,https://www.visadashboard.top/dashboard/table
VD-5d531a867bacd839c1f0,b7cb323d8c34f50cabb0,PLAT-VISADASHBOARD,C,2026-09-24,500,granted,1,2023-11-21,2024-01-11,2024-01-11,51,PhD,Postgraduate Research,Other,Outside Australia,no,unknown,Unknown,100,,https://www.visadashboard.top/dashboard/table
VD-6ca6073546c5bdee54e4,c0a157e658065502b7f3,PLAT-VISADASHBOARD,C,2026-09-24,500,granted,1,2023-11-25,2024-01-08,2024-01-08,44,PhD,Postgraduate Research,Other,Outside Australia,no,unknown,Unknown,100,,https://www.visadashboard.top/dashboard/table
VD-6c0465146bbf2c2462ed,abc3d65c795efdcf3fe9,PLAT-VISADASHBOARD,C,2026-09-24,500,granted,1,2023-10-04,2024-01-08,2024-01-08,96,PhD,Postgraduate Research,Other,Outside Australia,no,unknown,Unknown,100,,https://www.visadashboard.top/dashboard/table
VD-e119c3ba2670605bb816,c769f33c1f8b2a738b2f,PLAT-VISADASHBOARD,C,2026-09-24,500,granted,1,2023-11-10,2024-01-05,2024-01-05,56,PhD,Postgraduate Research,Other,Outside Australia,no,unknown,Unknown,100,,https://www.visadashboard.top/dashboard/table
VD-a933f8b094842c729e43,0d4929ff35827c354752,PLAT-VISADASHBOARD,C,2026-09-24,500,granted,1,2023-10-28,2024-01-05,2024-01-05,69,PhD,Postgraduate Research,Other,In Australia,no,unknown,Unknown,100,,https://www.visadashboard.top/dashboard/table
VD-83c70bb6fa4f2312bc3f,e770eb7c9d1f7334bf23,PLAT-VISADASHBOARD,C,2026-09-24,500,granted,1,2023-11-28,2024-01-04,2024-01-04,37,PhD,Postgraduate Research,Engineering,In Australia,no,unknown,Unknown,100,,https://www.visadashboard.top/dashboard/table
VD-857ca32d9cccee4ba5f5,ca1682f56fd63dd73170,PLAT-VISADASHBOARD,C,2026-09-24,500,granted,1,2023-09-01,2024-01-04,2024-01-04,125,PhD,Postgraduate Research,Other,In Australia,no,unknown,Unknown,100,,https://www.visadashboard.top/dashboard/table
VD-9ec5c6737ac49ab8f414,a8c7a5a96486926e4791,PLAT-VISADASHBOARD,C,2026-09-24,500,granted,1,2023-07-18,2024-01-04,2024-01-04,170,PhD,Postgraduate Research,Engineering,Outside Australia,no,unknown,Unknown,100,,https://www.visadashboard.top/dashboard/table
VD-9e1a1e3752323954379b,eba2927518c7634a7436,PLAT-VISADASHBOARD,C,2026-09-24,500,granted,1,2023-07-14,2024-01-04,2024-01-04,174,PhD,Postgraduate Research,Other,Outside Australia,no,unknown,Unknown,100,,https://www.visadashboard.top/dashboard/table
VD-5e2e5b1e1b294618565f,0c043e5d4be2a3e3d8d8,PLAT-VISADASHBOARD,C,2026-09-24,500,granted,1,2023-06-29,2024-01-04,2024-01-04,189,PhD,Postgraduate Research,Other,In Australia,no,unknown,Unknown,100,,https://www.visadashboard.top/dashboard/table
VD-0f11cd6d1d554f66d6b1,908fbbe209913cb3a8b2,PLAT-VISADASHBOARD,C,2026-09-24,500,granted,1,2023-06-26,2024-01-04,2024-01-04,192,PhD,Postgraduate Research,Other,Outside Australia,no,unknown,Unknown,100,,https://www.visadashboard.top/dashboard/table
VD-079e5c8e8e4eb2595e89,b2a8a6a4120acb36eace,PLAT-VISADASHBOARD,C,2026-09-24,500,granted,1,2023-12-16,2024-01-03,2024-01-03,18,PhD,Postgraduate Research,Engineering,Outside Australia,no,unknown,Unknown,100,,https://www.visadashboard.top/dashboard/table
VD-41cd1aef6fbf2e3de0ac,5d1c106a982488b95543,PLAT-VISADASHBOARD,C,2026-09-24,500,granted,1,2023-12-06,2024-01-03,2024-01-03,28,PhD,Postgraduate Research,Other,Outside Australia,no,unknown,Unknown,100,,https://www.visadashboard.top/dashboard/table
VD-60ecb7983c6109c406a0,0cb69c6544858b987519,PLAT-VISADASHBOARD,C,2026-09-24,500,granted,1,2023-11-21,2024-01-03,2024-01-03,43,PhD,Postgraduate Research,Other,Outside Australia,no,unknown,Unknown,100,,https://www.visadashboard.top/dashboard/table
VD-d12f8f2bd80446c62903,fad1ccdb207e3b20471f,PLAT-VISADASHBOARD,C,2026-09-24,500,granted,1,2023-11-17,2024-01-03,2024-01-03,47,PhD,Postgraduate Research,Other,Outside Australia,no,unknown,Unknown,100,,https://www.visadashboard.top/dashboard/table
VD-885f6a4bd8b1216cb9d3,58934fe48a9525c93db3,PLAT-VISADASHBOARD,C,2026-09-24,500,granted,1,2023-11-12,2024-01-03,2024-01-03,52,PhD,Postgraduate Research,Other,Outside Australia,no,unknown,Unknown,100,,https://www.visadashboard.top/dashboard/table
VD-1890e97a7c9fd3ecf195,6b6139f5e4fc90988917,PLAT-VISADASHBOARD,C,2026-09-24,500,granted,1,2023-10-15,2024-01-03,2024-01-03,80,PhD,Postgraduate Research,Other,Outside Australia,no,unknown,Unknown,100,,https://www.visadashboard.top/dashboard/table
VD-75916f5e8dd9c2b99543,709241cfd0e67e61a8aa,PLAT-VISADASHBOARD,C,2026-09-24,500,granted,1,2023-07-14,2024-01-03,2024-01-03,173,PhD,Postgraduate Research,Health and Medicine,In Australia,no,unknown,Unknown,100,,https://www.visadashboard.top/dashboard/table
VD-b2889840daa7d260ff37,c0f9ef6cb7cd77b9b268,PLAT-VISADASHBOARD,C,2026-09-24,500,granted,1,2023-12-21,2024-01-02,2024-01-02,12,PhD,Postgraduate Research,Health and Medicine,Outside Australia,no,unknown,Unknown,100,,https://www.visadashboard.top/dashboard/table
VD-3335256dea46b39f3f59,dc7dac621fb5c399de80,PLAT-VISADASHBOARD,C,2026-09-24,500,granted,1,2023-08-21,2024-01-02,2024-01-02,134,PhD,Postgraduate Research,Other,Outside Australia,no,unknown,Unknown,100,,https://www.visadashboard.top/dashboard/table
VD-1ef3fd4b1be9a5a88ae2,53f14005b8fcb9aa1355,PLAT-VISADASHBOARD,C,2026-09-24,500,granted,1,2023-07-19,2024-01-02,2024-01-02,167,PhD,Postgraduate Research,Other,Outside Australia,no,unknown,Unknown,100,,https://www.visadashboard.top/dashboard/table
VD-6b66ad4ab542db34254b,dd2fb9a340aa63517e8f,PLAT-VISADASHBOARD,C,2026-09-24,500,granted,1,2023-08-04,2023-12-29,2023-12-29,147,PhD,Postgraduate Research,Other,Outside Australia,no,unknown,Unknown,100,,https://www.visadashboard.top/dashboard/table
VD-6103f566008941a5f872,86e8c3f6cfa90fe80843,PLAT-VISADASHBOARD,C,2026-09-24,500,granted,1,2023-10-21,2023-12-28,2023-12-28,68,PhD,Postgraduate Research,Natural Sciences,Outside Australia,no,unknown,Unknown,100,,https://www.visadashboard.top/dashboard/table
VD-7aa4cc6ee4797ab609be,7bd05643d951b03f8a6f,PLAT-VISADASHBOARD,C,2026-09-24,500,granted,1,2023-10-18,2023-12-28,2023-12-28,71,PhD,Postgraduate Research,Health and Medicine,Outside Australia,no,unknown,Unknown,100,,https://www.visadashboard.top/dashboard/table
VD-120777e85587ba57847c,cf1f88ee361af42c137e,PLAT-VISADASHBOARD,C,2026-09-24,500,granted,1,2023-09-09,2023-12-28,2023-12-28,110,PhD,Postgraduate Research,Other,Outside Australia,no,unknown,Unknown,100,,https://www.visadashboard.top/dashboard/table
VD-51be8032a7bcaab55c33,fcf57785da7325edd6d0,PLAT-VISADASHBOARD,C,2026-09-24,500,granted,1,2022-12-18,2023-12-28,2023-12-28,375,PhD,Postgraduate Research,Other,Outside Australia,no,unknown,Unknown,100,,https://www.visadashboard.top/dashboard/table
VD-4c564ec8f8da1cd430a8,6bfea26b4d7022a000c1,PLAT-VISADASHBOARD,C,2026-09-24,500,granted,1,2023-12-19,2023-12-23,2023-12-23,4,PhD,Postgraduate Research,Other,Outside Australia,no,unknown,Unknown,100,,https://www.visadashboard.top/dashboard/table
VD-f3de6b4c0254e337b415,0df204220ca5241d57cb,PLAT-VISADASHBOARD,C,2026-09-24,500,granted,1,2023-07-23,2023-12-22,2023-12-22,152,PhD,Postgraduate Research,Other,Outside Australia,no,unknown,Unknown,100,,https://www.visadashboard.top/dashboard/table
VD-5d27c2b692b2a878e0f1,1ed06acef2e5041fa1c5,PLAT-VISADASHBOARD,C,2026-09-24,500,granted,1,2023-07-20,2023-12-22,2023-12-22,155,PhD,Postgraduate Research,Other,Outside Australia,no,unknown,Unknown,100,,https://www.visadashboard.top/dashboard/table
VD-822e98fb3a73f769980a,fda4e58ae8e4cdbae29d,PLAT-VISADASHBOARD,C,2026-09-24,500,granted,1,2023-07-17,2023-12-22,2023-12-22,158,PhD,Postgraduate Research,Health and Medicine,Outside Australia,no,unknown,Unknown,100,,https://www.visadashboard.top/dashboard/table
VD-41ac1b8e794890afeab9,49a142d34d408bdd2fa7,PLAT-VISADASHBOARD,C,2026-09-24,500,granted,1,2023-07-17,2023-12-22,2023-12-22,158,PhD,Postgraduate Research,Other,Outside Australia,no,unknown,Unknown,100,,https://www.visadashboard.top/dashboard/table
VD-cacf522d409bd70d02f4,8c2f4cb0c60691a8cc57,PLAT-VISADASHBOARD,C,2026-09-24,500,granted,1,2023-07-16,2023-12-22,2023-12-22,159,PhD,Postgraduate Research,Other,Outside Australia,no,unknown,Unknown,100,,https://www.visadashboard.top/dashboard/table
VD-6d5ff1305818b882196f,1587ee447769a54e7939,PLAT-VISADASHBOARD,C,2026-09-24,500,granted,1,2023-07-15,2023-12-22,2023-12-22,160,PhD,Postgraduate Research,Other,Outside Australia,no,unknown,Unknown,100,,https://www.visadashboard.top/dashboard/table
VD-438a2ad3f2dd157fdb39,f6924750026df2cdc757,PLAT-VISADASHBOARD,C,2026-09-24,500,granted,1,2023-06-26,2023-12-22,2023-12-22,179,PhD,Postgraduate Research,Other,Outside Australia,no,unknown,Unknown,100,,https://www.visadashboard.top/dashboard/table
VD-914f8155495096a2c003,2e3539bd7fe905a017ae,PLAT-VISADASHBOARD,C,2026-09-24,500,granted,1,2023-08-09,2023-12-21,2023-12-21,134,PhD,Postgraduate Research,Other,Outside Australia,no,unknown,Unknown,100,,https://www.visadashboard.top/dashboard/table
VD-e2a9628ce8fe147d6390,a116a7cadba1ddd2909e,PLAT-VISADASHBOARD,C,2026-09-24,500,granted,1,2023-07-31,2023-12-21,2023-12-21,143,PhD,Postgraduate Research,Other,In Australia,no,unknown,Unknown,100,,https://www.visadashboard.top/dashboard/table
VD-954364cf3150749eb15d,65721100424c4f0db19e,PLAT-VISADASHBOARD,C,2026-09-24,500,granted,1,2023-07-19,2023-12-21,2023-12-21,155,PhD,Postgraduate Research,Other,Outside Australia,no,unknown,Unknown,100,,https://www.visadashboard.top/dashboard/table
VD-965412c98b99d296b86f,6bf29812cb40c5e65253,PLAT-VISADASHBOARD,C,2026-09-24,500,granted,1,2023-07-13,2023-12-21,2023-12-21,161,PhD,Postgraduate Research,Other,Outside Australia,no,unknown,Unknown,100,,https://www.visadashboard.top/dashboard/table
VD-4c84b63261c07228f6a7,5016a99665df4c5a17fb,PLAT-VISADASHBOARD,C,2026-09-24,500,granted,1,2023-05-28,2023-12-21,2023-12-21,207,PhD,Postgraduate Research,Other,Outside Australia,no,unknown,Unknown,100,,https://www.visadashboard.top/dashboard/table
VD-405ce4a4a99a9274633e,b02c837a41ed9ed33e90,PLAT-VISADASHBOARD,C,2026-09-24,500,granted,1,2024-07-04,2023-12-20,2023-12-20,-197,PhD,Postgraduate Research,Other,Outside Australia,no,unknown,Unknown,0,decision_before_lodgement|implausible_waiting_days,https://www.visadashboard.top/dashboard/table
VD-a6941367e52cccc2586c,b3bb5dd9fae7b0f95a1d,PLAT-VISADASHBOARD,C,2026-09-24,500,granted,1,2023-11-20,2023-12-20,2023-12-20,30,PhD,Postgraduate Research,Health and Medicine,Outside Australia,no,unknown,Unknown,100,,https://www.visadashboard.top/dashboard/table
VD-049524077fddf0892ecd,833c837a384bf4c19fe3,PLAT-VISADASHBOARD,C,2026-09-24,500,granted,1,2023-10-17,2023-12-20,2023-12-20,64,PhD,Postgraduate Research,Other,Outside Australia,no,unknown,Unknown,100,,https://www.visadashboard.top/dashboard/table
VD-6cfba2fe48379daf65f8,833c837a384bf4c19fe3,PLAT-VISADASHBOARD,C,2026-09-24,500,granted,1,2023-10-17,2023-12-20,2023-12-20,64,PhD,Postgraduate Research,Other,Outside Australia,no,unknown,Unknown,100,,https://www.visadashboard.top/dashboard/table
VD-8ab795ad6e8e62970ada,e8227806fd102e9afcac,PLAT-VISADASHBOARD,C,2026-09-24,500,granted,1,2023-10-17,2023-12-20,2023-12-20,64,PhD,Postgraduate Research,Natural Sciences,Outside Australia,no,unknown,Unknown,100,,https://www.visadashboard.top/dashboard/table
VD-7eedc0606a2a51ede865,6f134436d8eede69d1d1,PLAT-VISADASHBOARD,C,2026-09-24,500,granted,1,2023-09-30,2023-12-20,2023-12-20,81,PhD,Postgraduate Research,Computing and Data,Outside Australia,no,unknown,Unknown,100,,https://www.visadashboard.top/dashboard/table
VD-6153256d3511e51e4b55,f5f2b034831fc9bc1cd3,PLAT-VISADASHBOARD,C,2026-09-24,500,granted,1,2023-09-25,2023-12-20,2023-12-20,86,PhD,Postgraduate Research,Other,Outside Australia,no,unknown,Unknown,100,,https://www.visadashboard.top/dashboard/table
VD-751cf5e4701211c8e8a1,093de203040b5f0aded7,PLAT-VISADASHBOARD,C,2026-09-24,500,granted,1,2023-09-01,2023-12-20,2023-12-20,110,Unknown,Unknown,Other,Outside Australia,no,unknown,Unknown,92,unknown_education_level,https://www.visadashboard.top/dashboard/table
VD-f1445479630c0660077a,51b573493d9f958d630c,PLAT-VISADASHBOARD,C,2026-09-24,500,granted,1,2023-08-04,2023-12-20,2023-12-20,138,PhD,Postgraduate Research,Engineering,Outside Australia,no,unknown,Unknown,100,,https://www.visadashboard.top/dashboard/table
VD-cd9bf2b453592f5ff3bb,f9e66f1701ba353d76a6,PLAT-VISADASHBOARD,C,2026-09-24,500,granted,1,2023-08-01,2023-12-20,2023-12-20,141,PhD,Postgraduate Research,Other,Outside Australia,no,unknown,Unknown,100,,https://www.visadashboard.top/dashboard/table
VD-760097b1ac5abf1c9009,c609da480a656fef667c,PLAT-VISADASHBOARD,C,2026-09-24,500,granted,1,2023-07-30,2023-12-20,2023-12-20,143,PhD,Postgraduate Research,Other,Outside Australia,no,unknown,Unknown,100,,https://www.visadashboard.top/dashboard/table
VD-2b1c114da4463cf4b360,c609da480a656fef667c,PLAT-VISADASHBOARD,C,2026-09-24,500,granted,1,2023-07-30,2023-12-20,2023-12-20,143,PhD,Postgraduate Research,Other,Outside Australia,no,unknown,Unknown,100,,https://www.visadashboard.top/dashboard/table
VD-b9fc70ded7155a155365,ab94815eeb167922787b,PLAT-VISADASHBOARD,C,2026-09-24,500,granted,1,2023-07-03,2023-12-20,2023-12-20,170,Unknown,Unknown,Other,Outside Australia,no,unknown,Unknown,92,unknown_education_level,https://www.visadashboard.top/dashboard/table
VD-e6b80dd3de1cc07c49e7,7789ee6785b2a1f29091,PLAT-VISADASHBOARD,C,2026-09-24,500,granted,1,2023-06-30,2023-12-20,2023-12-20,173,PhD,Postgraduate Research,Other,Outside Australia,no,unknown,Unknown,100,,https://www.visadashboard.top/dashboard/table
VD-6996374a5ec38224339d,0e44d0ad84ad69da8643,PLAT-VISADASHBOARD,C,2026-09-24,500,granted,1,2023-06-29,2023-12-20,2023-12-20,174,PhD,Postgraduate Research,Natural Sciences,Outside Australia,no,unknown,Other/Unverified,100,,https://www.visadashboard.top/dashboard/table
VD-1730fc45fa2d30fc5e3f,0e44d0ad84ad69da8643,PLAT-VISADASHBOARD,C,2026-09-24,500,granted,1,2023-06-29,2023-12-20,2023-12-20,174,PhD,Postgraduate Research,Natural Sciences,Outside Australia,no,unknown,Other/Unverified,100,,https://www.visadashboard.top/dashboard/table
VD-09c39bc62f81202d173a,517163b2f06d05dba45a,PLAT-VISADASHBOARD,C,2026-09-24,500,granted,1,2023-05-15,2023-12-20,2023-12-20,219,PhD,Postgraduate Research,Engineering,Outside Australia,no,unknown,Unknown,100,,https://www.visadashboard.top/dashboard/table
VD-68cddc657be588200450,d59813e5f8466fe7c9e9,PLAT-VISADASHBOARD,C,2026-09-24,500,granted,1,2023-05-09,2023-12-20,2023-12-20,225,PhD,Postgraduate Research,Other,In Australia,no,unknown,Unknown,100,,https://www.visadashboard.top/dashboard/table
VD-ff1ca9ae8aeabfdbeeb9,ff1e7aca9111671d8fc7,PLAT-VISADASHBOARD,C,2026-09-24,500,granted,1,2023-04-23,2023-12-20,2023-12-20,241,PhD,Postgraduate Research,Engineering,In Australia,no,unknown,Unknown,100,,https://www.visadashboard.top/dashboard/table
VD-16d3e8243aca5d8c9416,ca296055650ac076b700,PLAT-VISADASHBOARD,C,2026-09-24,500,granted,1,2023-10-16,2023-12-19,2023-12-19,64,PhD,Postgraduate Research,Other,Outside Australia,unknown,yes,Other/Unverified,100,,https://www.visadashboard.top/dashboard/table
VD-a15a309e86b0af5f594a,c2dd0c88cfd8976bd70c,PLAT-VISADASHBOARD,C,2026-09-24,500,granted,1,2023-08-29,2023-12-19,2023-12-19,112,PhD,Postgraduate Research,Other,Outside Australia,no,unknown,Unknown,100,,https://www.visadashboard.top/dashboard/table
VD-c62b413394fca5730c1a,8910471762a1f59db0c9,PLAT-VISADASHBOARD,C,2026-09-24,500,granted,1,2023-08-28,2023-12-19,2023-12-19,113,PhD,Postgraduate Research,Other,Outside Australia,no,unknown,Unknown,100,,https://www.visadashboard.top/dashboard/table
VD-aa9de6a722b792f85982,264eac35b1c4cc5e044c,PLAT-VISADASHBOARD,C,2026-09-24,500,granted,1,2023-07-24,2023-12-18,2023-12-18,147,PhD,Postgraduate Research,Other,Outside Australia,no,unknown,Unknown,100,,https://www.visadashboard.top/dashboard/table
VD-3ce108978ea173862988,0d08547909a6e739a3cd,PLAT-VISADASHBOARD,C,2026-09-24,500,granted,1,2023-06-23,2023-12-18,2023-12-18,178,PhD,Postgraduate Research,Computing and Data,Outside Australia,no,unknown,Unknown,100,,https://www.visadashboard.top/dashboard/table
VD-0bcbe13f6d9fa6fbed6f,9e3602300fb7fa07956d,PLAT-VISADASHBOARD,C,2026-09-24,500,granted,1,2023-10-01,2023-12-15,2023-12-15,75,PhD,Postgraduate Research,Other,Outside Australia,no,unknown,Unknown,100,,https://www.visadashboard.top/dashboard/table
VD-728da9a03c841dec5f51,0d15954225799554da43,PLAT-VISADASHBOARD,C,2026-09-24,500,granted,1,2023-08-01,2023-12-15,2023-12-15,136,PhD,Postgraduate Research,Other,Outside Australia,no,unknown,Unknown,100,,https://www.visadashboard.top/dashboard/table
VD-279a4453235ed9012475,538a3d391e59ffaec205,PLAT-VISADASHBOARD,C,2026-09-24,500,granted,1,2022-07-24,2023-12-15,2023-12-15,509,PhD,Postgraduate Research,Natural Sciences,Outside Australia,no,unknown,Unknown,100,,https://www.visadashboard.top/dashboard/table
VD-ed9a95b4b180426ae184,191db71a288cb01d7140,PLAT-VISADASHBOARD,C,2026-09-24,500,granted,1,2022-07-19,2023-12-15,2023-12-15,514,PhD,Postgraduate Research,Other,Outside Australia,no,unknown,Unknown,100,,https://www.visadashboard.top/dashboard/table
VD-34edffa6d15b7690e514,33bda95766d5ee2b4a08,PLAT-VISADASHBOARD,C,2026-09-24,500,granted,1,2022-07-06,2023-12-15,2023-12-15,527,PhD,Postgraduate Research,Other,Outside Australia,no,unknown,Unknown,100,,https://www.visadashboard.top/dashboard/table
VD-24f54fe0fbe20377786f,9fcb83651db73a13aecd,PLAT-VISADASHBOARD,C,2026-09-24,500,granted,1,2022-06-21,2023-12-15,2023-12-15,542,PhD,Postgraduate Research,Natural Sciences,Outside Australia,no,unknown,Unknown,100,,https://www.visadashboard.top/dashboard/table
VD-5bd549886029b928c1cf,58f04fa247c7da73785a,PLAT-VISADASHBOARD,C,2026-09-24,500,granted,1,2023-12-11,2023-12-14,2023-12-14,3,PhD,Postgraduate Research,Other,Outside Australia,no,unknown,Unknown,100,,https://www.visadashboard.top/dashboard/table
VD-c4e908187f3300051c62,c872d43277c1763a498d,PLAT-VISADASHBOARD,C,2026-09-24,500,granted,1,2023-07-28,2023-12-14,2023-12-14,139,Unknown,Unknown,Other,Outside Australia,no,unknown,Unknown,92,unknown_education_level,https://www.visadashboard.top/dashboard/table
VD-644ac36d889ad276c399,9a9280074187b1f3aa7d,PLAT-VISADASHBOARD,C,2026-09-24,500,granted,1,2023-04-12,2023-12-14,2023-12-14,246,PhD,Postgraduate Research,Other,Outside Australia,no,unknown,Unknown,100,,https://www.visadashboard.top/dashboard/table
VD-58214f27f85eff042438,9c08b36bad09e83a6e95,PLAT-VISADASHBOARD,C,2026-09-24,500,granted,1,2023-07-25,2023-12-13,2023-12-13,141,PhD,Postgraduate Research,Engineering,Outside Australia,no,unknown,Group of Eight,100,,https://www.visadashboard.top/dashboard/table
VD-5f931471bedc87e76f4d,52525def0573a249fabc,PLAT-VISADASHBOARD,C,2026-09-24,500,granted,1,2023-07-25,2023-12-13,2023-12-13,141,PhD,Postgraduate Research,Other,Outside Australia,no,unknown,Unknown,100,,https://www.visadashboard.top/dashboard/table
VD-97b3edb9f74e26e98f56,399d0a05e30fa5eb082d,PLAT-VISADASHBOARD,C,2026-09-24,500,granted,1,2023-06-28,2023-11-21,2023-11-21,146,PhD,Postgraduate Research,Other,Outside Australia,no,unknown,Unknown,100,,https://www.visadashboard.top/dashboard/table
VD-30eb8c7cf936895ffa97,43c62021d6ee909d7a0d,PLAT-VISADASHBOARD,C,2026-09-24,500,granted,1,2023-05-15,2023-10-31,2023-10-31,169,PhD,Postgraduate Research,Education,Outside Australia,no,unknown,Other/Unverified,100,,https://www.visadashboard.top/dashboard/table
VD-1fa56b3a65a441cec13c,fdd7416f46bf4df0aa1b,PLAT-VISADASHBOARD,C,2026-09-24,500,granted,1,2023-02-24,2023-08-08,2023-08-08,165,PhD,Postgraduate Research,Other,Outside Australia,no,unknown,Unknown,100,,https://www.visadashboard.top/dashboard/table
VD-150f68e6fb6999fd2ccd,ad8b8772459d02e58969,PLAT-VISADASHBOARD,C,2026-09-24,500,granted,1,2023-01-20,2023-08-08,2023-08-08,200,PhD,Postgraduate Research,Other,Outside Australia,no,unknown,Unknown,100,,https://www.visadashboard.top/dashboard/table
VD-60dd7d43c75cc46c7ab0,d50bbd2f0d935bd4fb3c,PLAT-VISADASHBOARD,C,2026-09-24,500,granted,1,2022-11-30,2023-08-08,2023-08-08,251,PhD,Postgraduate Research,Other,Outside Australia,no,unknown,Unknown,100,,https://www.visadashboard.top/dashboard/table
VD-cb932e8a222e4fa52c1c,885040ced1b39e886589,PLAT-VISADASHBOARD,C,2026-09-24,500,granted,1,2022-10-21,2023-08-08,2023-08-08,291,PhD,Postgraduate Research,Other,Outside Australia,no,unknown,Unknown,100,,https://www.visadashboard.top/dashboard/table
VD-4a3a146f8d11a666c4b6,0c55a06ed945d857a822,PLAT-VISADASHBOARD,C,2026-09-24,500,granted,1,2022-10-06,2023-08-08,2023-08-08,306,PhD,Postgraduate Research,Computing and Data,Outside Australia,no,unknown,Unknown,100,,https://www.visadashboard.top/dashboard/table
VD-8462877bc2c89e961146,91f44f04e42c124bff21,PLAT-VISADASHBOARD,C,2026-09-24,500,granted,1,2022-10-05,2023-08-08,2023-08-08,307,PhD,Postgraduate Research,Engineering,Outside Australia,no,unknown,Unknown,100,,https://www.visadashboard.top/dashboard/table
VD-f2a48ddb05fd02c53b4d,3fdcef8794e4aadb279c,PLAT-VISADASHBOARD,C,2026-09-24,500,granted,1,2022-09-29,2023-08-08,2023-08-08,313,PhD,Postgraduate Research,Other,Outside Australia,no,unknown,Unknown,100,,https://www.visadashboard.top/dashboard/table
VD-61fb98c8245ccd08a250,845b371e0599d6532a9c,PLAT-VISADASHBOARD,C,2026-09-24,500,granted,1,2022-09-28,2023-08-08,2023-08-08,314,PhD,Postgraduate Research,Other,Outside Australia,no,unknown,Unknown,100,,https://www.visadashboard.top/dashboard/table
VD-a300c41424b0f38574cc,e9b6266848a285c14164,PLAT-VISADASHBOARD,C,2026-09-24,500,granted,1,2022-08-21,2023-08-08,2023-08-08,352,PhD,Postgraduate Research,Other,Outside Australia,no,unknown,Unknown,100,,https://www.visadashboard.top/dashboard/table
VD-a4480fac45eee919bc09,ee39103d30fcb71184db,PLAT-VISADASHBOARD,C,2026-09-24,500,granted,1,2022-08-20,2023-08-08,2023-08-08,353,PhD,Postgraduate Research,Other,Outside Australia,no,unknown,Unknown,100,,https://www.visadashboard.top/dashboard/table
VD-c2000360412eb1e9fb43,38dc40917ba03b15344e,PLAT-VISADASHBOARD,C,2026-09-24,500,granted,1,2022-08-17,2023-08-08,2023-08-08,356,PhD,Postgraduate Research,Other,Outside Australia,no,unknown,Unknown,100,,https://www.visadashboard.top/dashboard/table
VD-a784c8db94a48be50206,484c255653d59e2db3b8,PLAT-VISADASHBOARD,C,2026-09-24,500,granted,1,2022-08-14,2023-08-08,2023-08-08,359,PhD,Postgraduate Research,Other,Outside Australia,no,unknown,Unknown,100,,https://www.visadashboard.top/dashboard/table
VD-35f0f0da529cd7746e06,db25b014d1299b746528,PLAT-VISADASHBOARD,C,2026-09-24,500,granted,1,2022-08-13,2023-08-08,2023-08-08,360,PhD,Postgraduate Research,Other,Outside Australia,no,unknown,Unknown,100,,https://www.visadashboard.top/dashboard/table
VD-001a9d090d55fa6e1936,977a968cd3048237920a,PLAT-VISADASHBOARD,C,2026-09-24,500,granted,1,2022-08-12,2023-08-08,2023-08-08,361,PhD,Postgraduate Research,Other,Outside Australia,no,unknown,Unknown,100,,https://www.visadashboard.top/dashboard/table
VD-185907f89c5590e6c8ea,977a968cd3048237920a,PLAT-VISADASHBOARD,C,2026-09-24,500,granted,1,2022-08-12,2023-08-08,2023-08-08,361,PhD,Postgraduate Research,Other,Outside Australia,no,unknown,Unknown,100,,https://www.visadashboard.top/dashboard/table
VD-5e48d3e080ba20dfc07a,916313d938f4a1c95795,PLAT-VISADASHBOARD,C,2026-09-24,500,granted,1,2022-07-28,2023-08-08,2023-08-08,376,PhD,Postgraduate Research,Other,Outside Australia,no,unknown,Unknown,100,,https://www.visadashboard.top/dashboard/table
VD-308d70608e1b53b6e200,468bafd8df3121db6859,PLAT-VISADASHBOARD,C,2026-09-24,500,granted,1,2022-07-27,2023-08-08,2023-08-08,377,PhD,Postgraduate Research,Other,Outside Australia,no,unknown,Unknown,100,,https://www.visadashboard.top/dashboard/table
VD-6b35c8f298ddc45471e0,468bafd8df3121db6859,PLAT-VISADASHBOARD,C,2026-09-24,500,granted,1,2022-07-27,2023-08-08,2023-08-08,377,PhD,Postgraduate Research,Other,Outside Australia,no,unknown,Unknown,100,,https://www.visadashboard.top/dashboard/table
VD-8f19e9a8c3c26716a5da,05e24311284ac1950d47,PLAT-VISADASHBOARD,C,2026-09-24,500,granted,1,2022-07-26,2023-08-08,2023-08-08,378,PhD,Postgraduate Research,Natural Sciences,Outside Australia,no,unknown,Unknown,100,,https://www.visadashboard.top/dashboard/table
VD-1a4ff561bbd40c7a0a01,fd6ce99977a549287e21,PLAT-VISADASHBOARD,C,2026-09-24,500,granted,1,2022-07-26,2023-08-08,2023-08-08,378,PhD,Postgraduate Research,Other,Outside Australia,no,unknown,Unknown,100,,https://www.visadashboard.top/dashboard/table
VD-364a7ce92fb6b3aace42,9dd75f938e4eec053146,PLAT-VISADASHBOARD,C,2026-09-24,500,granted,1,2022-07-25,2023-08-08,2023-08-08,379,PhD,Postgraduate Research,Other,Outside Australia,no,unknown,Unknown,100,,https://www.visadashboard.top/dashboard/table
VD-c9ec131f3813e9381aad,79ad277c464ab418cf8f,PLAT-VISADASHBOARD,C,2026-09-24,500,granted,1,2022-07-16,2023-08-08,2023-08-08,388,PhD,Postgraduate Research,Other,Outside Australia,no,unknown,Unknown,100,,https://www.visadashboard.top/dashboard/table
VD-0cedb99a15d9a50585bd,0b3af80d5d3a0f6b266f,PLAT-VISADASHBOARD,C,2026-09-24,500,granted,1,2022-07-07,2023-08-08,2023-08-08,397,PhD,Postgraduate Research,Engineering,Outside Australia,no,unknown,Unknown,100,,https://www.visadashboard.top/dashboard/table
VD-7cff5764e459c2df7d07,66b0582a219fd0db147c,PLAT-VISADASHBOARD,C,2026-09-24,500,granted,1,2022-07-06,2023-08-08,2023-08-08,398,PhD,Postgraduate Research,Natural Sciences,Outside Australia,no,unknown,Unknown,100,,https://www.visadashboard.top/dashboard/table
VD-6819bcfb6157c7294c3b,73ee0ae4a49d34d3da11,PLAT-VISADASHBOARD,C,2026-09-24,500,granted,1,2022-06-21,2023-08-08,2023-08-08,413,PhD,Postgraduate Research,Other,Outside Australia,no,unknown,Unknown,100,,https://www.visadashboard.top/dashboard/table
VD-b42d988acde271deca35,73ee0ae4a49d34d3da11,PLAT-VISADASHBOARD,C,2026-09-24,500,granted,1,2022-06-21,2023-08-08,2023-08-08,413,PhD,Postgraduate Research,Other,Outside Australia,no,unknown,Unknown,100,,https://www.visadashboard.top/dashboard/table
VD-a3aba009f6fee9a9092d,ae0d9f9caa3425550e83,PLAT-VISADASHBOARD,C,2026-09-24,500,granted,1,2022-06-18,2023-08-08,2023-08-08,416,PhD,Postgraduate Research,Other,Outside Australia,no,unknown,Unknown,100,,https://www.visadashboard.top/dashboard/table
VD-11c73ef1276f06998a23,2909c4bbffa4a8d77625,PLAT-VISADASHBOARD,C,2026-09-24,500,granted,1,2021-09-19,2023-08-08,2023-08-08,688,PhD,Postgraduate Research,Other,Outside Australia,no,unknown,Unknown,100,,https://www.visadashboard.top/dashboard/table
VD-a5b9dca6a3ff4d763c40,5fc8f5906f2a5bc6bd69,PLAT-VISADASHBOARD,C,2026-09-24,500,granted,1,2023-02-14,2023-08-07,2023-08-07,174,PhD,Postgraduate Research,Engineering,Outside Australia,no,unknown,Group of Eight,100,,https://www.visadashboard.top/dashboard/table
VD-5f0b1f114befe34c9b92,2b8d4a1fdce0bd60e1dd,PLAT-VISADASHBOARD,C,2026-09-24,500,granted,1,2023-02-05,2023-08-07,2023-08-07,183,PhD,Postgraduate Research,Other,Outside Australia,no,unknown,Other/Unverified,100,,https://www.visadashboard.top/dashboard/table
VD-cfa4fe80ae9a96de70e7,773d9631d131d373d618,PLAT-VISADASHBOARD,C,2026-09-24,500,granted,1,2022-09-30,2023-08-07,2023-08-07,311,PhD,Postgraduate Research,Other,Outside Australia,no,unknown,Other/Unverified,100,,https://www.visadashboard.top/dashboard/table
VD-de6bbbaa5c524151d295,f8cb60d18b7b4830f638,PLAT-VISADASHBOARD,C,2026-09-24,500,granted,1,2022-06-17,2023-08-07,2023-08-07,416,PhD,Postgraduate Research,Other,Outside Australia,no,unknown,Other/Unverified,100,,https://www.visadashboard.top/dashboard/table
VD-d3a3fbb58619d2287a27,f8cb60d18b7b4830f638,PLAT-VISADASHBOARD,C,2026-09-24,500,granted,1,2022-06-17,2023-08-07,2023-08-07,416,PhD,Postgraduate Research,Other,Outside Australia,no,unknown,Other/Unverified,100,,https://www.visadashboard.top/dashboard/table
VD-59baa8a22e40c3dfdb3b,a38a9423e7a243a081dc,PLAT-VISADASHBOARD,C,2026-09-24,500,granted,1,2022-05-05,2023-08-07,2023-08-07,459,PhD,Postgraduate Research,Other,Outside Australia,no,unknown,Unknown,100,,https://www.visadashboard.top/dashboard/table
VD-355ee1ec96a9bd193994,c0492632061f4a0c9c34,PLAT-VISADASHBOARD,C,2026-09-24,500,granted,1,2022-04-12,2023-08-07,2023-08-07,482,PhD,Postgraduate Research,Other,Outside Australia,no,unknown,Other/Unverified,100,,https://www.visadashboard.top/dashboard/table
VD-fd014da72d5478b83070,345d7d9c9bfd6035ef31,PLAT-VISADASHBOARD,C,2026-09-24,500,granted,1,2021-10-01,2023-08-07,2023-08-07,675,PhD,Postgraduate Research,Other,Outside Australia,no,unknown,Unknown,100,,https://www.visadashboard.top/dashboard/table
VD-781be95bfacd156d1ce6,f46d8ca55c2eb7c66ce2,PLAT-VISADASHBOARD,C,2026-09-24,500,granted,1,2022-10-08,2023-08-04,2023-08-04,300,PhD,Postgraduate Research,Other,Outside Australia,no,unknown,Unknown,100,,https://www.visadashboard.top/dashboard/table
VD-076982435c381453e542,486d3bfac917f33189f7,PLAT-VISADASHBOARD,C,2026-09-24,500,granted,1,2022-05-11,2023-08-04,2023-08-04,450,PhD,Postgraduate Research,Engineering,Outside Australia,no,unknown,Unknown,100,,https://www.visadashboard.top/dashboard/table
VD-65e43a31c968adbdb69d,3f809ab14b0d840aca79,PLAT-VISADASHBOARD,C,2026-09-24,500,granted,1,2021-08-03,2023-08-03,2023-08-03,730,PhD,Postgraduate Research,Other,Outside Australia,no,unknown,Unknown,100,,https://www.visadashboard.top/dashboard/table
VD-af780113346db57a542a,650a040fb182c3b3ee47,PLAT-VISADASHBOARD,C,2026-09-24,500,granted,1,2022-12-25,2023-08-01,2023-08-01,219,PhD,Postgraduate Research,Other,Outside Australia,no,unknown,Unknown,100,,https://www.visadashboard.top/dashboard/table
VD-c1c0aef40e4df67ffa19,5abd9b578e0c76645054,PLAT-VISADASHBOARD,C,2026-09-24,500,granted,1,2022-12-14,2023-08-01,2023-08-01,230,PhD,Postgraduate Research,Other,Outside Australia,no,unknown,Unknown,100,,https://www.visadashboard.top/dashboard/table
VD-b96866a35fc1e032de0a,09feb753d4986034e9b5,PLAT-VISADASHBOARD,C,2026-09-24,500,granted,1,2022-11-05,2023-08-01,2023-08-01,269,PhD,Postgraduate Research,Other,Outside Australia,no,unknown,Unknown,100,,https://www.visadashboard.top/dashboard/table
VD-462d8825bccdd20c4d4c,7cc8ec06dfe1ffbef98c,PLAT-VISADASHBOARD,C,2026-09-24,500,granted,1,2022-11-01,2023-08-01,2023-08-01,273,PhD,Postgraduate Research,Computing and Data,Outside Australia,no,unknown,Unknown,100,,https://www.visadashboard.top/dashboard/table
VD-5f9f789c401a12dc65ae,afdba743c3d08c1dec9e,PLAT-VISADASHBOARD,C,2026-09-24,500,granted,1,2022-06-05,2023-08-01,2023-08-01,422,PhD,Postgraduate Research,Computing and Data,Outside Australia,no,unknown,Unknown,100,,https://www.visadashboard.top/dashboard/table
VD-98b49cf9eb63a746cee8,b35849ae1f136f343db5,PLAT-VISADASHBOARD,C,2026-09-24,500,granted,1,2022-03-01,2023-08-01,2023-08-01,518,PhD,Postgraduate Research,Other,Outside Australia,no,unknown,Unknown,100,,https://www.visadashboard.top/dashboard/table
VD-d3473b6593f0050768a7,fd7f7e087f391bc256c0,PLAT-VISADASHBOARD,C,2026-09-24,500,granted,1,2021-08-01,2023-08-01,2023-08-01,730,PhD,Postgraduate Research,Other,Outside Australia,no,unknown,Unknown,100,,https://www.visadashboard.top/dashboard/table
VD-1f497011e34c84c6a165,e18d93e185ef7cd1658b,PLAT-VISADASHBOARD,C,2026-09-24,500,granted,1,2023-07-26,2023-07-27,2023-07-27,1,PhD,Postgraduate Research,Other,Outside Australia,no,unknown,Unknown,100,,https://www.visadashboard.top/dashboard/table
VD-81352e124bdaf0784538,2f29294084b6cb447321,PLAT-VISADASHBOARD,C,2026-09-24,500,granted,1,2023-03-10,2023-07-21,2023-07-21,133,PhD,Postgraduate Research,Other,Outside Australia,no,unknown,Unknown,100,,https://www.visadashboard.top/dashboard/table
VD-96a2cb185864905ba877,8fc4585b9be90c4fbaea,PLAT-VISADASHBOARD,C,2026-09-24,500,granted,1,2023-07-08,2023-07-14,2023-07-14,6,PhD,Postgraduate Research,Engineering,Outside Australia,no,unknown,Unknown,100,,https://www.visadashboard.top/dashboard/table
VD-e2e46ef4f91f818a3211,8fc4585b9be90c4fbaea,PLAT-VISADASHBOARD,C,2026-09-24,500,granted,1,2023-07-08,2023-07-14,2023-07-14,6,PhD,Postgraduate Research,Engineering,Outside Australia,no,unknown,Unknown,100,,https://www.visadashboard.top/dashboard/table
VD-dffb4d71e94b6df6708b,acab2cf1eccecb8661f7,PLAT-VISADASHBOARD,C,2026-09-24,500,granted,1,2023-06-22,2023-07-07,2023-07-07,15,PhD,Postgraduate Research,Other,Unknown,no,unknown,Unknown,95,unknown_submit_location,https://www.visadashboard.top/dashboard/table
VD-1f2cbc51f62f533b9279,274d90aa7114e4ee8ca3,PLAT-VISADASHBOARD,C,2026-09-24,500,granted,1,2023-07-04,2023-07-06,2023-07-06,2,PhD,Postgraduate Research,Other,Outside Australia,no,unknown,Unknown,100,,https://www.visadashboard.top/dashboard/table
VD-6388a8f8f1ad7ba7e787,ea86d5f5b658458626fa,PLAT-VISADASHBOARD,C,2026-09-24,500,granted,1,2022-02-01,2023-06-24,2023-06-24,508,PhD,Postgraduate Research,Other,Outside Australia,no,unknown,Unknown,100,,https://www.visadashboard.top/dashboard/table
VD-a7df47db243bb8336a46,04c1fba59a709ca6b9bb,PLAT-VISADASHBOARD,C,2026-09-24,500,granted,1,2023-06-12,2023-06-16,2023-06-16,4,PhD,Postgraduate Research,Other,Outside Australia,no,unknown,Unknown,100,,https://www.visadashboard.top/dashboard/table
VD-9d9a95d9cf72d7781ef8,ef71c86d0e1c71e37f62,PLAT-VISADASHBOARD,C,2026-09-24,500,granted,1,2023-06-12,2023-06-14,2023-06-14,2,PhD,Postgraduate Research,Other,Outside Australia,no,unknown,Unknown,100,,https://www.visadashboard.top/dashboard/table
VD-b3bbb45a61ff1f311efe,1219ecccbb248111710c,PLAT-VISADASHBOARD,C,2026-09-24,500,granted,1,2022-01-01,2023-06-06,2023-06-06,521,PhD,Postgraduate Research,Other,Outside Australia,no,unknown,Unknown,100,,https://www.visadashboard.top/dashboard/table
VD-6553ded315935532f5dd,ebbfea44124c880ad04a,PLAT-VISADASHBOARD,C,2026-09-24,500,granted,1,2021-07-01,2023-06-05,2023-06-05,704,PhD,Postgraduate Research,Other,Outside Australia,no,unknown,Unknown,100,,https://www.visadashboard.top/dashboard/table
VD-c9036e212f10333f2026,5a686c56b9c48f2068cb,PLAT-VISADASHBOARD,C,2026-09-24,500,granted,1,2023-05-22,2023-05-25,2023-05-25,3,PhD,Postgraduate Research,Other,Outside Australia,no,unknown,Unknown,100,,https://www.visadashboard.top/dashboard/table
VD-c0afcfb1986bbb13bcea,5a686c56b9c48f2068cb,PLAT-VISADASHBOARD,C,2026-09-24,500,granted,1,2023-05-22,2023-05-25,2023-05-25,3,PhD,Postgraduate Research,Other,Outside Australia,no,unknown,Unknown,100,,https://www.visadashboard.top/dashboard/table
VD-74fdf680ec00bc265a8f,3778ec552c7ace726154,PLAT-VISADASHBOARD,C,2026-09-24,500,granted,1,2023-02-16,2023-05-24,2023-05-24,97,PhD,Postgraduate Research,Other,Outside Australia,no,unknown,Unknown,100,,https://www.visadashboard.top/dashboard/table
VD-6288c91bcaff94ee16e5,688c699e4c46628127d0,PLAT-VISADASHBOARD,C,2026-09-24,500,granted,1,2023-05-22,2023-05-23,2023-05-23,1,PhD,Postgraduate Research,Computing and Data,In Australia,no,unknown,Unknown,100,,https://www.visadashboard.top/dashboard/table
VD-2f217ee5533484319c1a,78b130e2233220380599,PLAT-VISADASHBOARD,C,2026-09-24,500,granted,1,2023-01-18,2023-05-23,2023-05-23,125,PhD,Postgraduate Research,Other,Outside Australia,no,unknown,Unknown,100,,https://www.visadashboard.top/dashboard/table
VD-210881026260b1cd1976,dffc3b61b00b8200a010,PLAT-VISADASHBOARD,C,2026-09-24,500,granted,1,2022-08-02,2023-05-23,2023-05-23,294,PhD,Postgraduate Research,Engineering,Outside Australia,no,unknown,Unknown,100,,https://www.visadashboard.top/dashboard/table
VD-1172b0b61a844dada7ef,792d31b0a7e9285e8429,PLAT-VISADASHBOARD,C,2026-09-24,500,granted,1,2021-07-01,2023-05-23,2023-05-23,691,PhD,Postgraduate Research,Other,Outside Australia,no,unknown,Unknown,100,,https://www.visadashboard.top/dashboard/table
VD-ad316b9771cc474f7cc3,d286517b5eb5a184767e,PLAT-VISADASHBOARD,C,2026-09-24,500,granted,1,2022-12-01,2023-05-22,2023-05-22,172,PhD,Postgraduate Research,Other,Outside Australia,no,unknown,Unknown,100,,https://www.visadashboard.top/dashboard/table
VD-6abc5139422745de8330,fac2ff1dc94a444a8aa1,PLAT-VISADASHBOARD,C,2026-09-24,500,granted,1,2022-11-25,2023-05-22,2023-05-22,178,PhD,Postgraduate Research,Other,Outside Australia,no,unknown,Unknown,100,,https://www.visadashboard.top/dashboard/table
VD-9746844d9e18bd472534,06062d815714a039530b,PLAT-VISADASHBOARD,C,2026-09-24,500,granted,1,2023-05-20,2023-05-20,2023-05-20,0,PhD,Postgraduate Research,Other,Outside Australia,no,unknown,Unknown,100,,https://www.visadashboard.top/dashboard/table
VD-1709b34606cdb96a3dde,91e82b446d7139d26cf1,PLAT-VISADASHBOARD,C,2026-09-24,500,granted,1,2022-03-24,2023-05-20,2023-05-20,422,PhD,Postgraduate Research,Other,Outside Australia,no,unknown,Unknown,100,,https://www.visadashboard.top/dashboard/table
VD-1476a66b0262cf01471a,53b632bbea1ce77754b4,PLAT-VISADASHBOARD,C,2026-09-24,500,granted,1,2022-12-25,2023-05-18,2023-05-18,144,PhD,Postgraduate Research,Engineering,Outside Australia,no,unknown,Unknown,100,,https://www.visadashboard.top/dashboard/table
VD-d5c6f6ae40fcacbd2756,41eb2fc3333640ceda77,PLAT-VISADASHBOARD,C,2026-09-24,500,granted,1,2022-12-18,2023-05-18,2023-05-18,151,PhD,Postgraduate Research,Other,Outside Australia,no,unknown,Unknown,100,,https://www.visadashboard.top/dashboard/table
VD-46dfd225bfd14b326587,de3a402b7e18bd7e08eb,PLAT-VISADASHBOARD,C,2026-09-24,500,granted,1,2022-12-01,2023-05-18,2023-05-18,168,PhD,Postgraduate Research,Other,Outside Australia,no,unknown,Unknown,100,,https://www.visadashboard.top/dashboard/table
VD-e826531756d012a9a098,ccfdbce13c19a43d85cc,PLAT-VISADASHBOARD,C,2026-09-24,500,granted,1,2022-10-01,2023-05-18,2023-05-18,229,PhD,Postgraduate Research,Other,Outside Australia,no,unknown,Unknown,100,,https://www.visadashboard.top/dashboard/table
VD-4ebc4658fd1c78300979,d0c9cd72731a229bccc2,PLAT-VISADASHBOARD,C,2026-09-24,500,granted,1,2022-09-20,2023-05-18,2023-05-18,240,PhD,Postgraduate Research,Other,Outside Australia,no,unknown,Unknown,100,,https://www.visadashboard.top/dashboard/table
VD-34deecc1ea5ce088501b,2d085460e2044922eee5,PLAT-VISADASHBOARD,C,2026-09-24,500,granted,1,2022-06-25,2023-05-18,2023-05-18,327,PhD,Postgraduate Research,Other,Outside Australia,no,unknown,Unknown,100,,https://www.visadashboard.top/dashboard/table
VD-33b23f5cd19f5a257593,cc2b0600854412e14e08,PLAT-VISADASHBOARD,C,2026-09-24,500,granted,1,2022-02-18,2023-05-18,2023-05-18,454,PhD,Postgraduate Research,Other,Outside Australia,no,unknown,Unknown,100,,https://www.visadashboard.top/dashboard/table
VD-700a1aa2b8422e1218b9,58421aa28c4df5881c92,PLAT-VISADASHBOARD,C,2026-09-24,500,granted,1,2021-12-20,2023-05-18,2023-05-18,514,PhD,Postgraduate Research,Other,Outside Australia,no,unknown,Unknown,100,,https://www.visadashboard.top/dashboard/table
VD-b1acd77738bd44268dc0,8b76f901c2fde0893df0,PLAT-VISADASHBOARD,C,2026-09-24,500,granted,1,2021-11-01,2023-05-18,2023-05-18,563,PhD,Postgraduate Research,Other,Outside Australia,no,unknown,Unknown,100,,https://www.visadashboard.top/dashboard/table
VD-e23340a0205a5d0d96e0,6f35d0f6f48c2467b106,PLAT-VISADASHBOARD,C,2026-09-24,500,granted,1,2022-10-03,2023-05-17,2023-05-17,226,PhD,Postgraduate Research,Other,Outside Australia,no,unknown,Unknown,100,,https://www.visadashboard.top/dashboard/table
VD-fa99ea9c2fd93c858f15,f8bd37a3abc0ec092a05,PLAT-VISADASHBOARD,C,2026-09-24,500,granted,1,2022-09-04,2023-05-17,2023-05-17,255,PhD,Postgraduate Research,Other,Outside Australia,no,unknown,Unknown,100,,https://www.visadashboard.top/dashboard/table
VD-efcd370dcc8e66303f2e,def70e91a7d516f5202e,PLAT-VISADASHBOARD,C,2026-09-24,500,granted,1,2022-08-13,2023-05-17,2023-05-17,277,PhD,Postgraduate Research,Other,Outside Australia,no,unknown,Unknown,100,,https://www.visadashboard.top/dashboard/table
VD-fee41ca73b702dcd0890,b283ccb0a91c16b67d84,PLAT-VISADASHBOARD,C,2026-09-24,500,granted,1,2022-08-05,2023-05-17,2023-05-17,285,PhD,Postgraduate Research,Other,Outside Australia,no,unknown,Unknown,100,,https://www.visadashboard.top/dashboard/table
VD-fcd5318de80312f04990,82a9c86a2bd086e60592,PLAT-VISADASHBOARD,C,2026-09-24,500,granted,1,2022-08-03,2023-05-17,2023-05-17,287,PhD,Postgraduate Research,Other,Outside Australia,no,unknown,Unknown,100,,https://www.visadashboard.top/dashboard/table
VD-7d6a1867d4bbee1cc498,369f5579c5ca9e363880,PLAT-VISADASHBOARD,C,2026-09-24,500,granted,1,2022-07-24,2023-05-17,2023-05-17,297,PhD,Postgraduate Research,Other,Outside Australia,no,unknown,Unknown,100,,https://www.visadashboard.top/dashboard/table
VD-a1f7dbc866e4b8bfa040,2720f74673ccc746196d,PLAT-VISADASHBOARD,C,2026-09-24,500,granted,1,2022-07-22,2023-05-17,2023-05-17,299,PhD,Postgraduate Research,Other,Outside Australia,no,unknown,Unknown,100,,https://www.visadashboard.top/dashboard/table
VD-372ba5c533ecc6a4b69e,62545dc4c65b43a64274,PLAT-VISADASHBOARD,C,2026-09-24,500,granted,1,2022-07-09,2023-05-17,2023-05-17,312,PhD,Postgraduate Research,Other,Outside Australia,no,unknown,Unknown,100,,https://www.visadashboard.top/dashboard/table
VD-a4845e5657baa997ded4,b5175a09fca3a1c4f18b,PLAT-VISADASHBOARD,C,2026-09-24,500,granted,1,2022-06-24,2023-05-17,2023-05-17,327,PhD,Postgraduate Research,Engineering,Outside Australia,no,unknown,Unknown,100,,https://www.visadashboard.top/dashboard/table
VD-7f815c9b8830991f1c4a,400581e7289d26cd8b4a,PLAT-VISADASHBOARD,C,2026-09-24,500,granted,1,2022-06-20,2023-05-17,2023-05-17,331,PhD,Postgraduate Research,Other,Outside Australia,no,unknown,Unknown,100,,https://www.visadashboard.top/dashboard/table
VD-47cffc0b4061ca877d83,e0e7188d53fe1b026a03,PLAT-VISADASHBOARD,C,2026-09-24,500,granted,1,2022-06-13,2023-05-17,2023-05-17,338,PhD,Postgraduate Research,Other,Outside Australia,no,unknown,Unknown,100,,https://www.visadashboard.top/dashboard/table
VD-0efe4ab35f4b5e3b9433,eb95b493a63e6426c081,PLAT-VISADASHBOARD,C,2026-09-24,500,granted,1,2022-06-10,2023-05-17,2023-05-17,341,PhD,Postgraduate Research,Other,Outside Australia,no,unknown,Unknown,100,,https://www.visadashboard.top/dashboard/table
VD-cf70bd131834a7dda3ee,ac194a33d9b1c21d2da9,PLAT-VISADASHBOARD,C,2026-09-24,500,granted,1,2022-03-04,2023-05-17,2023-05-17,439,PhD,Postgraduate Research,Other,Outside Australia,no,unknown,Unknown,100,,https://www.visadashboard.top/dashboard/table
VD-8e578fd8003a21125098,445684b915bc4351767c,PLAT-VISADASHBOARD,C,2026-09-24,500,granted,1,2021-11-25,2023-05-17,2023-05-17,538,PhD,Postgraduate Research,Other,Outside Australia,no,unknown,Unknown,100,,https://www.visadashboard.top/dashboard/table
VD-74315dcc7dbfe70f70b0,bcc687ee1ffe212ee861,PLAT-VISADASHBOARD,C,2026-09-24,500,granted,1,2021-07-28,2023-05-17,2023-05-17,658,PhD,Postgraduate Research,Other,Outside Australia,no,unknown,Unknown,100,,https://www.visadashboard.top/dashboard/table
VD-56fc631a893eace858d6,9f3a14f6136f74c6d8d3,PLAT-VISADASHBOARD,C,2026-09-24,500,granted,1,2022-05-18,2023-05-16,2023-05-16,363,PhD,Postgraduate Research,Other,Outside Australia,no,unknown,Unknown,100,,https://www.visadashboard.top/dashboard/table
VD-d0aa2ef37bafbc349d66,31b3a40275c42dd61664,PLAT-VISADASHBOARD,C,2026-09-24,500,granted,1,2021-12-27,2023-05-16,2023-05-16,505,PhD,Postgraduate Research,Other,Outside Australia,no,unknown,Unknown,100,,https://www.visadashboard.top/dashboard/table
VD-50995eab8c764edaa05f,4741657c29f5167b9700,PLAT-VISADASHBOARD,C,2026-09-24,500,granted,1,2021-12-26,2023-05-16,2023-05-16,506,PhD,Postgraduate Research,Other,Outside Australia,no,unknown,Unknown,100,,https://www.visadashboard.top/dashboard/table
VD-86128880db7703e1fa6c,e5b63e2a8c9422d2c98d,PLAT-VISADASHBOARD,C,2026-09-24,500,granted,1,2022-04-07,2023-05-15,2023-05-15,403,PhD,Postgraduate Research,Other,Outside Australia,no,unknown,Unknown,100,,https://www.visadashboard.top/dashboard/table
VD-7709588234decfe807ea,6cec7bc88d831c6f34ee,PLAT-VISADASHBOARD,C,2026-09-24,500,granted,1,2022-12-09,2023-05-12,2023-05-12,154,PhD,Postgraduate Research,Engineering,Outside Australia,no,unknown,Unknown,100,,https://www.visadashboard.top/dashboard/table
VD-55d10bc17c4d70c34e23,82c96c7da34586c729b5,PLAT-VISADASHBOARD,C,2026-09-24,500,granted,1,2022-11-08,2023-05-12,2023-05-12,185,PhD,Postgraduate Research,Engineering,Outside Australia,no,unknown,Unknown,100,,https://www.visadashboard.top/dashboard/table
VD-2ac7c90e1856833862ff,9b02342d69130ece0eaf,PLAT-VISADASHBOARD,C,2026-09-24,500,granted,1,2022-07-11,2023-05-12,2023-05-12,305,PhD,Postgraduate Research,Other,Outside Australia,no,unknown,Unknown,100,,https://www.visadashboard.top/dashboard/table
VD-c34294390be0a2f03fac,2cbb3726a97cb8eb1cb1,PLAT-VISADASHBOARD,C,2026-09-24,500,granted,1,2022-04-12,2023-05-12,2023-05-12,395,PhD,Postgraduate Research,Engineering,Outside Australia,no,unknown,Unknown,100,,https://www.visadashboard.top/dashboard/table
VD-15acf32c009f683c234f,55059b09f5c528774454,PLAT-VISADASHBOARD,C,2026-09-24,500,granted,1,2022-10-22,2023-05-11,2023-05-11,201,PhD,Postgraduate Research,Other,Outside Australia,no,unknown,Unknown,100,,https://www.visadashboard.top/dashboard/table
VD-9e2a4dd2e36a977f42e0,e3bc46742e8133168efb,PLAT-VISADASHBOARD,C,2026-09-24,500,granted,1,2022-09-13,2023-05-11,2023-05-11,240,PhD,Postgraduate Research,Engineering,Outside Australia,no,unknown,Unknown,100,,https://www.visadashboard.top/dashboard/table
VD-1d8145b61ba84c81cf93,244b7334344150b6c8e0,PLAT-VISADASHBOARD,C,2026-09-24,500,granted,1,2023-01-05,2023-05-10,2023-05-10,125,PhD,Postgraduate Research,Other,Outside Australia,no,unknown,Unknown,100,,https://www.visadashboard.top/dashboard/table
VD-19d8382a49e96d20d022,576fff878d5c7682d8b7,PLAT-VISADASHBOARD,C,2026-09-24,500,granted,1,2022-11-17,2023-05-10,2023-05-10,174,PhD,Postgraduate Research,Other,Outside Australia,no,unknown,Unknown,100,,https://www.visadashboard.top/dashboard/table
VD-17a191416246c6b6936d,7f0db6d1d546245e4707,PLAT-VISADASHBOARD,C,2026-09-24,500,granted,1,2022-10-23,2023-05-10,2023-05-10,199,PhD,Postgraduate Research,Other,Outside Australia,no,unknown,Unknown,100,,https://www.visadashboard.top/dashboard/table
VD-e711a015d4073df74646,c8b9c9482ec363f58637,PLAT-VISADASHBOARD,C,2026-09-24,500,granted,1,2022-06-09,2023-05-10,2023-05-10,335,PhD,Postgraduate Research,Other,Outside Australia,no,unknown,Unknown,100,,https://www.visadashboard.top/dashboard/table
VD-9ac529cf3672aec392a1,c60bdad9c357be779f74,PLAT-VISADASHBOARD,C,2026-09-24,500,granted,1,2023-05-02,2023-05-09,2023-05-09,7,PhD,Postgraduate Research,Other,Outside Australia,no,unknown,Unknown,100,,https://www.visadashboard.top/dashboard/table
VD-3634545f0384b3c4f1af,e0b230c63bab6a6d0079,PLAT-VISADASHBOARD,C,2026-09-24,500,granted,1,2023-01-03,2023-05-09,2023-05-09,126,PhD,Postgraduate Research,Other,Outside Australia,no,unknown,Unknown,100,,https://www.visadashboard.top/dashboard/table
VD-a615ed7fb972978682aa,4d54275cd68bea7a81ef,PLAT-VISADASHBOARD,C,2026-09-24,500,granted,1,2023-03-29,2023-05-08,2023-05-08,40,PhD,Postgraduate Research,Other,Outside Australia,no,unknown,Unknown,100,,https://www.visadashboard.top/dashboard/table
VD-144da268467a55fec31f,74c4587ade1e768745a2,PLAT-VISADASHBOARD,C,2026-09-24,500,granted,1,2022-12-19,2023-05-05,2023-05-05,137,PhD,Postgraduate Research,Natural Sciences,Outside Australia,no,unknown,Unknown,100,,https://www.visadashboard.top/dashboard/table
VD-0503291fda55f42de28b,a698de884db4a88494b5,PLAT-VISADASHBOARD,C,2026-09-24,500,granted,1,2022-11-11,2023-05-05,2023-05-05,175,PhD,Postgraduate Research,Education,Outside Australia,no,unknown,Unknown,100,,https://www.visadashboard.top/dashboard/table
VD-422d2188988d6d422718,9964071a743e1a4c71d2,PLAT-VISADASHBOARD,C,2026-09-24,500,granted,1,2022-09-05,2023-05-05,2023-05-05,242,PhD,Postgraduate Research,Other,Outside Australia,no,unknown,Unknown,100,,https://www.visadashboard.top/dashboard/table
VD-716c0b31717fcd7c2aea,75ea62d3c85a56580498,PLAT-VISADASHBOARD,C,2026-09-24,500,granted,1,2022-06-28,2023-05-05,2023-05-05,311,PhD,Postgraduate Research,Other,Outside Australia,no,unknown,Unknown,100,,https://www.visadashboard.top/dashboard/table
VD-030e29bee4d863b9f342,f2c0f5bb152b7b24c823,PLAT-VISADASHBOARD,C,2026-09-24,500,granted,1,2022-02-20,2023-05-04,2023-05-04,438,PhD,Postgraduate Research,Other,Outside Australia,no,unknown,Unknown,100,,https://www.visadashboard.top/dashboard/table
VD-6339bb14aa64b281c6da,18b0f6bb19cdbbf12468,PLAT-VISADASHBOARD,C,2026-09-24,500,granted,1,2021-05-26,2023-05-04,2023-05-04,708,PhD,Postgraduate Research,Other,Outside Australia,no,unknown,Unknown,100,,https://www.visadashboard.top/dashboard/table
VD-9ea704086b353489f32d,35572160d5f6bddf5850,PLAT-VISADASHBOARD,C,2026-09-24,500,granted,1,2020-06-17,2023-05-04,2023-05-04,1051,PhD,Postgraduate Research,Other,Outside Australia,no,unknown,Unknown,100,,https://www.visadashboard.top/dashboard/table
VD-56a4238f52ba71994490,6c8945cac672639d4ecc,PLAT-VISADASHBOARD,C,2026-09-24,500,granted,1,2022-05-05,2023-05-02,2023-05-02,362,PhD,Postgraduate Research,Other,Outside Australia,no,unknown,Unknown,100,,https://www.visadashboard.top/dashboard/table
VD-f07fc5fd027e39ec0f50,d91b9f889eedac4ad40e,PLAT-VISADASHBOARD,C,2026-09-24,500,granted,1,2021-12-13,2023-05-02,2023-05-02,505,PhD,Postgraduate Research,Other,Outside Australia,no,unknown,Unknown,100,,https://www.visadashboard.top/dashboard/table
VD-bed11def4bd35ed27daf,37fa84a7226477398b77,PLAT-VISADASHBOARD,C,2026-09-24,500,granted,1,2021-05-17,2023-05-02,2023-05-02,715,PhD,Postgraduate Research,Other,Outside Australia,no,unknown,Unknown,100,,https://www.visadashboard.top/dashboard/table
VD-bfd74dc12633a44a6c22,b77c92f11aca7a3924ca,PLAT-VISADASHBOARD,C,2026-09-24,500,granted,1,2021-03-17,2023-05-01,2023-05-01,775,PhD,Postgraduate Research,Other,Outside Australia,no,unknown,Unknown,100,,https://www.visadashboard.top/dashboard/table
VD-da87071d7678c6639ca8,bef0ed4e49cd3071b649,PLAT-VISADASHBOARD,C,2026-09-24,500,granted,1,2022-02-28,2023-04-26,2023-04-26,422,PhD,Postgraduate Research,Other,Outside Australia,no,unknown,Unknown,100,,https://www.visadashboard.top/dashboard/table
VD-6c555bad54f248fe6cdb,ebe4a20510b857c55847,PLAT-VISADASHBOARD,C,2026-09-24,500,granted,1,2023-04-19,2023-04-24,2023-04-24,5,PhD,Postgraduate Research,Other,Outside Australia,no,unknown,Unknown,100,,https://www.visadashboard.top/dashboard/table
VD-87a34c36ca6d233c5fa4,95504a4bc1db309ab4c9,PLAT-VISADASHBOARD,C,2026-09-24,500,granted,1,2021-08-01,2023-04-17,2023-04-17,624,PhD,Postgraduate Research,Other,Outside Australia,no,unknown,Unknown,100,,https://www.visadashboard.top/dashboard/table
VD-27b2fe0cfc1bc8882844,0e102495832a5fb49dde,PLAT-VISADASHBOARD,C,2026-09-24,500,granted,1,2021-08-01,2023-04-14,2023-04-14,621,PhD,Postgraduate Research,Natural Sciences,Outside Australia,no,unknown,Unknown,100,,https://www.visadashboard.top/dashboard/table
VD-af9defe0ca4b1ed5b77b,6ab2216b570a9694b14d,PLAT-VISADASHBOARD,C,2026-09-24,500,granted,1,2021-07-01,2023-04-14,2023-04-14,652,PhD,Postgraduate Research,Other,Outside Australia,no,unknown,Unknown,100,,https://www.visadashboard.top/dashboard/table
VD-d63985ebbe7a0e4bdd2a,677aeaaa3b6d8fee08a7,PLAT-VISADASHBOARD,C,2026-09-24,500,granted,1,2022-03-01,2023-04-13,2023-04-13,408,PhD,Postgraduate Research,Other,Outside Australia,no,unknown,Unknown,100,,https://www.visadashboard.top/dashboard/table
VD-5f62e27e6c60959dcafd,8a90d8bb0f2a52a99c40,PLAT-VISADASHBOARD,C,2026-09-24,500,granted,1,2022-09-15,2023-04-12,2023-04-12,209,PhD,Postgraduate Research,Other,Outside Australia,no,unknown,Unknown,100,,https://www.visadashboard.top/dashboard/table
VD-1e5de6b321f0b5233e50,a74c9c5dd1f752d8d628,PLAT-VISADASHBOARD,C,2026-09-24,500,granted,1,2022-09-12,2023-04-12,2023-04-12,212,PhD,Postgraduate Research,Other,Unknown,no,unknown,Unknown,95,unknown_submit_location,https://www.visadashboard.top/dashboard/table
VD-85f31f0b35cbe36c6d60,1fd24fdff936b0034c6c,PLAT-VISADASHBOARD,C,2026-09-24,500,granted,1,2022-05-27,2023-04-12,2023-04-12,320,PhD,Postgraduate Research,Other,Outside Australia,no,unknown,Unknown,100,,https://www.visadashboard.top/dashboard/table
VD-32b7f6f32b4dc7b29fb7,c3eff8511bafc0954062,PLAT-VISADASHBOARD,C,2026-09-24,500,granted,1,2022-12-11,2023-04-11,2023-04-11,121,PhD,Postgraduate Research,Business and Economics,Outside Australia,no,unknown,Unknown,100,,https://www.visadashboard.top/dashboard/table
VD-cf4a04cc37fa31fa1547,4aa1537ec7a975a40814,PLAT-VISADASHBOARD,C,2026-09-24,500,granted,1,2022-12-01,2023-04-11,2023-04-11,131,PhD,Postgraduate Research,Computing and Data,Outside Australia,no,unknown,Unknown,100,,https://www.visadashboard.top/dashboard/table
VD-9ce391d4d5f331507325,e545e8522e61303895d8,PLAT-VISADASHBOARD,C,2026-09-24,500,granted,1,2021-12-22,2023-04-11,2023-04-11,475,PhD,Postgraduate Research,Engineering,Outside Australia,no,unknown,Unknown,100,,https://www.visadashboard.top/dashboard/table
VD-58726e71bea0cf79db9c,fdd9ab9b1d0b848fc426,PLAT-VISADASHBOARD,C,2026-09-24,500,granted,1,2023-03-02,2023-04-06,2023-04-06,35,PhD,Postgraduate Research,Other,Outside Australia,no,unknown,Unknown,100,,https://www.visadashboard.top/dashboard/table
VD-8746fecb868486631e26,d2ab430c33782d478ba8,PLAT-VISADASHBOARD,C,2026-09-24,500,granted,1,2022-01-26,2023-04-06,2023-04-06,435,PhD,Postgraduate Research,Other,In Australia,no,unknown,Unknown,100,,https://www.visadashboard.top/dashboard/table
VD-301700cb8634e15a9a7e,9936e6df71dc949db959,PLAT-VISADASHBOARD,C,2026-09-24,500,granted,1,2021-06-01,2023-04-06,2023-04-06,674,PhD,Postgraduate Research,Engineering,Outside Australia,no,unknown,Unknown,100,,https://www.visadashboard.top/dashboard/table
VD-6574abb0d2cd77963a71,8903913af3f58a3c1a9f,PLAT-VISADASHBOARD,C,2026-09-24,500,granted,1,2022-01-05,2023-04-05,2023-04-05,455,Unknown,Unknown,Other,Outside Australia,no,unknown,Unknown,92,unknown_education_level,https://www.visadashboard.top/dashboard/table
VD-e51d6ceed98ebbb18a4f,178e5e228981eeb1357c,PLAT-VISADASHBOARD,C,2026-09-24,500,granted,1,2021-12-28,2023-04-04,2023-04-04,462,PhD,Postgraduate Research,Other,Outside Australia,no,unknown,Unknown,100,,https://www.visadashboard.top/dashboard/table
VD-335a64e545665359d326,b33765ca6ea1bdf67cd1,PLAT-VISADASHBOARD,C,2026-09-24,500,granted,1,2021-11-01,2023-04-04,2023-04-04,519,PhD,Postgraduate Research,Other,Outside Australia,no,unknown,Unknown,100,,https://www.visadashboard.top/dashboard/table
VD-1191a2cabe1e88d72ded,1ed3d0847677400b99d1,PLAT-VISADASHBOARD,C,2026-09-24,500,granted,1,2020-12-04,2023-04-04,2023-04-04,851,PhD,Postgraduate Research,Engineering,Outside Australia,no,unknown,Unknown,100,,https://www.visadashboard.top/dashboard/table
VD-6feec530f3783caffff8,6475da2c05dba1db9f7a,PLAT-VISADASHBOARD,C,2026-09-24,500,granted,1,2022-11-23,2023-03-29,2023-03-29,126,PhD,Postgraduate Research,Other,Outside Australia,no,unknown,Unknown,100,,https://www.visadashboard.top/dashboard/table
VD-f9d126ee292a50f9abef,baa5e5debd57337794d5,PLAT-VISADASHBOARD,C,2026-09-24,500,granted,1,2023-03-24,2023-03-28,2023-03-28,4,PhD,Postgraduate Research,Engineering,Outside Australia,no,unknown,Unknown,100,,https://www.visadashboard.top/dashboard/table
VD-38ee6142b0b9bd7771d1,83e7f96fc7ea6277c78c,PLAT-VISADASHBOARD,C,2026-09-24,500,granted,1,2022-12-21,2023-03-28,2023-03-28,97,PhD,Postgraduate Research,Computing and Data,Outside Australia,no,unknown,Unknown,100,,https://www.visadashboard.top/dashboard/table
VD-fdc567067d1aca2ef4df,27a468e032c2e89c6205,PLAT-VISADASHBOARD,C,2026-09-24,500,granted,1,2022-05-26,2023-03-28,2023-03-28,306,PhD,Postgraduate Research,Other,In Australia,no,unknown,Unknown,100,,https://www.visadashboard.top/dashboard/table
VD-3d478928fb17d1227b67,7ed1fe1b0fb15050fda3,PLAT-VISADASHBOARD,C,2026-09-24,500,granted,1,2022-03-04,2023-03-28,2023-03-28,389,PhD,Postgraduate Research,Other,Outside Australia,no,unknown,Unknown,100,,https://www.visadashboard.top/dashboard/table
VD-c7b155d6b6ec55339775,f0b5d0d25299ecf49e44,PLAT-VISADASHBOARD,C,2026-09-24,500,granted,1,2022-01-25,2023-03-28,2023-03-28,427,PhD,Postgraduate Research,Other,Outside Australia,no,unknown,Unknown,100,,https://www.visadashboard.top/dashboard/table
VD-26f4224c2eab115921be,406c640324cae603514d,PLAT-VISADASHBOARD,C,2026-09-24,500,granted,1,2023-03-23,2023-03-27,2023-03-27,4,PhD,Postgraduate Research,Other,Outside Australia,no,unknown,Unknown,100,,https://www.visadashboard.top/dashboard/table
VD-062768e67b5806bae099,c77279d28e3fa662b931,PLAT-VISADASHBOARD,C,2026-09-24,500,granted,1,2023-02-19,2023-03-27,2023-03-27,36,PhD,Postgraduate Research,Other,Outside Australia,no,unknown,Unknown,100,,https://www.visadashboard.top/dashboard/table
VD-e8907bc9a08e41e26e20,c77279d28e3fa662b931,PLAT-VISADASHBOARD,C,2026-09-24,500,granted,1,2023-02-19,2023-03-27,2023-03-27,36,PhD,Postgraduate Research,Other,Outside Australia,no,unknown,Unknown,100,,https://www.visadashboard.top/dashboard/table
VD-1120def98f8e1d2416af,ffb2006f9c57cb6496f7,PLAT-VISADASHBOARD,C,2026-09-24,500,granted,1,2023-02-18,2023-03-27,2023-03-27,37,PhD,Postgraduate Research,Other,Outside Australia,no,unknown,Unknown,100,,https://www.visadashboard.top/dashboard/table
VD-c709618f64dfdd51bb30,a7cd7508263099c5a28f,PLAT-VISADASHBOARD,C,2026-09-24,500,granted,1,2022-09-24,2023-03-27,2023-03-27,184,PhD,Postgraduate Research,Other,Outside Australia,no,unknown,Unknown,100,,https://www.visadashboard.top/dashboard/table
VD-b1fca05e2ff016cbb40b,920a2c6d493ca88b1d38,PLAT-VISADASHBOARD,C,2026-09-24,500,granted,1,2022-02-12,2023-03-27,2023-03-27,408,PhD,Postgraduate Research,Natural Sciences,Outside Australia,no,unknown,Unknown,100,,https://www.visadashboard.top/dashboard/table
VD-4731b4852043830877a0,f2c2d064eeb3d97eaac3,PLAT-VISADASHBOARD,C,2026-09-24,500,granted,1,2021-11-26,2023-03-27,2023-03-27,486,PhD,Postgraduate Research,Other,Outside Australia,no,unknown,Unknown,100,,https://www.visadashboard.top/dashboard/table
VD-f9df8d9166772765d043,afe0a71d032bd3fba995,PLAT-VISADASHBOARD,C,2026-09-24,500,granted,1,2021-07-01,2023-03-27,2023-03-27,634,PhD,Postgraduate Research,Other,Outside Australia,no,unknown,Unknown,100,,https://www.visadashboard.top/dashboard/table
VD-40b395ef7e52eff6900b,c91df3969b34f239768f,PLAT-VISADASHBOARD,C,2026-09-24,500,granted,1,2021-03-01,2023-03-27,2023-03-27,756,PhD,Postgraduate Research,Other,Outside Australia,no,unknown,Unknown,100,,https://www.visadashboard.top/dashboard/table
VD-3fe4a29f8d87ec62cc07,07be5fffef69dc1d71d0,PLAT-VISADASHBOARD,C,2026-09-24,500,granted,1,2022-12-24,2023-03-24,2023-03-24,90,PhD,Postgraduate Research,Other,Outside Australia,no,unknown,Unknown,100,,https://www.visadashboard.top/dashboard/table
VD-a6bbd1f53dae0313212a,1336bdf811e2a9f5659a,PLAT-VISADASHBOARD,C,2026-09-24,500,granted,1,2021-11-01,2023-03-24,2023-03-24,508,PhD,Postgraduate Research,Other,Outside Australia,no,unknown,Unknown,100,,https://www.visadashboard.top/dashboard/table
VD-c50c3f781026b1a9edcd,1d1f64f866691cc86985,PLAT-VISADASHBOARD,C,2026-09-24,500,granted,1,2022-12-19,2023-03-23,2023-03-23,94,PhD,Postgraduate Research,Other,Outside Australia,no,unknown,Unknown,100,,https://www.visadashboard.top/dashboard/table
VD-4f7b0f191efe9e44413f,085bff98d2e57f1e7b8a,PLAT-VISADASHBOARD,C,2026-09-24,500,granted,1,2022-08-22,2023-03-23,2023-03-23,213,PhD,Postgraduate Research,Engineering,Outside Australia,no,unknown,Unknown,100,,https://www.visadashboard.top/dashboard/table
VD-cac439be0e2a579ed629,081541cc85ce1827f2cc,PLAT-VISADASHBOARD,C,2026-09-24,500,granted,1,2022-07-19,2023-03-23,2023-03-23,247,PhD,Postgraduate Research,Other,Outside Australia,no,unknown,Unknown,100,,https://www.visadashboard.top/dashboard/table
VD-a70424248552f5b9480a,426039ff908ba10916a3,PLAT-VISADASHBOARD,C,2026-09-24,500,granted,1,2022-08-30,2023-03-22,2023-03-22,204,PhD,Postgraduate Research,Other,Outside Australia,no,unknown,Unknown,100,,https://www.visadashboard.top/dashboard/table
VD-773cc4d90dbe4b4b8c20,7adf4722b735930f8713,PLAT-VISADASHBOARD,C,2026-09-24,500,granted,1,2022-05-24,2023-03-22,2023-03-22,302,PhD,Postgraduate Research,Natural Sciences,Outside Australia,no,unknown,Unknown,100,,https://www.visadashboard.top/dashboard/table
VD-fa6ab9640362cdd223e5,64a4770b661327035fdd,PLAT-VISADASHBOARD,C,2026-09-24,500,granted,1,2023-03-21,2023-03-21,2023-03-21,0,PhD,Postgraduate Research,Other,Outside Australia,no,unknown,Unknown,100,,https://www.visadashboard.top/dashboard/table
VD-63811bae3ed8baa1dcf9,867a5fe5467c429fd9aa,PLAT-VISADASHBOARD,C,2026-09-24,500,granted,1,2021-04-30,2023-03-21,2023-03-21,690,PhD,Postgraduate Research,Other,Outside Australia,no,unknown,Unknown,100,,https://www.visadashboard.top/dashboard/table
VD-2057397eae42a7f29802,0e0638b0f45327a452ec,PLAT-VISADASHBOARD,C,2026-09-24,500,granted,1,2022-02-14,2023-03-20,2023-03-20,399,PhD,Postgraduate Research,Other,Outside Australia,no,unknown,Unknown,100,,https://www.visadashboard.top/dashboard/table
VD-94b81b69c53c10f43dae,6c89961485d5e5b5ff78,PLAT-VISADASHBOARD,C,2026-09-24,500,granted,1,2021-12-01,2023-03-20,2023-03-20,474,PhD,Postgraduate Research,Other,Outside Australia,no,unknown,Unknown,100,,https://www.visadashboard.top/dashboard/table
VD-375f006bbce00ccf61cb,adc7ef161e387416cf65,PLAT-VISADASHBOARD,C,2026-09-24,500,granted,1,2021-05-01,2023-03-20,2023-03-20,688,PhD,Postgraduate Research,Other,Outside Australia,no,unknown,Unknown,100,,https://www.visadashboard.top/dashboard/table
VD-ce929f0a3cbe47c287a4,6219a3b9129d8e7f2d0c,PLAT-VISADASHBOARD,C,2026-09-24,500,granted,1,2023-02-07,2023-03-17,2023-03-17,38,PhD,Postgraduate Research,Other,Outside Australia,no,unknown,Unknown,100,,https://www.visadashboard.top/dashboard/table
VD-8065d06f1937f2fec5cd,a42566ea9d96ecd495bc,PLAT-VISADASHBOARD,C,2026-09-24,500,granted,1,2023-02-03,2023-03-17,2023-03-17,42,Unknown,Unknown,Engineering,Outside Australia,no,unknown,Unknown,92,unknown_education_level,https://www.visadashboard.top/dashboard/table
VD-38c60db1945dd86cebee,35105a489e1a65a82c73,PLAT-VISADASHBOARD,C,2026-09-24,500,granted,1,2023-01-12,2023-03-17,2023-03-17,64,PhD,Postgraduate Research,Other,Outside Australia,no,unknown,Unknown,100,,https://www.visadashboard.top/dashboard/table
VD-98f822ee5012081fd4d3,fb1da7e3db35765924cd,PLAT-VISADASHBOARD,C,2026-09-24,500,granted,1,2022-12-08,2023-03-17,2023-03-17,99,PhD,Postgraduate Research,Other,Outside Australia,no,unknown,Unknown,100,,https://www.visadashboard.top/dashboard/table
VD-b90059a41bba74cd3a9a,82f5b12c8d77eaab10bb,PLAT-VISADASHBOARD,C,2026-09-24,500,granted,1,2023-03-13,2023-03-16,2023-03-16,3,PhD,Postgraduate Research,Other,Outside Australia,no,unknown,Unknown,100,,https://www.visadashboard.top/dashboard/table
VD-92dc016b54da891d8639,9c7699cf693e01acce5d,PLAT-VISADASHBOARD,C,2026-09-24,500,granted,1,2023-03-12,2023-03-16,2023-03-16,4,PhD,Postgraduate Research,Other,Outside Australia,no,unknown,Unknown,100,,https://www.visadashboard.top/dashboard/table
VD-3907fa22f881254380ea,b44ceca0d9fafb3d3655,PLAT-VISADASHBOARD,C,2026-09-24,500,granted,1,2023-03-07,2023-03-16,2023-03-16,9,PhD,Postgraduate Research,Other,Outside Australia,no,unknown,Unknown,100,,https://www.visadashboard.top/dashboard/table
VD-b6fc0dee1d3192ec8cc1,a83b94aa4e993600ff0a,PLAT-VISADASHBOARD,C,2026-09-24,500,granted,1,2023-03-02,2023-03-16,2023-03-16,14,PhD,Postgraduate Research,Other,Outside Australia,no,unknown,Unknown,100,,https://www.visadashboard.top/dashboard/table
VD-a8ec6a0d736e04171bf8,3d563768a3d94f05db9f,PLAT-VISADASHBOARD,C,2026-09-24,500,granted,1,2023-03-02,2023-03-16,2023-03-16,14,PhD,Postgraduate Research,Engineering,Outside Australia,no,unknown,Unknown,100,,https://www.visadashboard.top/dashboard/table
VD-2c85da31463f207bc667,0ad838c2453306832da4,PLAT-VISADASHBOARD,C,2026-09-24,500,granted,1,2023-02-01,2023-03-16,2023-03-16,43,PhD,Postgraduate Research,Other,Outside Australia,no,unknown,Unknown,100,,https://www.visadashboard.top/dashboard/table
VD-bfc361c7467759928b2c,137ebb76e9fabb2c9927,PLAT-VISADASHBOARD,C,2026-09-24,500,granted,1,2023-01-30,2023-03-16,2023-03-16,45,PhD,Postgraduate Research,Other,Outside Australia,no,unknown,Unknown,100,,https://www.visadashboard.top/dashboard/table
VD-4aba5aec6763e293d212,00a99e7ae70774e90011,PLAT-VISADASHBOARD,C,2026-09-24,500,granted,1,2023-01-15,2023-03-16,2023-03-16,60,PhD,Postgraduate Research,Other,Outside Australia,no,unknown,Unknown,100,,https://www.visadashboard.top/dashboard/table
VD-b79cea53012f2c3afe81,296e53e7f1d6414ae069,PLAT-VISADASHBOARD,C,2026-09-24,500,granted,1,2023-01-23,2023-03-15,2023-03-15,51,PhD,Postgraduate Research,Other,Outside Australia,no,unknown,Unknown,100,,https://www.visadashboard.top/dashboard/table
VD-80821b2c75bd42fc74ea,0ab173eab9a71eed4a9b,PLAT-VISADASHBOARD,C,2026-09-24,500,granted,1,2022-02-24,2023-03-15,2023-03-15,384,PhD,Postgraduate Research,Other,In Australia,no,unknown,Unknown,100,,https://www.visadashboard.top/dashboard/table
VD-9beb069bf95f5aa67197,d357dbdd0a5901e39cd3,PLAT-VISADASHBOARD,C,2026-09-24,500,granted,1,2021-11-04,2023-03-15,2023-03-15,496,PhD,Postgraduate Research,Other,Outside Australia,no,unknown,Unknown,100,,https://www.visadashboard.top/dashboard/table
VD-9d9709c57ca581394847,f87655511d711fc85069,PLAT-VISADASHBOARD,C,2026-09-24,500,granted,1,2023-01-19,2023-03-14,2023-03-14,54,PhD,Postgraduate Research,Other,Outside Australia,no,unknown,Unknown,100,,https://www.visadashboard.top/dashboard/table
VD-74191a6f774f580b4664,c9a6ad86aa9ad173ea02,PLAT-VISADASHBOARD,C,2026-09-24,500,granted,1,2023-01-13,2023-03-14,2023-03-14,60,PhD,Postgraduate Research,Other,Outside Australia,no,unknown,Unknown,100,,https://www.visadashboard.top/dashboard/table
VD-f356fadcc6573841f2f0,ad49e3b1114203eed683,PLAT-VISADASHBOARD,C,2026-09-24,500,granted,1,2022-12-23,2023-03-14,2023-03-14,81,PhD,Postgraduate Research,Other,Outside Australia,no,unknown,Unknown,100,,https://www.visadashboard.top/dashboard/table
VD-1cd6188d1ad5bf8239c7,c47232ffb66881126308,PLAT-VISADASHBOARD,C,2026-09-24,500,granted,1,2022-12-20,2023-03-14,2023-03-14,84,PhD,Postgraduate Research,Other,In Australia,no,unknown,Unknown,100,,https://www.visadashboard.top/dashboard/table
VD-6b05a7f259e8ce92a0d4,7eafd283113598c26ef4,PLAT-VISADASHBOARD,C,2026-09-24,500,granted,1,2022-11-30,2023-03-14,2023-03-14,104,PhD,Postgraduate Research,Engineering,Outside Australia,no,unknown,Unknown,100,,https://www.visadashboard.top/dashboard/table
VD-13f283358103bd528d17,44cc6b2f8b4541dc03f6,PLAT-VISADASHBOARD,C,2026-09-24,500,granted,1,2022-11-12,2023-03-14,2023-03-14,122,PhD,Postgraduate Research,Natural Sciences,Outside Australia,no,unknown,Unknown,100,,https://www.visadashboard.top/dashboard/table
VD-b72059ac5ed9572d694e,5c6719afe0fe4306cc30,PLAT-VISADASHBOARD,C,2026-09-24,500,granted,1,2022-11-01,2023-03-14,2023-03-14,133,PhD,Postgraduate Research,Computing and Data,Outside Australia,no,unknown,Unknown,100,,https://www.visadashboard.top/dashboard/table
VD-4da0e286f08370fb0c46,8c71b27049e0b2648504,PLAT-VISADASHBOARD,C,2026-09-24,500,granted,1,2022-10-20,2023-03-14,2023-03-14,145,PhD,Postgraduate Research,Other,Outside Australia,no,unknown,Unknown,100,,https://www.visadashboard.top/dashboard/table
VD-796c294e2baad7636595,5099c9d634a7d77852d7,PLAT-VISADASHBOARD,C,2026-09-24,500,granted,1,2022-10-03,2023-03-14,2023-03-14,162,PhD,Postgraduate Research,Computing and Data,Outside Australia,no,unknown,Unknown,100,,https://www.visadashboard.top/dashboard/table
VD-e8241ebaf6bddf42d1c1,1d4c69a062a7ae26d714,PLAT-VISADASHBOARD,C,2026-09-24,500,granted,1,2022-10-01,2023-03-14,2023-03-14,164,PhD,Postgraduate Research,Other,Outside Australia,no,unknown,Unknown,100,,https://www.visadashboard.top/dashboard/table
VD-35d2ad4bd38197258c46,b4bcfe13871d8f346cbc,PLAT-VISADASHBOARD,C,2026-09-24,500,granted,1,2022-09-22,2023-03-14,2023-03-14,173,PhD,Postgraduate Research,Engineering,Outside Australia,no,unknown,Unknown,100,,https://www.visadashboard.top/dashboard/table
VD-27303445d137e1d75a9b,c80d403883e6bc398c02,PLAT-VISADASHBOARD,C,2026-09-24,500,granted,1,2022-08-22,2023-03-14,2023-03-14,204,Unknown,Unknown,Other,Outside Australia,no,unknown,Unknown,92,unknown_education_level,https://www.visadashboard.top/dashboard/table
VD-25ad21c50ba6aee14dc0,90074e29c57f37323c3b,PLAT-VISADASHBOARD,C,2026-09-24,500,granted,1,2022-08-06,2023-03-14,2023-03-14,220,PhD,Postgraduate Research,Other,Outside Australia,no,unknown,Unknown,100,,https://www.visadashboard.top/dashboard/table
VD-0fa04321050522d2dbe4,fa327a2200b6604bfcb3,PLAT-VISADASHBOARD,C,2026-09-24,500,granted,1,2022-06-03,2023-03-14,2023-03-14,284,PhD,Postgraduate Research,Other,Outside Australia,no,unknown,Unknown,100,,https://www.visadashboard.top/dashboard/table
VD-f8d8fb8fc30a8ef017c7,c836cf1f72b59a74639d,PLAT-VISADASHBOARD,C,2026-09-24,500,granted,1,2021-09-21,2023-03-14,2023-03-14,539,PhD,Postgraduate Research,Other,Outside Australia,no,unknown,Unknown,100,,https://www.visadashboard.top/dashboard/table
VD-484d1b00ca8fa9ff36b0,fddbc9fcb0f8b77abdae,PLAT-VISADASHBOARD,C,2026-09-24,500,granted,1,2022-10-01,2023-03-13,2023-03-13,163,PhD,Postgraduate Research,Computing and Data,Outside Australia,no,unknown,Unknown,100,,https://www.visadashboard.top/dashboard/table
VD-ffde347853f1466294d0,d5ac4183aad6dc6fe5ca,PLAT-VISADASHBOARD,C,2026-09-24,500,granted,1,2022-08-12,2023-03-11,2023-03-11,211,PhD,Postgraduate Research,Health and Medicine,Outside Australia,no,unknown,Unknown,100,,https://www.visadashboard.top/dashboard/table
VD-ee47437393d0ccc801b5,041725e5ac725e1362d1,PLAT-VISADASHBOARD,C,2026-09-24,500,granted,1,2023-01-24,2023-03-10,2023-03-10,45,PhD,Postgraduate Research,Other,Unknown,no,unknown,Unknown,95,unknown_submit_location,https://www.visadashboard.top/dashboard/table
VD-6b274086aaaedda9974c,ef06acedd7ee0aeb0ff4,PLAT-VISADASHBOARD,C,2026-09-24,500,granted,1,2023-01-01,2023-03-10,2023-03-10,68,PhD,Postgraduate Research,Engineering,Outside Australia,no,unknown,Unknown,100,,https://www.visadashboard.top/dashboard/table
VD-e6b84613be0c9996a9db,3866da04de5d4e61ce3d,PLAT-VISADASHBOARD,C,2026-09-24,500,granted,1,2022-12-15,2023-03-10,2023-03-10,85,PhD,Postgraduate Research,Natural Sciences,Outside Australia,no,unknown,Unknown,100,,https://www.visadashboard.top/dashboard/table
VD-5c2906ce831cede13cd7,57bfe50b3511dcd94130,PLAT-VISADASHBOARD,C,2026-09-24,500,granted,1,2022-11-21,2023-03-10,2023-03-10,109,PhD,Postgraduate Research,Other,Outside Australia,no,unknown,Unknown,100,,https://www.visadashboard.top/dashboard/table
VD-583e9e659925a9f3b4ae,767fce0a4f1af4f7f8b0,PLAT-VISADASHBOARD,C,2026-09-24,500,granted,1,2022-11-17,2023-03-10,2023-03-10,113,PhD,Postgraduate Research,Other,Outside Australia,no,unknown,Unknown,100,,https://www.visadashboard.top/dashboard/table
VD-6a038dd4733a4fd19e11,15a5d410fd69bc524ae4,PLAT-VISADASHBOARD,C,2026-09-24,500,granted,1,2022-11-03,2023-03-10,2023-03-10,127,PhD,Postgraduate Research,Other,Outside Australia,no,unknown,Unknown,100,,https://www.visadashboard.top/dashboard/table
VD-411bc558b6c54fef3db5,e1b8fb7bdfc49a5668ec,PLAT-VISADASHBOARD,C,2026-09-24,500,granted,1,2022-11-03,2023-03-10,2023-03-10,127,PhD,Postgraduate Research,Computing and Data,Outside Australia,no,unknown,Unknown,100,,https://www.visadashboard.top/dashboard/table
VD-08b3f3886ba056ba96ed,1c5a8cd8a61689c51e6e,PLAT-VISADASHBOARD,C,2026-09-24,500,granted,1,2022-11-01,2023-03-10,2023-03-10,129,PhD,Postgraduate Research,Computing and Data,Outside Australia,no,unknown,Unknown,100,,https://www.visadashboard.top/dashboard/table
VD-6a957fc16465d83b96e2,8abffedc2e7ca9d29908,PLAT-VISADASHBOARD,C,2026-09-24,500,granted,1,2022-10-31,2023-03-10,2023-03-10,130,PhD,Postgraduate Research,Other,Outside Australia,no,unknown,Unknown,100,,https://www.visadashboard.top/dashboard/table
VD-1f049e74b0696a70f35d,5f98b757066319da0037,PLAT-VISADASHBOARD,C,2026-09-24,500,granted,1,2022-10-25,2023-03-10,2023-03-10,136,PhD,Postgraduate Research,Computing and Data,Outside Australia,no,unknown,Unknown,100,,https://www.visadashboard.top/dashboard/table
VD-5228645cf5ddf30695b9,039690a6d3a16fa85bb1,PLAT-VISADASHBOARD,C,2026-09-24,500,granted,1,2022-10-08,2023-03-10,2023-03-10,153,PhD,Postgraduate Research,Health and Medicine,Outside Australia,no,unknown,Unknown,100,,https://www.visadashboard.top/dashboard/table
VD-4c3932954b61a21639a3,e3a4996704459ba7f223,PLAT-VISADASHBOARD,C,2026-09-24,500,granted,1,2022-09-29,2023-03-10,2023-03-10,162,PhD,Postgraduate Research,Other,Outside Australia,no,unknown,Unknown,100,,https://www.visadashboard.top/dashboard/table
VD-bf57f2b0a73174778a88,4d9052556c1a061cd947,PLAT-VISADASHBOARD,C,2026-09-24,500,granted,1,2022-09-22,2023-03-10,2023-03-10,169,PhD,Postgraduate Research,Other,Outside Australia,no,unknown,Unknown,100,,https://www.visadashboard.top/dashboard/table
VD-2bc61164302be95559fc,a2184e143395bcc54066,PLAT-VISADASHBOARD,C,2026-09-24,500,granted,1,2022-09-13,2023-03-10,2023-03-10,178,PhD,Postgraduate Research,Other,Outside Australia,no,unknown,Unknown,100,,https://www.visadashboard.top/dashboard/table
VD-f5f66c47b4b9fc566df9,aeaf17f112210df725b2,PLAT-VISADASHBOARD,C,2026-09-24,500,granted,1,2022-08-24,2023-03-10,2023-03-10,198,PhD,Postgraduate Research,Computing and Data,Outside Australia,no,unknown,Unknown,100,,https://www.visadashboard.top/dashboard/table
VD-cb7967c04d51d24cd974,709872007f91f4d134e5,PLAT-VISADASHBOARD,C,2026-09-24,500,granted,1,2022-08-22,2023-03-10,2023-03-10,200,PhD,Postgraduate Research,Computing and Data,Outside Australia,no,unknown,Unknown,100,,https://www.visadashboard.top/dashboard/table
VD-fef014d49fdc044c627d,70e523eef12812f3a7bf,PLAT-VISADASHBOARD,C,2026-09-24,500,granted,1,2022-08-12,2023-03-10,2023-03-10,210,PhD,Postgraduate Research,Computing and Data,Outside Australia,no,unknown,Unknown,100,,https://www.visadashboard.top/dashboard/table
VD-fcc6909214b88a7d5eeb,6c4f20de656849742522,PLAT-VISADASHBOARD,C,2026-09-24,500,granted,1,2022-08-11,2023-03-10,2023-03-10,211,Unknown,Unknown,Computing and Data,Outside Australia,no,unknown,Unknown,92,unknown_education_level,https://www.visadashboard.top/dashboard/table
VD-172c219e550779993229,3741e02737715ab5bde2,PLAT-VISADASHBOARD,C,2026-09-24,500,granted,1,2022-08-08,2023-03-10,2023-03-10,214,PhD,Postgraduate Research,Natural Sciences,Outside Australia,no,unknown,Unknown,100,,https://www.visadashboard.top/dashboard/table
VD-b70189902518d70cd3fd,cb8cb0628518ae6dad6b,PLAT-VISADASHBOARD,C,2026-09-24,500,granted,1,2022-07-09,2023-03-10,2023-03-10,244,PhD,Postgraduate Research,Engineering,Outside Australia,no,unknown,Unknown,100,,https://www.visadashboard.top/dashboard/table
VD-fb109d6b1826b5a545a2,ea0d3f9638d8b8b27ecf,PLAT-VISADASHBOARD,C,2026-09-24,500,granted,1,2022-07-08,2023-03-10,2023-03-10,245,PhD,Postgraduate Research,Other,Outside Australia,no,unknown,Unknown,100,,https://www.visadashboard.top/dashboard/table
VD-eed1b477aacda7d3ed6f,d11108d1d0479e4d8a79,PLAT-VISADASHBOARD,C,2026-09-24,500,granted,1,2022-06-21,2023-03-10,2023-03-10,262,PhD,Postgraduate Research,Computing and Data,Outside Australia,no,unknown,Unknown,100,,https://www.visadashboard.top/dashboard/table
VD-4c77f376a1060c6340e3,fdb237516c91c1066a4b,PLAT-VISADASHBOARD,C,2026-09-24,500,granted,1,2022-06-20,2023-03-10,2023-03-10,263,PhD,Postgraduate Research,Computing and Data,Outside Australia,no,unknown,Unknown,100,,https://www.visadashboard.top/dashboard/table
VD-52f782e4005151b1ea89,e13cf43e295cd1abed95,PLAT-VISADASHBOARD,C,2026-09-24,500,granted,1,2022-06-09,2023-03-10,2023-03-10,274,PhD,Postgraduate Research,Computing and Data,Outside Australia,no,unknown,Unknown,100,,https://www.visadashboard.top/dashboard/table
VD-d613fb0f08712815a09a,c0baecd23edbb029f220,PLAT-VISADASHBOARD,C,2026-09-24,500,granted,1,2022-03-28,2023-03-10,2023-03-10,347,PhD,Postgraduate Research,Computing and Data,Outside Australia,no,unknown,Unknown,100,,https://www.visadashboard.top/dashboard/table
VD-aa992f6972b5d5ca0b9b,dadfb460477e58eeb769,PLAT-VISADASHBOARD,C,2026-09-24,500,granted,1,2022-03-14,2023-03-10,2023-03-10,361,PhD,Postgraduate Research,Other,Outside Australia,no,unknown,Unknown,100,,https://www.visadashboard.top/dashboard/table
VD-b1362253888f804a538c,d7445c21d0dac8b4a223,PLAT-VISADASHBOARD,C,2026-09-24,500,granted,1,2022-03-01,2023-03-10,2023-03-10,374,PhD,Postgraduate Research,Engineering,Outside Australia,no,unknown,Unknown,100,,https://www.visadashboard.top/dashboard/table
VD-c54d994ad5f414e4155e,3b792524f634eae8e83e,PLAT-VISADASHBOARD,C,2026-09-24,500,granted,1,2022-03-01,2023-03-10,2023-03-10,374,PhD,Postgraduate Research,Other,Outside Australia,no,unknown,Unknown,100,,https://www.visadashboard.top/dashboard/table
VD-1c68a91105b8f885f611,e88c6ac4cded6e5f9410,PLAT-VISADASHBOARD,C,2026-09-24,500,granted,1,2022-02-03,2023-03-10,2023-03-10,400,PhD,Postgraduate Research,Other,Outside Australia,no,unknown,Unknown,100,,https://www.visadashboard.top/dashboard/table
VD-d04e6a3250e5a6618559,2c2faf7e5768e0cdb55f,PLAT-VISADASHBOARD,C,2026-09-24,500,granted,1,2022-01-07,2023-03-10,2023-03-10,427,PhD,Postgraduate Research,Other,Outside Australia,no,unknown,Unknown,100,,https://www.visadashboard.top/dashboard/table
VD-75267d5b2ad27afbdc74,7e8ef131468aab891b2e,PLAT-VISADASHBOARD,C,2026-09-24,500,granted,1,2021-11-26,2023-03-10,2023-03-10,469,PhD,Postgraduate Research,Other,Outside Australia,no,unknown,Unknown,100,,https://www.visadashboard.top/dashboard/table
VD-c2efe287f0a0e2f1e7f8,c861d8b658ed8fa2a1af,PLAT-VISADASHBOARD,C,2026-09-24,500,granted,1,2021-11-01,2023-03-10,2023-03-10,494,PhD,Postgraduate Research,Other,Outside Australia,no,unknown,Unknown,100,,https://www.visadashboard.top/dashboard/table
VD-7165debc85216a9e7046,9e3058123f817ead506c,PLAT-VISADASHBOARD,C,2026-09-24,500,granted,1,2021-10-01,2023-03-10,2023-03-10,525,PhD,Postgraduate Research,Other,Outside Australia,no,unknown,Unknown,100,,https://www.visadashboard.top/dashboard/table
VD-cea86a96a2dab89d3a12,780bd82e72112d5241ac,PLAT-VISADASHBOARD,C,2026-09-24,500,granted,1,2021-08-20,2023-03-10,2023-03-10,567,PhD,Postgraduate Research,Computing and Data,Outside Australia,no,unknown,Unknown,100,,https://www.visadashboard.top/dashboard/table
VD-1f3ab2c47366e20abddf,dd0726e1bbb1be7e1960,PLAT-VISADASHBOARD,C,2026-09-24,500,granted,1,2021-01-26,2023-03-10,2023-03-10,773,PhD,Postgraduate Research,Engineering,Outside Australia,no,unknown,Unknown,100,,https://www.visadashboard.top/dashboard/table
VD-ceb7d9b9c4fb70b0ae38,f05384160be75292e795,PLAT-VISADASHBOARD,C,2026-09-24,500,pending,0,2026-08-26,,2026-09-24,29,PhD,Postgraduate Research,Other,Outside Australia,unknown,yes,Group of Eight,100,,https://www.visadashboard.top/dashboard/table
VD-23885047db1ad5aeae01,564cdd939dcfcbd5dca9,PLAT-VISADASHBOARD,C,2026-09-24,500,pending,0,2026-08-22,,2026-09-24,33,PhD,Postgraduate Research,Engineering,Outside Australia,no,yes,Other/Unverified,100,,https://www.visadashboard.top/dashboard/table
VD-5298cce3f639773823b9,340cfdc75a4e60380b25,PLAT-VISADASHBOARD,C,2026-09-24,500,pending,0,2026-08-18,,2026-09-24,37,PhD,Postgraduate Research,Other,In Australia,no,no,Unknown,100,,https://www.visadashboard.top/dashboard/table
VD-fd41b50b3c254013016c,f668de842b99280807ab,PLAT-VISADASHBOARD,C,2026-09-24,500,pending,0,2026-08-05,,2026-09-24,50,PhD,Postgraduate Research,Computing and Data,Outside Australia,no,no,Other/Unverified,100,,https://www.visadashboard.top/dashboard/table
VD-53ce7f04959c924f751a,2777d3ce877061ed2323,PLAT-VISADASHBOARD,C,2026-09-24,500,pending,0,2026-07-10,,2026-09-24,76,PhD,Postgraduate Research,Other,Outside Australia,no,no,Unknown,100,,https://www.visadashboard.top/dashboard/table
VD-ae4e9b70fd45cbed2cbf,233cbcbe8c6fbc6ee19c,PLAT-VISADASHBOARD,C,2026-09-24,500,pending,0,2026-07-04,,2026-09-24,82,PhD,Postgraduate Research,Engineering,Outside Australia,no,yes,Group of Eight,100,,https://www.visadashboard.top/dashboard/table
VD-9e21111e187d2c914102,51f73d74e014911fae36,PLAT-VISADASHBOARD,C,2026-09-24,500,pending,0,2026-06-22,,2026-09-24,94,PhD,Postgraduate Research,Engineering,Outside Australia,no,yes,Group of Eight,100,,https://www.visadashboard.top/dashboard/table
VD-5ae15f7edcfb7721ce28,43caa50e1d20e76d7c7e,PLAT-VISADASHBOARD,C,2026-09-24,500,pending,0,2026-04-21,,2026-09-24,156,PhD,Postgraduate Research,Other,Outside Australia,no,yes,Unknown,100,,https://www.visadashboard.top/dashboard/table
VD-3aa6cdf1b60a1dc1f3f0,1e8e48819e89a6258c69,PLAT-VISADASHBOARD,C,2026-09-24,500,pending,0,2026-04-14,,2026-09-24,163,PhD,Postgraduate Research,Other,Outside Australia,no,unknown,Unknown,100,,https://www.visadashboard.top/dashboard/table
VD-5c0569b9e42f7a705cf8,ebd957fe697f87e7f462,PLAT-VISADASHBOARD,C,2026-09-24,500,pending,0,2026-03-02,,2026-09-24,206,PhD,Postgraduate Research,Other,Outside Australia,no,unknown,Unknown,100,,https://www.visadashboard.top/dashboard/table
VD-14813aa7c4d0af8d5c5d,e76126c030fb224e3547,PLAT-VISADASHBOARD,C,2026-09-24,500,pending,0,2026-03-01,,2026-09-24,207,PhD,Postgraduate Research,Computing and Data,Outside Australia,no,yes,Group of Eight,100,,https://www.visadashboard.top/dashboard/table
VD-27184cf0b7318c857a0e,7b8f4dfa1f2639aa5d87,PLAT-VISADASHBOARD,C,2026-09-24,500,pending,0,2026-02-24,,2026-09-24,212,PhD,Postgraduate Research,Other,Outside Australia,no,yes,Other/Unverified,100,,https://www.visadashboard.top/dashboard/table
VD-3244e6bde3d1aa102ce2,04768a28a2a8e83c3b18,PLAT-VISADASHBOARD,C,2026-09-24,500,pending,0,2026-01-12,,2026-09-24,255,PhD,Postgraduate Research,Other,Outside Australia,no,no,Group of Eight,100,,https://www.visadashboard.top/dashboard/table
VD-b190cb17851b6368c9bb,292ede69bc47cef74345,PLAT-VISADASHBOARD,C,2026-09-24,500,pending,0,2025-11-26,,2026-09-24,302,PhD,Postgraduate Research,Engineering,Outside Australia,no,unknown,Unknown,100,,https://www.visadashboard.top/dashboard/table
VD-80d8a4a337b77e2025b8,4c5a94262797caf808df,PLAT-VISADASHBOARD,C,2026-09-24,500,pending,0,2025-11-16,,2026-09-24,312,PhD,Postgraduate Research,Other,Outside Australia,no,yes,Group of Eight,100,,https://www.visadashboard.top/dashboard/table
VD-fdeda81aa6e598931539,16aaa90bcfb0a7168cae,PLAT-VISADASHBOARD,C,2026-09-24,500,pending,0,2025-11-14,,2026-09-24,314,PhD,Postgraduate Research,Other,Outside Australia,no,unknown,Unknown,100,,https://www.visadashboard.top/dashboard/table
VD-036ade4ac958c30b90a3,07a3951b5488d2db5cf5,PLAT-VISADASHBOARD,C,2026-09-24,500,pending,0,2025-11-11,,2026-09-24,317,PhD,Postgraduate Research,Health and Medicine,Outside Australia,no,yes,Unknown,100,,https://www.visadashboard.top/dashboard/table
VD-62252463471b6ab7c899,fd2d5dcde59c41d9f3d6,PLAT-VISADASHBOARD,C,2026-09-24,500,pending,0,2025-11-07,,2026-09-24,321,PhD,Postgraduate Research,Other,Outside Australia,no,yes,Group of Eight,100,,https://www.visadashboard.top/dashboard/table
VD-504709ab7cf7199b5de1,a6c72744632852e1427a,PLAT-VISADASHBOARD,C,2026-09-24,500,pending,0,2025-10-01,,2026-09-24,358,Unknown,Unknown,Other,Outside Australia,no,no,Other/Unverified,92,unknown_education_level,https://www.visadashboard.top/dashboard/table
VD-7c676f858798ee5787d6,48817459e6fae8c13dac,PLAT-VISADASHBOARD,C,2026-09-24,500,pending,0,2025-09-30,,2026-09-24,359,PhD,Postgraduate Research,Other,Outside Australia,no,yes,Group of Eight,100,,https://www.visadashboard.top/dashboard/table
VD-49facd3f364d30a40dbb,8291660b18b1373cf526,PLAT-VISADASHBOARD,C,2026-09-24,500,pending,0,2025-09-18,,2026-09-24,371,Unknown,Unknown,Other,Outside Australia,no,yes,Group of Eight,92,unknown_education_level,https://www.visadashboard.top/dashboard/table
VD-edf686188c624c42b53e,88e2f8dec05069633a98,PLAT-VISADASHBOARD,C,2026-09-24,500,pending,0,2025-09-16,,2026-09-24,373,PhD,Postgraduate Research,Other,Outside Australia,no,yes,Unknown,100,,https://www.visadashboard.top/dashboard/table
VD-9588aafc08a267d06b74,9e4b98a1e28d3fb0c04b,PLAT-VISADASHBOARD,C,2026-09-24,500,pending,0,2025-09-16,,2026-09-24,373,PhD,Postgraduate Research,Natural Sciences,Outside Australia,no,unknown,Unknown,100,,https://www.visadashboard.top/dashboard/table
VD-08e609071893be5f255c,6a859345c2ce3a6fd820,PLAT-VISADASHBOARD,C,2026-09-24,500,pending,0,2025-09-02,,2026-09-24,387,PhD,Postgraduate Research,Engineering,Outside Australia,no,unknown,Group of Eight,100,,https://www.visadashboard.top/dashboard/table
VD-e9272d56f08ee0495276,cde91ec1b8ea7ee11a07,PLAT-VISADASHBOARD,C,2026-09-24,500,pending,0,2025-08-23,,2026-09-24,397,PhD,Postgraduate Research,Engineering,Outside Australia,no,yes,Group of Eight,100,,https://www.visadashboard.top/dashboard/table
VD-1b95c2d37583e8809564,5b945497c9fc93bbd5c7,PLAT-VISADASHBOARD,C,2026-09-24,500,pending,0,2025-08-21,,2026-09-24,399,PhD,Postgraduate Research,Health and Medicine,In Australia,no,no,Other/Unverified,100,,https://www.visadashboard.top/dashboard/table
VD-df8e1096308126b8602c,c861cb18cc42e1a90ae9,PLAT-VISADASHBOARD,C,2026-09-24,500,pending,0,2025-08-14,,2026-09-24,406,PhD,Postgraduate Research,Natural Sciences,Outside Australia,no,yes,Unknown,100,,https://www.visadashboard.top/dashboard/table
VD-2e0f6a76461705d336f0,861d58eaaba2fb320393,PLAT-VISADASHBOARD,C,2026-09-24,500,pending,0,2025-08-06,,2026-09-24,414,PhD,Postgraduate Research,Other,Outside Australia,no,yes,Other/Unverified,100,,https://www.visadashboard.top/dashboard/table
VD-708660daf838917a84be,cb56b0b5abdefd168db7,PLAT-VISADASHBOARD,C,2026-09-24,500,pending,0,2025-07-31,,2026-09-24,420,PhD,Postgraduate Research,Humanities and Social Sciences,Outside Australia,no,unknown,Unknown,100,,https://www.visadashboard.top/dashboard/table
VD-a0b96ff7ccfe61f4b289,b8d14814d3c5cd5d0434,PLAT-VISADASHBOARD,C,2026-09-24,500,pending,0,2025-07-30,,2026-09-24,421,Unknown,Unknown,Engineering,Outside Australia,no,unknown,Unknown,92,unknown_education_level,https://www.visadashboard.top/dashboard/table
VD-5aa0e7d500243e27d00b,2f7aaa5472c11ab5fe53,PLAT-VISADASHBOARD,C,2026-09-24,500,pending,0,2025-07-29,,2026-09-24,422,PhD,Postgraduate Research,Computing and Data,Outside Australia,no,yes,Group of Eight,100,,https://www.visadashboard.top/dashboard/table
VD-1354d9f508a5a061dd49,b941d9bb6d3d13883220,PLAT-VISADASHBOARD,C,2026-09-24,500,pending,0,2025-07-27,,2026-09-24,424,PhD,Postgraduate Research,Other,Outside Australia,no,yes,Group of Eight,100,,https://www.visadashboard.top/dashboard/table
VD-fb01de3f6fc146985292,41729a615c8360513a7b,PLAT-VISADASHBOARD,C,2026-09-24,500,pending,0,2025-07-22,,2026-09-24,429,PhD,Postgraduate Research,Other,Outside Australia,no,yes,Other/Unverified,100,,https://www.visadashboard.top/dashboard/table
VD-2548f217ea02529061d9,ec45dd30274d7b07e026,PLAT-VISADASHBOARD,C,2026-09-24,500,pending,0,2025-07-18,,2026-09-24,433,PhD,Postgraduate Research,Computing and Data,Outside Australia,no,yes,Group of Eight,100,,https://www.visadashboard.top/dashboard/table
VD-0f23592650231c2a0255,538bfbdc077cbac04966,PLAT-VISADASHBOARD,C,2026-09-24,500,pending,0,2025-07-17,,2026-09-24,434,Unknown,Unknown,Other,Outside Australia,no,yes,Unknown,92,unknown_education_level,https://www.visadashboard.top/dashboard/table
VD-6feaf45e3ef3b47d9721,46bf39b84edad33d50fb,PLAT-VISADASHBOARD,C,2026-09-24,500,pending,0,2025-07-14,,2026-09-24,437,PhD,Postgraduate Research,Other,Outside Australia,no,yes,Unknown,100,,https://www.visadashboard.top/dashboard/table
VD-61c0c7054aefb7493ec7,d57817fec31489bd2c67,PLAT-VISADASHBOARD,C,2026-09-24,500,pending,0,2025-07-13,,2026-09-24,438,PhD,Postgraduate Research,Other,Outside Australia,no,yes,Other/Unverified,100,,https://www.visadashboard.top/dashboard/table
VD-f14dd1aa37b63d13a0f3,d57817fec31489bd2c67,PLAT-VISADASHBOARD,C,2026-09-24,500,pending,0,2025-07-13,,2026-09-24,438,PhD,Postgraduate Research,Other,Outside Australia,no,yes,Group of Eight,100,,https://www.visadashboard.top/dashboard/table
VD-9e765197edfec89f2a68,d57817fec31489bd2c67,PLAT-VISADASHBOARD,C,2026-09-24,500,pending,0,2025-07-13,,2026-09-24,438,PhD,Postgraduate Research,Other,Outside Australia,no,yes,Unknown,100,,https://www.visadashboard.top/dashboard/table
VD-9f3a3b93781ecc153793,786193fec074f789d121,PLAT-VISADASHBOARD,C,2026-09-24,500,pending,0,2025-07-13,,2026-09-24,438,PhD,Postgraduate Research,Computing and Data,Outside Australia,no,yes,Other/Unverified,100,,https://www.visadashboard.top/dashboard/table
VD-e14ff56db9f51762b836,0e5c760a5ad0d230bf64,PLAT-VISADASHBOARD,C,2026-09-24,500,pending,0,2025-07-11,,2026-09-24,440,PhD,Postgraduate Research,Other,Outside Australia,no,yes,Group of Eight,100,,https://www.visadashboard.top/dashboard/table
VD-fcf6c930073ab38f1c2d,471d5e7f6c0ef1beb176,PLAT-VISADASHBOARD,C,2026-09-24,500,pending,0,2025-07-10,,2026-09-24,441,PhD,Postgraduate Research,Engineering,Outside Australia,no,yes,Group of Eight,100,,https://www.visadashboard.top/dashboard/table
VD-d6ef8cbfb6ab6bf0dd50,66fd65db934a54c9397f,PLAT-VISADASHBOARD,C,2026-09-24,500,pending,0,2025-07-09,,2026-09-24,442,PhD,Postgraduate Research,Other,Outside Australia,no,yes,Other/Unverified,100,,https://www.visadashboard.top/dashboard/table
VD-437f0e81bff2c591833c,96d9b6108490592cd97e,PLAT-VISADASHBOARD,C,2026-09-24,500,pending,0,2025-07-09,,2026-09-24,442,PhD,Postgraduate Research,Computing and Data,Outside Australia,unknown,no,Group of Eight,100,,https://www.visadashboard.top/dashboard/table
VD-06850eca493f69890272,5bd0eec42db57ef1cba1,PLAT-VISADASHBOARD,C,2026-09-24,500,pending,0,2025-07-08,,2026-09-24,443,PhD,Postgraduate Research,Engineering,Outside Australia,no,yes,Other/Unverified,100,,https://www.visadashboard.top/dashboard/table
VD-4d3b6b2dc3214be76d93,7c95c103768b3e6e7b08,PLAT-VISADASHBOARD,C,2026-09-24,500,pending,0,2025-07-07,,2026-09-24,444,PhD,Postgraduate Research,Other,Outside Australia,no,yes,Other/Unverified,100,,https://www.visadashboard.top/dashboard/table
VD-288dd293908bc86ba2bc,4a14be38c4ca9c5e4b40,PLAT-VISADASHBOARD,C,2026-09-24,500,pending,0,2025-07-03,,2026-09-24,448,PhD,Postgraduate Research,Other,Outside Australia,no,unknown,Unknown,100,,https://www.visadashboard.top/dashboard/table
VD-c38a9f346da2603f1643,126f1a5e9fa6764c67e4,PLAT-VISADASHBOARD,C,2026-09-24,500,pending,0,2025-06-30,,2026-09-24,451,PhD,Postgraduate Research,Engineering,Outside Australia,no,yes,Other/Unverified,100,,https://www.visadashboard.top/dashboard/table
VD-304789ff8bc28f003f92,cf06bbbbdacc11cc3f4e,PLAT-VISADASHBOARD,C,2026-09-24,500,pending,0,2025-06-19,,2026-09-24,462,PhD,Postgraduate Research,Other,Outside Australia,no,yes,Group of Eight,100,,https://www.visadashboard.top/dashboard/table
VD-9f5e5d612a43ed9335ce,7c86445ec4d427edfd8a,PLAT-VISADASHBOARD,C,2026-09-24,500,pending,0,2025-06-04,,2026-09-24,477,Unknown,Unknown,Built Environment,Outside Australia,no,no,Group of Eight,92,unknown_education_level,https://www.visadashboard.top/dashboard/table
VD-8b6589b69a5197e13a51,a05f2a7b149fbdb37d6a,PLAT-VISADASHBOARD,C,2026-09-24,500,pending,0,2025-05-31,,2026-09-24,481,PhD,Postgraduate Research,Education,Unknown,unknown,no,Other/Unverified,95,unknown_submit_location,https://www.visadashboard.top/dashboard/table
VD-b53b52f9fe423742809b,83620c0a3312aa10c030,PLAT-VISADASHBOARD,C,2026-09-24,500,pending,0,2025-05-28,,2026-09-24,484,PhD,Postgraduate Research,Health and Medicine,Outside Australia,no,yes,Other/Unverified,100,,https://www.visadashboard.top/dashboard/table
VD-1196a313e54e1065633b,645fe6651d801ddc6721,PLAT-VISADASHBOARD,C,2026-09-24,500,pending,0,2025-05-11,,2026-09-24,501,PhD,Postgraduate Research,Natural Sciences,Outside Australia,no,no,Unknown,100,,https://www.visadashboard.top/dashboard/table
VD-d64373b982930c3aee5c,6415f386875ce590fede,PLAT-VISADASHBOARD,C,2026-09-24,500,pending,0,2025-05-09,,2026-09-24,503,PhD,Postgraduate Research,Other,Outside Australia,no,unknown,Unknown,100,,https://www.visadashboard.top/dashboard/table
VD-b89fb9bcde41ecb6bdd0,1c87a2ec097637d8be7a,PLAT-VISADASHBOARD,C,2026-09-24,500,pending,0,2025-04-25,,2026-09-24,517,PhD,Postgraduate Research,Other,Outside Australia,no,no,Other/Unverified,100,,https://www.visadashboard.top/dashboard/table
VD-12610d51338166c9476c,0b1fe9d2f977682746d9,PLAT-VISADASHBOARD,C,2026-09-24,500,pending,0,2025-04-19,,2026-09-24,523,PhD,Postgraduate Research,Business and Economics,Outside Australia,no,unknown,Unknown,100,,https://www.visadashboard.top/dashboard/table
VD-97f455840f9621b66853,77be0df3c9c9a91b20e3,PLAT-VISADASHBOARD,C,2026-09-24,500,pending,0,2025-03-31,,2026-09-24,542,PhD,Postgraduate Research,Other,Outside Australia,no,no,Other/Unverified,100,,https://www.visadashboard.top/dashboard/table
VD-f87839e82437af3d3270,c51b6005ac85798599ce,PLAT-VISADASHBOARD,C,2026-09-24,500,pending,0,2025-03-25,,2026-09-24,548,PhD,Postgraduate Research,Other,Outside Australia,no,unknown,Unknown,100,,https://www.visadashboard.top/dashboard/table
VD-2c41f957df199fbd594a,5d68df2d94a169ba6ed1,PLAT-VISADASHBOARD,C,2026-09-24,500,pending,0,2025-03-23,,2026-09-24,550,PhD,Postgraduate Research,Other,Outside Australia,no,unknown,Unknown,100,,https://www.visadashboard.top/dashboard/table
VD-881fe3ce00f62adb5be1,f5af48902b6f888c8ab4,PLAT-VISADASHBOARD,C,2026-09-24,500,pending,0,2025-03-23,,2026-09-24,550,PhD,Postgraduate Research,Engineering,Outside Australia,no,yes,Group of Eight,100,,https://www.visadashboard.top/dashboard/table
VD-1c5dfb6154c9680b7f20,d7072311cfe5a5b9d5bd,PLAT-VISADASHBOARD,C,2026-09-24,500,pending,0,2025-03-20,,2026-09-24,553,PhD,Postgraduate Research,Engineering,Outside Australia,no,no,Group of Eight,100,,https://www.visadashboard.top/dashboard/table
VD-81a4c9cfc733807f1efa,fe2441be5068a0b9d7ee,PLAT-VISADASHBOARD,C,2026-09-24,500,pending,0,2025-03-16,,2026-09-24,557,PhD,Postgraduate Research,Engineering,Outside Australia,no,yes,Unknown,100,,https://www.visadashboard.top/dashboard/table
VD-7c893f699bdaad906426,abec9f9d021c0b0f784f,PLAT-VISADASHBOARD,C,2026-09-24,500,pending,0,2025-02-27,,2026-09-24,574,PhD,Postgraduate Research,Other,In Australia,unknown,no,Unknown,100,,https://www.visadashboard.top/dashboard/table
VD-fab046e6528505088868,3fd56023ea7d6a8f2798,PLAT-VISADASHBOARD,C,2026-09-24,500,pending,0,2025-02-23,,2026-09-24,578,Unknown,Unknown,Other,Outside Australia,no,unknown,Unknown,92,unknown_education_level,https://www.visadashboard.top/dashboard/table
VD-a4f54ea22ae52e7965e5,250ba13fa8e9baf01e18,PLAT-VISADASHBOARD,C,2026-09-24,500,pending,0,2025-02-20,,2026-09-24,581,PhD,Postgraduate Research,Other,In Australia,no,no,Group of Eight,100,,https://www.visadashboard.top/dashboard/table
VD-05716caf85504cafa3b4,7f022a3f6b60ed30018e,PLAT-VISADASHBOARD,C,2026-09-24,500,pending,0,2025-02-19,,2026-09-24,582,PhD,Postgraduate Research,Other,Outside Australia,no,no,Unknown,100,,https://www.visadashboard.top/dashboard/table
VD-d2658e6654c36750669a,ec0d2566400b291b4f46,PLAT-VISADASHBOARD,C,2026-09-24,500,pending,0,2025-02-11,,2026-09-24,590,Unknown,Unknown,Other,Outside Australia,no,yes,Other/Unverified,92,unknown_education_level,https://www.visadashboard.top/dashboard/table
VD-5eab38b107410ac823e7,214b9f95180c6f5f0aa9,PLAT-VISADASHBOARD,C,2026-09-24,500,pending,0,2025-02-06,,2026-09-24,595,PhD,Postgraduate Research,Engineering,Outside Australia,no,yes,Group of Eight,100,,https://www.visadashboard.top/dashboard/table
VD-3fb91ee0ae171e0d66f3,8258a4a18dba1378ee80,PLAT-VISADASHBOARD,C,2026-09-24,500,pending,0,2025-01-17,,2026-09-24,615,PhD,Postgraduate Research,Engineering,Outside Australia,no,yes,Group of Eight,100,,https://www.visadashboard.top/dashboard/table
VD-1f83fe0bc7c3a06f10b7,ae2c843e8c666771df51,PLAT-VISADASHBOARD,C,2026-09-24,500,pending,0,2025-01-16,,2026-09-24,616,Unknown,Unknown,Other,Outside Australia,no,no,Other/Unverified,92,unknown_education_level,https://www.visadashboard.top/dashboard/table
VD-4935f1fed4f68e6dd526,7b08cfc99c77cdb7a802,PLAT-VISADASHBOARD,C,2026-09-24,500,pending,0,2025-01-07,,2026-09-24,625,PhD,Postgraduate Research,Health and Medicine,Unknown,no,yes,Unknown,95,unknown_submit_location,https://www.visadashboard.top/dashboard/table
VD-946fba60b5932ee98196,2a4d3354c2dd8696fa91,PLAT-VISADASHBOARD,C,2026-09-24,500,pending,0,2025-01-03,,2026-09-24,629,PhD,Postgraduate Research,Engineering,Outside Australia,no,no,Unknown,100,,https://www.visadashboard.top/dashboard/table
VD-e7d1240b97adf9569ad1,f432b2afe00990d30523,PLAT-VISADASHBOARD,C,2026-09-24,500,pending,0,2024-12-23,,2026-09-24,640,PhD,Postgraduate Research,Other,Outside Australia,no,yes,Group of Eight,100,,https://www.visadashboard.top/dashboard/table
VD-068ad1871edb352ce427,bc501bf287d17e60b817,PLAT-VISADASHBOARD,C,2026-09-24,500,pending,0,2024-12-22,,2026-09-24,641,PhD,Postgraduate Research,Other,Outside Australia,no,yes,Other/Unverified,100,,https://www.visadashboard.top/dashboard/table
VD-b94c00c6cf1a45890844,eed936c6ac253d05ce37,PLAT-VISADASHBOARD,C,2026-09-24,500,pending,0,2024-12-17,,2026-09-24,646,PhD,Postgraduate Research,Natural Sciences,Outside Australia,no,yes,Group of Eight,100,,https://www.visadashboard.top/dashboard/table
VD-478cfa9c4b33bb621cf4,a79f208d2a07ac565ee1,PLAT-VISADASHBOARD,C,2026-09-24,500,pending,0,2024-12-14,,2026-09-24,649,PhD,Postgraduate Research,Other,Outside Australia,no,yes,Other/Unverified,100,,https://www.visadashboard.top/dashboard/table
VD-f0b293301852485b5f8a,82ae23ff6b3d6575f817,PLAT-VISADASHBOARD,C,2026-09-24,500,pending,0,2024-12-10,,2026-09-24,653,PhD,Postgraduate Research,Engineering,Outside Australia,no,yes,Group of Eight,100,,https://www.visadashboard.top/dashboard/table
VD-2687e184a8dc663de29b,01cfe921d5c4fae0273d,PLAT-VISADASHBOARD,C,2026-09-24,500,pending,0,2024-12-09,,2026-09-24,654,PhD,Postgraduate Research,Other,Outside Australia,no,yes,Unknown,100,,https://www.visadashboard.top/dashboard/table
VD-698bcfe18b51f3cc60f4,7d856a22625c5015a572,PLAT-VISADASHBOARD,C,2026-09-24,500,pending,0,2024-12-08,,2026-09-24,655,PhD,Postgraduate Research,Other,Outside Australia,no,yes,Group of Eight,100,,https://www.visadashboard.top/dashboard/table
VD-c2a4fe17f0a35601cdad,ff3ab43a80ec878a9964,PLAT-VISADASHBOARD,C,2026-09-24,500,pending,0,2024-11-27,,2026-09-24,666,PhD,Postgraduate Research,Natural Sciences,Outside Australia,no,unknown,Unknown,100,,https://www.visadashboard.top/dashboard/table
VD-cf78f3ae4441da5e241f,50c2ccd06ca07039465d,PLAT-VISADASHBOARD,C,2026-09-24,500,pending,0,2024-11-14,,2026-09-24,679,PhD,Postgraduate Research,Engineering,Outside Australia,no,yes,Group of Eight,100,,https://www.visadashboard.top/dashboard/table
VD-7740770c8ea55997c751,2ac918d17e0e98bb741c,PLAT-VISADASHBOARD,C,2026-09-24,500,pending,0,2024-11-13,,2026-09-24,680,PhD,Postgraduate Research,Other,Outside Australia,no,unknown,Unknown,100,,https://www.visadashboard.top/dashboard/table
VD-fc61656f121b1cff462e,42b289bf30d82783818c,PLAT-VISADASHBOARD,C,2026-09-24,500,pending,0,2024-11-01,,2026-09-24,692,PhD,Postgraduate Research,Other,Outside Australia,no,unknown,Unknown,100,,https://www.visadashboard.top/dashboard/table
VD-0209fcf9ccf55104d723,dd3b166c3436ef6d5d2e,PLAT-VISADASHBOARD,C,2026-09-24,500,pending,0,2024-10-24,,2026-09-24,700,PhD,Postgraduate Research,Other,Outside Australia,unknown,yes,Group of Eight,100,,https://www.visadashboard.top/dashboard/table
VD-67c89dc31ed96d429ff8,5e6b13690cacf4694b67,PLAT-VISADASHBOARD,C,2026-09-24,500,pending,0,2024-10-24,,2026-09-24,700,PhD,Postgraduate Research,Other,Outside Australia,no,yes,Other/Unverified,100,,https://www.visadashboard.top/dashboard/table
VD-855e08c09095fc9ea93c,2ceb4626fdea30cebef6,PLAT-VISADASHBOARD,C,2026-09-24,500,pending,0,2024-10-11,,2026-09-24,713,PhD,Postgraduate Research,Other,Outside Australia,no,yes,Unknown,100,,https://www.visadashboard.top/dashboard/table
VD-1e340d97cf42794370cb,d61a075dbe971bf5e69e,PLAT-VISADASHBOARD,C,2026-09-24,500,pending,0,2024-10-10,,2026-09-24,714,PhD,Postgraduate Research,Other,Outside Australia,no,unknown,Unknown,100,,https://www.visadashboard.top/dashboard/table
VD-d161983806a7ec53f965,ccb6a6ac8fde70a0b9d8,PLAT-VISADASHBOARD,C,2026-09-24,500,pending,0,2024-10-09,,2026-09-24,715,PhD,Postgraduate Research,Other,Outside Australia,no,unknown,Group of Eight,100,,https://www.visadashboard.top/dashboard/table
VD-a4bf55f5b567e417a957,548a16a59c9b8757493f,PLAT-VISADASHBOARD,C,2026-09-24,500,pending,0,2024-09-29,,2026-09-24,725,PhD,Postgraduate Research,Other,Outside Australia,no,yes,Group of Eight,100,,https://www.visadashboard.top/dashboard/table
VD-49f9348f77fec17c2912,548a16a59c9b8757493f,PLAT-VISADASHBOARD,C,2026-09-24,500,pending,0,2024-09-29,,2026-09-24,725,PhD,Postgraduate Research,Other,Outside Australia,no,yes,Other/Unverified,100,,https://www.visadashboard.top/dashboard/table
VD-fcd2a1af067dcbafef2a,697687f801521131e1e4,PLAT-VISADASHBOARD,C,2026-09-24,500,pending,0,2024-09-24,,2026-09-24,730,PhD,Postgraduate Research,Other,Outside Australia,no,yes,Other/Unverified,100,,https://www.visadashboard.top/dashboard/table
VD-c20efd8d576aa8b77958,b31ff7dde1069489d102,PLAT-VISADASHBOARD,C,2026-09-24,500,pending,0,2024-09-23,,2026-09-24,731,PhD,Postgraduate Research,Other,Outside Australia,no,no,Other/Unverified,100,,https://www.visadashboard.top/dashboard/table
VD-c455207c879d324b022a,5fdcea02118d54670464,PLAT-VISADASHBOARD,C,2026-09-24,500,pending,0,2024-09-11,,2026-09-24,743,PhD,Postgraduate Research,Other,Outside Australia,no,no,Group of Eight,100,,https://www.visadashboard.top/dashboard/table
VD-2639e8ff8ef2d83f2954,357caee2ac21b15b5537,PLAT-VISADASHBOARD,C,2026-09-24,500,pending,0,2024-09-11,,2026-09-24,743,Unknown,Unknown,Other,Outside Australia,no,no,Other/Unverified,92,unknown_education_level,https://www.visadashboard.top/dashboard/table
VD-b43220660db482afcdef,a18e4232f6f7b87a7530,PLAT-VISADASHBOARD,C,2026-09-24,500,pending,0,2024-09-10,,2026-09-24,744,PhD,Postgraduate Research,Other,Outside Australia,no,yes,Other/Unverified,100,,https://www.visadashboard.top/dashboard/table
VD-299050052cdae742e27f,1ff406dd6a2f9ca39237,PLAT-VISADASHBOARD,C,2026-09-24,500,pending,0,2024-09-08,,2026-09-24,746,PhD,Postgraduate Research,Health and Medicine,Outside Australia,no,no,Group of Eight,100,,https://www.visadashboard.top/dashboard/table
VD-1defd7a05c078cea39ab,86b6bc4ba71fe4b6c3f6,PLAT-VISADASHBOARD,C,2026-09-24,500,pending,0,2024-09-08,,2026-09-24,746,PhD,Postgraduate Research,Engineering,Outside Australia,no,yes,Other/Unverified,100,,https://www.visadashboard.top/dashboard/table
VD-5fb1eecdc549e5a2c7e2,57033847561376de694e,PLAT-VISADASHBOARD,C,2026-09-24,500,pending,0,2024-09-03,,2026-09-24,751,PhD,Postgraduate Research,Engineering,Outside Australia,no,no,Other/Unverified,100,,https://www.visadashboard.top/dashboard/table
VD-1b9e2abb766ccbe16b55,66e989496b60665cd892,PLAT-VISADASHBOARD,C,2026-09-24,500,pending,0,2024-08-31,,2026-09-24,754,PhD,Postgraduate Research,Engineering,Outside Australia,no,yes,Other/Unverified,100,,https://www.visadashboard.top/dashboard/table
VD-5d6b0773e0fcd7bdc764,d042c1334b5cfeba48cd,PLAT-VISADASHBOARD,C,2026-09-24,500,pending,0,2024-08-30,,2026-09-24,755,PhD,Postgraduate Research,Other,Outside Australia,no,yes,Group of Eight,100,,https://www.visadashboard.top/dashboard/table
VD-faf06abcb1dc661ef1e5,1344dd5076d6b9dec5f8,PLAT-VISADASHBOARD,C,2026-09-24,500,pending,0,2024-08-28,,2026-09-24,757,PhD,Postgraduate Research,Engineering,Outside Australia,no,no,Group of Eight,100,,https://www.visadashboard.top/dashboard/table
VD-b8f28b8960218eb96792,aa4c220fdd5f46a71705,PLAT-VISADASHBOARD,C,2026-09-24,500,pending,0,2024-08-28,,2026-09-24,757,PhD,Postgraduate Research,Engineering,Outside Australia,no,yes,Group of Eight,100,,https://www.visadashboard.top/dashboard/table
VD-5ffa08f224345f18ab6a,3b982ca2566a9789078c,PLAT-VISADASHBOARD,C,2026-09-24,500,pending,0,2024-08-26,,2026-09-24,759,PhD,Postgraduate Research,Engineering,Outside Australia,no,yes,Group of Eight,100,,https://www.visadashboard.top/dashboard/table
VD-c6c53829bfa0eca6ac88,70b3ac2edc7574b4afd9,PLAT-VISADASHBOARD,C,2026-09-24,500,pending,0,2024-08-25,,2026-09-24,760,PhD,Postgraduate Research,Engineering,Outside Australia,no,yes,Other/Unverified,100,,https://www.visadashboard.top/dashboard/table
VD-0eb3ce46a2607181bbbe,373ea12b46906353306f,PLAT-VISADASHBOARD,C,2026-09-24,500,pending,0,2024-08-24,,2026-09-24,761,PhD,Postgraduate Research,Other,Outside Australia,no,yes,Group of Eight,100,,https://www.visadashboard.top/dashboard/table
VD-e40f57c9d4256293f35f,b6438499b76de7f95c4c,PLAT-VISADASHBOARD,C,2026-09-24,500,pending,0,2024-08-23,,2026-09-24,762,PhD,Postgraduate Research,Natural Sciences,Outside Australia,no,yes,Other/Unverified,100,,https://www.visadashboard.top/dashboard/table
VD-6002f72db933e42ebc96,954d74b6470b5901484f,PLAT-VISADASHBOARD,C,2026-09-24,500,pending,0,2024-08-21,,2026-09-24,764,PhD,Postgraduate Research,Other,Outside Australia,no,unknown,Unknown,100,,https://www.visadashboard.top/dashboard/table
VD-7f8449d324ed376d3aaa,86cac5046d1c4969837d,PLAT-VISADASHBOARD,C,2026-09-24,500,pending,0,2024-08-19,,2026-09-24,766,PhD,Postgraduate Research,Engineering,Outside Australia,no,no,Group of Eight,100,,https://www.visadashboard.top/dashboard/table
VD-d91bc1a95f7d64f8c01e,6b002b88abbf9781c559,PLAT-VISADASHBOARD,C,2026-09-24,500,pending,0,2024-08-17,,2026-09-24,768,PhD,Postgraduate Research,Natural Sciences,Outside Australia,no,yes,Other/Unverified,100,,https://www.visadashboard.top/dashboard/table
VD-c73a8e702b1e503465ef,f198faa1fffe0ae9e822,PLAT-VISADASHBOARD,C,2026-09-24,500,pending,0,2024-08-16,,2026-09-24,769,PhD,Postgraduate Research,Other,Outside Australia,no,yes,Group of Eight,100,,https://www.visadashboard.top/dashboard/table
VD-8c4613e8cdc31cef7c32,f198faa1fffe0ae9e822,PLAT-VISADASHBOARD,C,2026-09-24,500,pending,0,2024-08-16,,2026-09-24,769,PhD,Postgraduate Research,Other,Outside Australia,no,yes,Group of Eight,100,,https://www.visadashboard.top/dashboard/table
VD-d4846190c6ef94ddeef9,33e27015e28a20f69331,PLAT-VISADASHBOARD,C,2026-09-24,500,pending,0,2024-08-13,,2026-09-24,772,Unknown,Unknown,Other,Outside Australia,no,unknown,Unknown,92,unknown_education_level,https://www.visadashboard.top/dashboard/table
VD-c4313fe76fe9fafabb8f,9060ad9517cd073bf6f8,PLAT-VISADASHBOARD,C,2026-09-24,500,pending,0,2024-08-11,,2026-09-24,774,PhD,Postgraduate Research,Engineering,Outside Australia,no,yes,Unknown,100,,https://www.visadashboard.top/dashboard/table
VD-dfb3e8d1119c13fc52f8,5c15328aa41db4625264,PLAT-VISADASHBOARD,C,2026-09-24,500,pending,0,2024-08-10,,2026-09-24,775,PhD,Postgraduate Research,Natural Sciences,Outside Australia,no,yes,Other/Unverified,100,,https://www.visadashboard.top/dashboard/table
VD-e05c4fa816ca091da0bd,47f8eababe59258a12da,PLAT-VISADASHBOARD,C,2026-09-24,500,pending,0,2024-08-09,,2026-09-24,776,PhD,Postgraduate Research,Other,Outside Australia,no,unknown,Unknown,100,,https://www.visadashboard.top/dashboard/table
VD-575cbecaeb46ff37c034,cc48a628b2d3db1268a5,PLAT-VISADASHBOARD,C,2026-09-24,500,pending,0,2024-08-07,,2026-09-24,778,PhD,Postgraduate Research,Business and Economics,Outside Australia,no,yes,Group of Eight,100,,https://www.visadashboard.top/dashboard/table
VD-339a81fc0b34219af6b8,85d692fe21bbb20278c5,PLAT-VISADASHBOARD,C,2026-09-24,500,pending,0,2024-08-06,,2026-09-24,779,PhD,Postgraduate Research,Computing and Data,Outside Australia,no,yes,Unknown,100,,https://www.visadashboard.top/dashboard/table
VD-377d21ba20a7c46a20ad,abdd7f73d7098c2b71ba,PLAT-VISADASHBOARD,C,2026-09-24,500,pending,0,2024-08-03,,2026-09-24,782,PhD,Postgraduate Research,Other,Outside Australia,no,yes,Group of Eight,100,,https://www.visadashboard.top/dashboard/table
VD-b1127818869a3cb96979,abdd7f73d7098c2b71ba,PLAT-VISADASHBOARD,C,2026-09-24,500,pending,0,2024-08-03,,2026-09-24,782,PhD,Postgraduate Research,Other,Outside Australia,no,yes,Other/Unverified,100,,https://www.visadashboard.top/dashboard/table
VD-a2cf93b5a34dce2fe360,c5dd659b4c99109d24b2,PLAT-VISADASHBOARD,C,2026-09-24,500,pending,0,2024-08-01,,2026-09-24,784,PhD,Postgraduate Research,Natural Sciences,Outside Australia,no,yes,Other/Unverified,100,,https://www.visadashboard.top/dashboard/table
VD-6a39986f8e782487c6b2,c550fead00544cf29fc8,PLAT-VISADASHBOARD,C,2026-09-24,500,pending,0,2024-07-31,,2026-09-24,785,PhD,Postgraduate Research,Other,Unknown,no,yes,Other/Unverified,95,unknown_submit_location,https://www.visadashboard.top/dashboard/table
VD-904141458d77374dd230,420a560e5391b7e21acb,PLAT-VISADASHBOARD,C,2026-09-24,500,pending,0,2024-07-30,,2026-09-24,786,PhD,Postgraduate Research,Other,Outside Australia,no,yes,Other/Unverified,100,,https://www.visadashboard.top/dashboard/table
VD-dac078a84fb5b6d34e43,420a560e5391b7e21acb,PLAT-VISADASHBOARD,C,2026-09-24,500,pending,0,2024-07-30,,2026-09-24,786,PhD,Postgraduate Research,Other,Outside Australia,no,yes,Other/Unverified,100,,https://www.visadashboard.top/dashboard/table
VD-3dd17f0d60110c2c1955,d15d35e3e60681bcdb93,PLAT-VISADASHBOARD,C,2026-09-24,500,pending,0,2024-07-29,,2026-09-24,787,PhD,Postgraduate Research,Engineering,Outside Australia,no,yes,Other/Unverified,100,,https://www.visadashboard.top/dashboard/table
VD-8381c89a679d2a346cd5,ca95bf0f0f40992edd9a,PLAT-VISADASHBOARD,C,2026-09-24,500,pending,0,2024-07-27,,2026-09-24,789,PhD,Postgraduate Research,Engineering,Outside Australia,no,yes,Group of Eight,100,,https://www.visadashboard.top/dashboard/table
VD-f6ac3260f3cc5f1ddd7b,f2a8e919d436ab6eb2ce,PLAT-VISADASHBOARD,C,2026-09-24,500,pending,0,2024-07-25,,2026-09-24,791,PhD,Postgraduate Research,Health and Medicine,Outside Australia,no,yes,Group of Eight,100,,https://www.visadashboard.top/dashboard/table
VD-ca731dc85862e626764a,9f5bd3517b1eb6cd961b,PLAT-VISADASHBOARD,C,2026-09-24,500,pending,0,2024-07-25,,2026-09-24,791,PhD,Postgraduate Research,Other,Outside Australia,no,yes,Other/Unverified,100,,https://www.visadashboard.top/dashboard/table
VD-220c3bc3cac3f75995fd,e76bb9d0617ce3b5ad10,PLAT-VISADASHBOARD,C,2026-09-24,500,pending,0,2024-07-24,,2026-09-24,792,PhD,Postgraduate Research,Engineering,Outside Australia,no,yes,Other/Unverified,100,,https://www.visadashboard.top/dashboard/table
VD-beddaab2ea0c4c5abf67,6c3c8db4a153e8599764,PLAT-VISADASHBOARD,C,2026-09-24,500,pending,0,2024-07-24,,2026-09-24,792,PhD,Postgraduate Research,Other,Outside Australia,no,yes,Group of Eight,100,,https://www.visadashboard.top/dashboard/table
VD-59e425d97d7d94c3a23e,617704da2a016b31ff48,PLAT-VISADASHBOARD,C,2026-09-24,500,pending,0,2024-07-22,,2026-09-24,794,PhD,Postgraduate Research,Other,Outside Australia,no,yes,Group of Eight,100,,https://www.visadashboard.top/dashboard/table
VD-720b066f44f44a24bfff,b3497c3a3992bf5107d8,PLAT-VISADASHBOARD,C,2026-09-24,500,pending,0,2024-07-21,,2026-09-24,795,PhD,Postgraduate Research,Engineering,Outside Australia,no,no,Other/Unverified,100,,https://www.visadashboard.top/dashboard/table
VD-e21b217946fb9275d596,b3239e3cb40ecf9ca056,PLAT-VISADASHBOARD,C,2026-09-24,500,pending,0,2024-07-20,,2026-09-24,796,PhD,Postgraduate Research,Computing and Data,Outside Australia,no,yes,Group of Eight,100,,https://www.visadashboard.top/dashboard/table
VD-d243c01cb47b5ca7d84c,29563618eafb7527460d,PLAT-VISADASHBOARD,C,2026-09-24,500,pending,0,2024-07-18,,2026-09-24,798,PhD,Postgraduate Research,Engineering,Outside Australia,no,yes,Other/Unverified,100,,https://www.visadashboard.top/dashboard/table
VD-22cb2a35690a2d9be792,47ba478efa5412d95cd7,PLAT-VISADASHBOARD,C,2026-09-24,500,pending,0,2024-07-11,,2026-09-24,805,PhD,Postgraduate Research,Other,Outside Australia,no,yes,Other/Unverified,100,,https://www.visadashboard.top/dashboard/table
VD-b8346cc22be6f874c1a6,155dfacb0ffacf3bdead,PLAT-VISADASHBOARD,C,2026-09-24,500,pending,0,2024-07-09,,2026-09-24,807,PhD,Postgraduate Research,Other,Outside Australia,no,no,Unknown,100,,https://www.visadashboard.top/dashboard/table
VD-1fc9bf354f8b1524192e,77cae08e6f839ac0f1d7,PLAT-VISADASHBOARD,C,2026-09-24,500,pending,0,2024-07-06,,2026-09-24,810,PhD,Postgraduate Research,Other,Outside Australia,no,no,Other/Unverified,100,,https://www.visadashboard.top/dashboard/table
VD-32e6304aeb7e1d613c2e,421e8284c8fe29686b4f,PLAT-VISADASHBOARD,C,2026-09-24,500,pending,0,2024-07-04,,2026-09-24,812,PhD,Postgraduate Research,Engineering,Outside Australia,no,no,Other/Unverified,100,,https://www.visadashboard.top/dashboard/table
VD-96901b74f9b46a025500,95ea27e77a4fcd327f10,PLAT-VISADASHBOARD,C,2026-09-24,500,pending,0,2024-06-29,,2026-09-24,817,PhD,Postgraduate Research,Other,Outside Australia,no,unknown,Unknown,100,,https://www.visadashboard.top/dashboard/table
VD-4e223a7324244e2ce9b5,d8e104f0cf01eb28c86a,PLAT-VISADASHBOARD,C,2026-09-24,500,pending,0,2024-06-28,,2026-09-24,818,PhD,Postgraduate Research,Engineering,Outside Australia,no,yes,Group of Eight,100,,https://www.visadashboard.top/dashboard/table
VD-19556212b4067a2ab72d,d6f4b883215349582059,PLAT-VISADASHBOARD,C,2026-09-24,500,pending,0,2024-06-28,,2026-09-24,818,PhD,Postgraduate Research,Other,Outside Australia,no,yes,Group of Eight,100,,https://www.visadashboard.top/dashboard/table
VD-8bdc57a85710f0e8decb,d6f4b883215349582059,PLAT-VISADASHBOARD,C,2026-09-24,500,pending,0,2024-06-28,,2026-09-24,818,PhD,Postgraduate Research,Other,Outside Australia,no,yes,Other/Unverified,100,,https://www.visadashboard.top/dashboard/table
VD-fee445ea299afbe5b34b,d6f4b883215349582059,PLAT-VISADASHBOARD,C,2026-09-24,500,pending,0,2024-06-28,,2026-09-24,818,PhD,Postgraduate Research,Other,Outside Australia,no,yes,Group of Eight,100,,https://www.visadashboard.top/dashboard/table
VD-3bb952221aacc6c379c9,d8e104f0cf01eb28c86a,PLAT-VISADASHBOARD,C,2026-09-24,500,pending,0,2024-06-28,,2026-09-24,818,PhD,Postgraduate Research,Engineering,Outside Australia,no,yes,Group of Eight,100,,https://www.visadashboard.top/dashboard/table
VD-dd980ac4dac407b5bf13,5321438d12fef950949a,PLAT-VISADASHBOARD,C,2026-09-24,500,pending,0,2024-06-27,,2026-09-24,819,PhD,Postgraduate Research,Engineering,Outside Australia,no,yes,Other/Unverified,100,,https://www.visadashboard.top/dashboard/table
VD-0f221a837a5bb5f7dde5,9a9ca32fbc7248eeb8d9,PLAT-VISADASHBOARD,C,2026-09-24,500,pending,0,2024-06-26,,2026-09-24,820,PhD,Postgraduate Research,Other,Outside Australia,no,unknown,Unknown,100,,https://www.visadashboard.top/dashboard/table
VD-1dab834292f5a5b64022,64dc0afe9bce662e2b78,PLAT-VISADASHBOARD,C,2026-09-24,500,pending,0,2024-06-25,,2026-09-24,821,PhD,Postgraduate Research,Engineering,Outside Australia,no,yes,Other/Unverified,100,,https://www.visadashboard.top/dashboard/table
VD-3872eebd053907f49ef2,ff9b12794e199d162adb,PLAT-VISADASHBOARD,C,2026-09-24,500,pending,0,2024-06-25,,2026-09-24,821,PhD,Postgraduate Research,Computing and Data,Outside Australia,no,yes,Group of Eight,100,,https://www.visadashboard.top/dashboard/table
VD-40d5e826ed4394edb07f,1f32a9b3d075334d5de9,PLAT-VISADASHBOARD,C,2026-09-24,500,pending,0,2024-06-24,,2026-09-24,822,PhD,Postgraduate Research,Engineering,Outside Australia,no,yes,Other/Unverified,100,,https://www.visadashboard.top/dashboard/table
VD-e61d473fc0f8bd88bc40,7c85fecf262349ae6a32,PLAT-VISADASHBOARD,C,2026-09-24,500,pending,0,2024-06-22,,2026-09-24,824,PhD,Postgraduate Research,Other,Outside Australia,no,yes,Other/Unverified,100,,https://www.visadashboard.top/dashboard/table
VD-6dcefbb0d60b5e0cb41c,2dd6a7473dc660884c81,PLAT-VISADASHBOARD,C,2026-09-24,500,pending,0,2024-06-17,,2026-09-24,829,PhD,Postgraduate Research,Other,Outside Australia,no,yes,Group of Eight,100,,https://www.visadashboard.top/dashboard/table
VD-f2ca9c278cdd65374bd5,626ee77c6ab59e1c9d6c,PLAT-VISADASHBOARD,C,2026-09-24,500,pending,0,2024-06-14,,2026-09-24,832,PhD,Postgraduate Research,Other,Outside Australia,no,yes,Unknown,100,,https://www.visadashboard.top/dashboard/table
VD-e86e5d868ed5b94f282e,a9242514f551d58f5721,PLAT-VISADASHBOARD,C,2026-09-24,500,pending,0,2024-06-07,,2026-09-24,839,PhD,Postgraduate Research,Other,Outside Australia,no,no,Other/Unverified,100,,https://www.visadashboard.top/dashboard/table
VD-7ae0e48236b23974de19,7d9164b5017cc1ffef8f,PLAT-VISADASHBOARD,C,2026-09-24,500,pending,0,2024-06-04,,2026-09-24,842,PhD,Postgraduate Research,Other,Outside Australia,no,yes,Other/Unverified,100,,https://www.visadashboard.top/dashboard/table
VD-38bfa0133c5f8c98bda1,5a1fa5d8bb1b0f423e71,PLAT-VISADASHBOARD,C,2026-09-24,500,pending,0,2024-06-03,,2026-09-24,843,PhD,Postgraduate Research,Engineering,Outside Australia,no,yes,Other/Unverified,100,,https://www.visadashboard.top/dashboard/table
VD-14ab5720c6324cb78eb7,98db0ea7ffa6a4c56189,PLAT-VISADASHBOARD,C,2026-09-24,500,pending,0,2024-05-28,,2026-09-24,849,PhD,Postgraduate Research,Other,Outside Australia,no,yes,Other/Unverified,100,,https://www.visadashboard.top/dashboard/table
VD-0872c9f8c0f0c595ab15,38155c19a72880b5ef7a,PLAT-VISADASHBOARD,C,2026-09-24,500,pending,0,2024-05-28,,2026-09-24,849,PhD,Postgraduate Research,Computing and Data,In Australia,unknown,yes,Other/Unverified,100,,https://www.visadashboard.top/dashboard/table
VD-2b2b55caf86437615847,05c2a724d04c5835b9b9,PLAT-VISADASHBOARD,C,2026-09-24,500,pending,0,2024-05-22,,2026-09-24,855,PhD,Postgraduate Research,Other,Outside Australia,no,yes,Other/Unverified,100,,https://www.visadashboard.top/dashboard/table
VD-52d161d2326b4ce0b8b9,863b3d18e8545839056d,PLAT-VISADASHBOARD,C,2026-09-24,500,pending,0,2024-05-17,,2026-09-24,860,PhD,Postgraduate Research,Computing and Data,Outside Australia,no,yes,Group of Eight,100,,https://www.visadashboard.top/dashboard/table
VD-c45040c2f430a0fbf8b3,f08174e13353fe431f97,PLAT-VISADASHBOARD,C,2026-09-24,500,pending,0,2024-05-15,,2026-09-24,862,PhD,Postgraduate Research,Computing and Data,Outside Australia,no,no,Group of Eight,100,,https://www.visadashboard.top/dashboard/table
VD-ccb41a2aad781ba72b43,e0919452af7d743737b4,PLAT-VISADASHBOARD,C,2026-09-24,500,pending,0,2024-05-05,,2026-09-24,872,PhD,Postgraduate Research,Engineering,Outside Australia,no,yes,Group of Eight,100,,https://www.visadashboard.top/dashboard/table
VD-0af97b332af06c6d4934,a72fd43fbc11ffb240bd,PLAT-VISADASHBOARD,C,2026-09-24,500,pending,0,2024-05-05,,2026-09-24,872,Unknown,Unknown,Other,Outside Australia,no,yes,Group of Eight,92,unknown_education_level,https://www.visadashboard.top/dashboard/table
VD-2ed60f1c590b7792ba8a,5eb03bf01d61c72b3d42,PLAT-VISADASHBOARD,C,2026-09-24,500,pending,0,2024-05-02,,2026-09-24,875,PhD,Postgraduate Research,Engineering,Outside Australia,no,yes,Unknown,100,,https://www.visadashboard.top/dashboard/table
VD-a365d1ce5bc68b98c2ba,4a5f6522702dbf424a54,PLAT-VISADASHBOARD,C,2026-09-24,500,pending,0,2024-05-01,,2026-09-24,876,PhD,Postgraduate Research,Engineering,Outside Australia,no,yes,Group of Eight,100,,https://www.visadashboard.top/dashboard/table
VD-557b98786e2e352a9f30,688242738b10766ee07b,PLAT-VISADASHBOARD,C,2026-09-24,500,pending,0,2024-05-01,,2026-09-24,876,PhD,Postgraduate Research,Other,Outside Australia,unknown,no,Other/Unverified,100,,https://www.visadashboard.top/dashboard/table
VD-1f1a4c78dc132f54d585,07af9e069237cb78439f,PLAT-VISADASHBOARD,C,2026-09-24,500,pending,0,2024-04-25,,2026-09-24,882,PhD,Postgraduate Research,Other,Outside Australia,no,yes,Group of Eight,100,,https://www.visadashboard.top/dashboard/table
VD-f7ac405a3e56d0168e2c,1d8ba4d6f0162cfcba6b,PLAT-VISADASHBOARD,C,2026-09-24,500,pending,0,2023-12-22,,2026-09-24,1007,PhD,Postgraduate Research,Natural Sciences,Outside Australia,no,unknown,Group of Eight,100,,https://www.visadashboard.top/dashboard/table
VD-fe83869f2ab0594eb11d,519e2af25cad8bcbec78,PLAT-VISADASHBOARD,C,2026-09-24,500,pending,0,,,2026-09-24,,Unknown,Unknown,Health and Medicine,In Australia,no,no,Unknown,37,missing_lodgement_date|unknown_education_level,https://www.visadashboard.top/dashboard/table
