source_snapshot_date,activity_month,activity_type,count,applicant_type,client_location,citizenship_country,sector,source_resource_id,source_last_modified,source_file_sha256,source_url,extraction_method
2026-08-31,2015-01,granted,62,Primary,Outside Australia,"China, Peoples Republic of (excl SARs)",Postgraduate Research Sector,dfc7a893-0523-4b8e-bc5a-829e35bec90f,2026-09-23T23:23:24.105009,d3a5638eb5c2147d7f18a11a2ea6625e3ea36e4588bde9382588c575fdbfe43c,https://data.gov.au/data/dataset/324aa4f7-46bb-4d56-bc2d-772333a2317e/resource/dfc7a893-0523-4b8e-bc5a-829e35bec90f/download/bp0015l-student-visas-granted-report-locked-at-2025-08-31-v100.xlsx,BP0015 pivot-cache aggregation
2026-08-31,2015-01,lodged,83,Primary,Outside Australia,"China, Peoples Republic of (excl SARs)",Postgraduate Research Sector,ef31b2b4-a894-484b-99bc-e35d62ace777,2026-09-23T23:21:48.495885,094c98ff27ecb66ac3d8ca3294d48c717f38149b8d6662e947baa086a651d9e2,https://data.gov.au/data/dataset/324aa4f7-46bb-4d56-bc2d-772333a2317e/resource/ef31b2b4-a894-484b-99bc-e35d62ace777/download/bp0015l-student-visas-lodged-report-locked-at-2025-08-31-v100.xlsx,BP0015 pivot-cache aggregation
2026-08-31,2015-02,granted,83,Primary,Outside Australia,"China, Peoples Republic of (excl SARs)",Postgraduate Research Sector,dfc7a893-0523-4b8e-bc5a-829e35bec90f,2026-09-23T23:23:24.105009,d3a5638eb5c2147d7f18a11a2ea6625e3ea36e4588bde9382588c575fdbfe43c,https://data.gov.au/data/dataset/324aa4f7-46bb-4d56-bc2d-772333a2317e/resource/dfc7a893-0523-4b8e-bc5a-829e35bec90f/download/bp0015l-student-visas-granted-report-locked-at-2025-08-31-v100.xlsx,BP0015 pivot-cache aggregation
2026-08-31,2015-02,lodged,51,Primary,Outside Australia,"China, Peoples Republic of (excl SARs)",Postgraduate Research Sector,ef31b2b4-a894-484b-99bc-e35d62ace777,2026-09-23T23:21:48.495885,094c98ff27ecb66ac3d8ca3294d48c717f38149b8d6662e947baa086a651d9e2,https://data.gov.au/data/dataset/324aa4f7-46bb-4d56-bc2d-772333a2317e/resource/ef31b2b4-a894-484b-99bc-e35d62ace777/download/bp0015l-student-visas-lodged-report-locked-at-2025-08-31-v100.xlsx,BP0015 pivot-cache aggregation
2026-08-31,2015-03,granted,51,Primary,Outside Australia,"China, Peoples Republic of (excl SARs)",Postgraduate Research Sector,dfc7a893-0523-4b8e-bc5a-829e35bec90f,2026-09-23T23:23:24.105009,d3a5638eb5c2147d7f18a11a2ea6625e3ea36e4588bde9382588c575fdbfe43c,https://data.gov.au/data/dataset/324aa4f7-46bb-4d56-bc2d-772333a2317e/resource/dfc7a893-0523-4b8e-bc5a-829e35bec90f/download/bp0015l-student-visas-granted-report-locked-at-2025-08-31-v100.xlsx,BP0015 pivot-cache aggregation
2026-08-31,2015-03,lodged,36,Primary,Outside Australia,"China, Peoples Republic of (excl SARs)",Postgraduate Research Sector,ef31b2b4-a894-484b-99bc-e35d62ace777,2026-09-23T23:21:48.495885,094c98ff27ecb66ac3d8ca3294d48c717f38149b8d6662e947baa086a651d9e2,https://data.gov.au/data/dataset/324aa4f7-46bb-4d56-bc2d-772333a2317e/resource/ef31b2b4-a894-484b-99bc-e35d62ace777/download/bp0015l-student-visas-lodged-report-locked-at-2025-08-31-v100.xlsx,BP0015 pivot-cache aggregation
2026-08-31,2015-04,granted,32,Primary,Outside Australia,"China, Peoples Republic of (excl SARs)",Postgraduate Research Sector,dfc7a893-0523-4b8e-bc5a-829e35bec90f,2026-09-23T23:23:24.105009,d3a5638eb5c2147d7f18a11a2ea6625e3ea36e4588bde9382588c575fdbfe43c,https://data.gov.au/data/dataset/324aa4f7-46bb-4d56-bc2d-772333a2317e/resource/dfc7a893-0523-4b8e-bc5a-829e35bec90f/download/bp0015l-student-visas-granted-report-locked-at-2025-08-31-v100.xlsx,BP0015 pivot-cache aggregation
2026-08-31,2015-04,lodged,40,Primary,Outside Australia,"China, Peoples Republic of (excl SARs)",Postgraduate Research Sector,ef31b2b4-a894-484b-99bc-e35d62ace777,2026-09-23T23:21:48.495885,094c98ff27ecb66ac3d8ca3294d48c717f38149b8d6662e947baa086a651d9e2,https://data.gov.au/data/dataset/324aa4f7-46bb-4d56-bc2d-772333a2317e/resource/ef31b2b4-a894-484b-99bc-e35d62ace777/download/bp0015l-student-visas-lodged-report-locked-at-2025-08-31-v100.xlsx,BP0015 pivot-cache aggregation
2026-08-31,2015-05,granted,20,Primary,Outside Australia,"China, Peoples Republic of (excl SARs)",Postgraduate Research Sector,dfc7a893-0523-4b8e-bc5a-829e35bec90f,2026-09-23T23:23:24.105009,d3a5638eb5c2147d7f18a11a2ea6625e3ea36e4588bde9382588c575fdbfe43c,https://data.gov.au/data/dataset/324aa4f7-46bb-4d56-bc2d-772333a2317e/resource/dfc7a893-0523-4b8e-bc5a-829e35bec90f/download/bp0015l-student-visas-granted-report-locked-at-2025-08-31-v100.xlsx,BP0015 pivot-cache aggregation
2026-08-31,2015-05,lodged,70,Primary,Outside Australia,"China, Peoples Republic of (excl SARs)",Postgraduate Research Sector,ef31b2b4-a894-484b-99bc-e35d62ace777,2026-09-23T23:21:48.495885,094c98ff27ecb66ac3d8ca3294d48c717f38149b8d6662e947baa086a651d9e2,https://data.gov.au/data/dataset/324aa4f7-46bb-4d56-bc2d-772333a2317e/resource/ef31b2b4-a894-484b-99bc-e35d62ace777/download/bp0015l-student-visas-lodged-report-locked-at-2025-08-31-v100.xlsx,BP0015 pivot-cache aggregation
2026-08-31,2015-06,granted,35,Primary,Outside Australia,"China, Peoples Republic of (excl SARs)",Postgraduate Research Sector,dfc7a893-0523-4b8e-bc5a-829e35bec90f,2026-09-23T23:23:24.105009,d3a5638eb5c2147d7f18a11a2ea6625e3ea36e4588bde9382588c575fdbfe43c,https://data.gov.au/data/dataset/324aa4f7-46bb-4d56-bc2d-772333a2317e/resource/dfc7a893-0523-4b8e-bc5a-829e35bec90f/download/bp0015l-student-visas-granted-report-locked-at-2025-08-31-v100.xlsx,BP0015 pivot-cache aggregation
2026-08-31,2015-06,lodged,103,Primary,Outside Australia,"China, Peoples Republic of (excl SARs)",Postgraduate Research Sector,ef31b2b4-a894-484b-99bc-e35d62ace777,2026-09-23T23:21:48.495885,094c98ff27ecb66ac3d8ca3294d48c717f38149b8d6662e947baa086a651d9e2,https://data.gov.au/data/dataset/324aa4f7-46bb-4d56-bc2d-772333a2317e/resource/ef31b2b4-a894-484b-99bc-e35d62ace777/download/bp0015l-student-visas-lodged-report-locked-at-2025-08-31-v100.xlsx,BP0015 pivot-cache aggregation
2026-08-31,2015-07,granted,74,Primary,Outside Australia,"China, Peoples Republic of (excl SARs)",Postgraduate Research Sector,dfc7a893-0523-4b8e-bc5a-829e35bec90f,2026-09-23T23:23:24.105009,d3a5638eb5c2147d7f18a11a2ea6625e3ea36e4588bde9382588c575fdbfe43c,https://data.gov.au/data/dataset/324aa4f7-46bb-4d56-bc2d-772333a2317e/resource/dfc7a893-0523-4b8e-bc5a-829e35bec90f/download/bp0015l-student-visas-granted-report-locked-at-2025-08-31-v100.xlsx,BP0015 pivot-cache aggregation
2026-08-31,2015-07,lodged,233,Primary,Outside Australia,"China, Peoples Republic of (excl SARs)",Postgraduate Research Sector,ef31b2b4-a894-484b-99bc-e35d62ace777,2026-09-23T23:21:48.495885,094c98ff27ecb66ac3d8ca3294d48c717f38149b8d6662e947baa086a651d9e2,https://data.gov.au/data/dataset/324aa4f7-46bb-4d56-bc2d-772333a2317e/resource/ef31b2b4-a894-484b-99bc-e35d62ace777/download/bp0015l-student-visas-lodged-report-locked-at-2025-08-31-v100.xlsx,BP0015 pivot-cache aggregation
2026-08-31,2015-08,granted,120,Primary,Outside Australia,"China, Peoples Republic of (excl SARs)",Postgraduate Research Sector,dfc7a893-0523-4b8e-bc5a-829e35bec90f,2026-09-23T23:23:24.105009,d3a5638eb5c2147d7f18a11a2ea6625e3ea36e4588bde9382588c575fdbfe43c,https://data.gov.au/data/dataset/324aa4f7-46bb-4d56-bc2d-772333a2317e/resource/dfc7a893-0523-4b8e-bc5a-829e35bec90f/download/bp0015l-student-visas-granted-report-locked-at-2025-08-31-v100.xlsx,BP0015 pivot-cache aggregation
2026-08-31,2015-08,lodged,101,Primary,Outside Australia,"China, Peoples Republic of (excl SARs)",Postgraduate Research Sector,ef31b2b4-a894-484b-99bc-e35d62ace777,2026-09-23T23:21:48.495885,094c98ff27ecb66ac3d8ca3294d48c717f38149b8d6662e947baa086a651d9e2,https://data.gov.au/data/dataset/324aa4f7-46bb-4d56-bc2d-772333a2317e/resource/ef31b2b4-a894-484b-99bc-e35d62ace777/download/bp0015l-student-visas-lodged-report-locked-at-2025-08-31-v100.xlsx,BP0015 pivot-cache aggregation
2026-08-31,2015-09,granted,102,Primary,Outside Australia,"China, Peoples Republic of (excl SARs)",Postgraduate Research Sector,dfc7a893-0523-4b8e-bc5a-829e35bec90f,2026-09-23T23:23:24.105009,d3a5638eb5c2147d7f18a11a2ea6625e3ea36e4588bde9382588c575fdbfe43c,https://data.gov.au/data/dataset/324aa4f7-46bb-4d56-bc2d-772333a2317e/resource/dfc7a893-0523-4b8e-bc5a-829e35bec90f/download/bp0015l-student-visas-granted-report-locked-at-2025-08-31-v100.xlsx,BP0015 pivot-cache aggregation
2026-08-31,2015-09,lodged,33,Primary,Outside Australia,"China, Peoples Republic of (excl SARs)",Postgraduate Research Sector,ef31b2b4-a894-484b-99bc-e35d62ace777,2026-09-23T23:21:48.495885,094c98ff27ecb66ac3d8ca3294d48c717f38149b8d6662e947baa086a651d9e2,https://data.gov.au/data/dataset/324aa4f7-46bb-4d56-bc2d-772333a2317e/resource/ef31b2b4-a894-484b-99bc-e35d62ace777/download/bp0015l-student-visas-lodged-report-locked-at-2025-08-31-v100.xlsx,BP0015 pivot-cache aggregation
2026-08-31,2015-10,granted,137,Primary,Outside Australia,"China, Peoples Republic of (excl SARs)",Postgraduate Research Sector,dfc7a893-0523-4b8e-bc5a-829e35bec90f,2026-09-23T23:23:24.105009,d3a5638eb5c2147d7f18a11a2ea6625e3ea36e4588bde9382588c575fdbfe43c,https://data.gov.au/data/dataset/324aa4f7-46bb-4d56-bc2d-772333a2317e/resource/dfc7a893-0523-4b8e-bc5a-829e35bec90f/download/bp0015l-student-visas-granted-report-locked-at-2025-08-31-v100.xlsx,BP0015 pivot-cache aggregation
2026-08-31,2015-10,lodged,36,Primary,Outside Australia,"China, Peoples Republic of (excl SARs)",Postgraduate Research Sector,ef31b2b4-a894-484b-99bc-e35d62ace777,2026-09-23T23:21:48.495885,094c98ff27ecb66ac3d8ca3294d48c717f38149b8d6662e947baa086a651d9e2,https://data.gov.au/data/dataset/324aa4f7-46bb-4d56-bc2d-772333a2317e/resource/ef31b2b4-a894-484b-99bc-e35d62ace777/download/bp0015l-student-visas-lodged-report-locked-at-2025-08-31-v100.xlsx,BP0015 pivot-cache aggregation
2026-08-31,2015-11,granted,62,Primary,Outside Australia,"China, Peoples Republic of (excl SARs)",Postgraduate Research Sector,dfc7a893-0523-4b8e-bc5a-829e35bec90f,2026-09-23T23:23:24.105009,d3a5638eb5c2147d7f18a11a2ea6625e3ea36e4588bde9382588c575fdbfe43c,https://data.gov.au/data/dataset/324aa4f7-46bb-4d56-bc2d-772333a2317e/resource/dfc7a893-0523-4b8e-bc5a-829e35bec90f/download/bp0015l-student-visas-granted-report-locked-at-2025-08-31-v100.xlsx,BP0015 pivot-cache aggregation
2026-08-31,2015-11,lodged,52,Primary,Outside Australia,"China, Peoples Republic of (excl SARs)",Postgraduate Research Sector,ef31b2b4-a894-484b-99bc-e35d62ace777,2026-09-23T23:21:48.495885,094c98ff27ecb66ac3d8ca3294d48c717f38149b8d6662e947baa086a651d9e2,https://data.gov.au/data/dataset/324aa4f7-46bb-4d56-bc2d-772333a2317e/resource/ef31b2b4-a894-484b-99bc-e35d62ace777/download/bp0015l-student-visas-lodged-report-locked-at-2025-08-31-v100.xlsx,BP0015 pivot-cache aggregation
2026-08-31,2015-12,granted,46,Primary,Outside Australia,"China, Peoples Republic of (excl SARs)",Postgraduate Research Sector,dfc7a893-0523-4b8e-bc5a-829e35bec90f,2026-09-23T23:23:24.105009,d3a5638eb5c2147d7f18a11a2ea6625e3ea36e4588bde9382588c575fdbfe43c,https://data.gov.au/data/dataset/324aa4f7-46bb-4d56-bc2d-772333a2317e/resource/dfc7a893-0523-4b8e-bc5a-829e35bec90f/download/bp0015l-student-visas-granted-report-locked-at-2025-08-31-v100.xlsx,BP0015 pivot-cache aggregation
2026-08-31,2015-12,lodged,72,Primary,Outside Australia,"China, Peoples Republic of (excl SARs)",Postgraduate Research Sector,ef31b2b4-a894-484b-99bc-e35d62ace777,2026-09-23T23:21:48.495885,094c98ff27ecb66ac3d8ca3294d48c717f38149b8d6662e947baa086a651d9e2,https://data.gov.au/data/dataset/324aa4f7-46bb-4d56-bc2d-772333a2317e/resource/ef31b2b4-a894-484b-99bc-e35d62ace777/download/bp0015l-student-visas-lodged-report-locked-at-2025-08-31-v100.xlsx,BP0015 pivot-cache aggregation
2026-08-31,2016-01,granted,75,Primary,Outside Australia,"China, Peoples Republic of (excl SARs)",Postgraduate Research Sector,dfc7a893-0523-4b8e-bc5a-829e35bec90f,2026-09-23T23:23:24.105009,d3a5638eb5c2147d7f18a11a2ea6625e3ea36e4588bde9382588c575fdbfe43c,https://data.gov.au/data/dataset/324aa4f7-46bb-4d56-bc2d-772333a2317e/resource/dfc7a893-0523-4b8e-bc5a-829e35bec90f/download/bp0015l-student-visas-granted-report-locked-at-2025-08-31-v100.xlsx,BP0015 pivot-cache aggregation
2026-08-31,2016-01,lodged,70,Primary,Outside Australia,"China, Peoples Republic of (excl SARs)",Postgraduate Research Sector,ef31b2b4-a894-484b-99bc-e35d62ace777,2026-09-23T23:21:48.495885,094c98ff27ecb66ac3d8ca3294d48c717f38149b8d6662e947baa086a651d9e2,https://data.gov.au/data/dataset/324aa4f7-46bb-4d56-bc2d-772333a2317e/resource/ef31b2b4-a894-484b-99bc-e35d62ace777/download/bp0015l-student-visas-lodged-report-locked-at-2025-08-31-v100.xlsx,BP0015 pivot-cache aggregation
2026-08-31,2016-02,granted,63,Primary,Outside Australia,"China, Peoples Republic of (excl SARs)",Postgraduate Research Sector,dfc7a893-0523-4b8e-bc5a-829e35bec90f,2026-09-23T23:23:24.105009,d3a5638eb5c2147d7f18a11a2ea6625e3ea36e4588bde9382588c575fdbfe43c,https://data.gov.au/data/dataset/324aa4f7-46bb-4d56-bc2d-772333a2317e/resource/dfc7a893-0523-4b8e-bc5a-829e35bec90f/download/bp0015l-student-visas-granted-report-locked-at-2025-08-31-v100.xlsx,BP0015 pivot-cache aggregation
2026-08-31,2016-02,lodged,40,Primary,Outside Australia,"China, Peoples Republic of (excl SARs)",Postgraduate Research Sector,ef31b2b4-a894-484b-99bc-e35d62ace777,2026-09-23T23:21:48.495885,094c98ff27ecb66ac3d8ca3294d48c717f38149b8d6662e947baa086a651d9e2,https://data.gov.au/data/dataset/324aa4f7-46bb-4d56-bc2d-772333a2317e/resource/ef31b2b4-a894-484b-99bc-e35d62ace777/download/bp0015l-student-visas-lodged-report-locked-at-2025-08-31-v100.xlsx,BP0015 pivot-cache aggregation
2026-08-31,2016-03,granted,45,Primary,Outside Australia,"China, Peoples Republic of (excl SARs)",Postgraduate Research Sector,dfc7a893-0523-4b8e-bc5a-829e35bec90f,2026-09-23T23:23:24.105009,d3a5638eb5c2147d7f18a11a2ea6625e3ea36e4588bde9382588c575fdbfe43c,https://data.gov.au/data/dataset/324aa4f7-46bb-4d56-bc2d-772333a2317e/resource/dfc7a893-0523-4b8e-bc5a-829e35bec90f/download/bp0015l-student-visas-granted-report-locked-at-2025-08-31-v100.xlsx,BP0015 pivot-cache aggregation
2026-08-31,2016-03,lodged,48,Primary,Outside Australia,"China, Peoples Republic of (excl SARs)",Postgraduate Research Sector,ef31b2b4-a894-484b-99bc-e35d62ace777,2026-09-23T23:21:48.495885,094c98ff27ecb66ac3d8ca3294d48c717f38149b8d6662e947baa086a651d9e2,https://data.gov.au/data/dataset/324aa4f7-46bb-4d56-bc2d-772333a2317e/resource/ef31b2b4-a894-484b-99bc-e35d62ace777/download/bp0015l-student-visas-lodged-report-locked-at-2025-08-31-v100.xlsx,BP0015 pivot-cache aggregation
2026-08-31,2016-04,granted,32,Primary,Outside Australia,"China, Peoples Republic of (excl SARs)",Postgraduate Research Sector,dfc7a893-0523-4b8e-bc5a-829e35bec90f,2026-09-23T23:23:24.105009,d3a5638eb5c2147d7f18a11a2ea6625e3ea36e4588bde9382588c575fdbfe43c,https://data.gov.au/data/dataset/324aa4f7-46bb-4d56-bc2d-772333a2317e/resource/dfc7a893-0523-4b8e-bc5a-829e35bec90f/download/bp0015l-student-visas-granted-report-locked-at-2025-08-31-v100.xlsx,BP0015 pivot-cache aggregation
2026-08-31,2016-04,lodged,23,Primary,Outside Australia,"China, Peoples Republic of (excl SARs)",Postgraduate Research Sector,ef31b2b4-a894-484b-99bc-e35d62ace777,2026-09-23T23:21:48.495885,094c98ff27ecb66ac3d8ca3294d48c717f38149b8d6662e947baa086a651d9e2,https://data.gov.au/data/dataset/324aa4f7-46bb-4d56-bc2d-772333a2317e/resource/ef31b2b4-a894-484b-99bc-e35d62ace777/download/bp0015l-student-visas-lodged-report-locked-at-2025-08-31-v100.xlsx,BP0015 pivot-cache aggregation
2026-08-31,2016-05,granted,34,Primary,Outside Australia,"China, Peoples Republic of (excl SARs)",Postgraduate Research Sector,dfc7a893-0523-4b8e-bc5a-829e35bec90f,2026-09-23T23:23:24.105009,d3a5638eb5c2147d7f18a11a2ea6625e3ea36e4588bde9382588c575fdbfe43c,https://data.gov.au/data/dataset/324aa4f7-46bb-4d56-bc2d-772333a2317e/resource/dfc7a893-0523-4b8e-bc5a-829e35bec90f/download/bp0015l-student-visas-granted-report-locked-at-2025-08-31-v100.xlsx,BP0015 pivot-cache aggregation
2026-08-31,2016-05,lodged,69,Primary,Outside Australia,"China, Peoples Republic of (excl SARs)",Postgraduate Research Sector,ef31b2b4-a894-484b-99bc-e35d62ace777,2026-09-23T23:21:48.495885,094c98ff27ecb66ac3d8ca3294d48c717f38149b8d6662e947baa086a651d9e2,https://data.gov.au/data/dataset/324aa4f7-46bb-4d56-bc2d-772333a2317e/resource/ef31b2b4-a894-484b-99bc-e35d62ace777/download/bp0015l-student-visas-lodged-report-locked-at-2025-08-31-v100.xlsx,BP0015 pivot-cache aggregation
2026-08-31,2016-06,granted,48,Primary,Outside Australia,"China, Peoples Republic of (excl SARs)",Postgraduate Research Sector,dfc7a893-0523-4b8e-bc5a-829e35bec90f,2026-09-23T23:23:24.105009,d3a5638eb5c2147d7f18a11a2ea6625e3ea36e4588bde9382588c575fdbfe43c,https://data.gov.au/data/dataset/324aa4f7-46bb-4d56-bc2d-772333a2317e/resource/dfc7a893-0523-4b8e-bc5a-829e35bec90f/download/bp0015l-student-visas-granted-report-locked-at-2025-08-31-v100.xlsx,BP0015 pivot-cache aggregation
2026-08-31,2016-06,lodged,106,Primary,Outside Australia,"China, Peoples Republic of (excl SARs)",Postgraduate Research Sector,ef31b2b4-a894-484b-99bc-e35d62ace777,2026-09-23T23:21:48.495885,094c98ff27ecb66ac3d8ca3294d48c717f38149b8d6662e947baa086a651d9e2,https://data.gov.au/data/dataset/324aa4f7-46bb-4d56-bc2d-772333a2317e/resource/ef31b2b4-a894-484b-99bc-e35d62ace777/download/bp0015l-student-visas-lodged-report-locked-at-2025-08-31-v100.xlsx,BP0015 pivot-cache aggregation
2026-08-31,2016-07,granted,52,Primary,Outside Australia,"China, Peoples Republic of (excl SARs)",Postgraduate Research Sector,dfc7a893-0523-4b8e-bc5a-829e35bec90f,2026-09-23T23:23:24.105009,d3a5638eb5c2147d7f18a11a2ea6625e3ea36e4588bde9382588c575fdbfe43c,https://data.gov.au/data/dataset/324aa4f7-46bb-4d56-bc2d-772333a2317e/resource/dfc7a893-0523-4b8e-bc5a-829e35bec90f/download/bp0015l-student-visas-granted-report-locked-at-2025-08-31-v100.xlsx,BP0015 pivot-cache aggregation
2026-08-31,2016-07,lodged,219,Primary,Outside Australia,"China, Peoples Republic of (excl SARs)",Postgraduate Research Sector,ef31b2b4-a894-484b-99bc-e35d62ace777,2026-09-23T23:21:48.495885,094c98ff27ecb66ac3d8ca3294d48c717f38149b8d6662e947baa086a651d9e2,https://data.gov.au/data/dataset/324aa4f7-46bb-4d56-bc2d-772333a2317e/resource/ef31b2b4-a894-484b-99bc-e35d62ace777/download/bp0015l-student-visas-lodged-report-locked-at-2025-08-31-v100.xlsx,BP0015 pivot-cache aggregation
2026-08-31,2016-08,granted,72,Primary,Outside Australia,"China, Peoples Republic of (excl SARs)",Postgraduate Research Sector,dfc7a893-0523-4b8e-bc5a-829e35bec90f,2026-09-23T23:23:24.105009,d3a5638eb5c2147d7f18a11a2ea6625e3ea36e4588bde9382588c575fdbfe43c,https://data.gov.au/data/dataset/324aa4f7-46bb-4d56-bc2d-772333a2317e/resource/dfc7a893-0523-4b8e-bc5a-829e35bec90f/download/bp0015l-student-visas-granted-report-locked-at-2025-08-31-v100.xlsx,BP0015 pivot-cache aggregation
2026-08-31,2016-08,lodged,134,Primary,Outside Australia,"China, Peoples Republic of (excl SARs)",Postgraduate Research Sector,ef31b2b4-a894-484b-99bc-e35d62ace777,2026-09-23T23:21:48.495885,094c98ff27ecb66ac3d8ca3294d48c717f38149b8d6662e947baa086a651d9e2,https://data.gov.au/data/dataset/324aa4f7-46bb-4d56-bc2d-772333a2317e/resource/ef31b2b4-a894-484b-99bc-e35d62ace777/download/bp0015l-student-visas-lodged-report-locked-at-2025-08-31-v100.xlsx,BP0015 pivot-cache aggregation
2026-08-31,2016-09,granted,124,Primary,Outside Australia,"China, Peoples Republic of (excl SARs)",Postgraduate Research Sector,dfc7a893-0523-4b8e-bc5a-829e35bec90f,2026-09-23T23:23:24.105009,d3a5638eb5c2147d7f18a11a2ea6625e3ea36e4588bde9382588c575fdbfe43c,https://data.gov.au/data/dataset/324aa4f7-46bb-4d56-bc2d-772333a2317e/resource/dfc7a893-0523-4b8e-bc5a-829e35bec90f/download/bp0015l-student-visas-granted-report-locked-at-2025-08-31-v100.xlsx,BP0015 pivot-cache aggregation
2026-08-31,2016-09,lodged,71,Primary,Outside Australia,"China, Peoples Republic of (excl SARs)",Postgraduate Research Sector,ef31b2b4-a894-484b-99bc-e35d62ace777,2026-09-23T23:21:48.495885,094c98ff27ecb66ac3d8ca3294d48c717f38149b8d6662e947baa086a651d9e2,https://data.gov.au/data/dataset/324aa4f7-46bb-4d56-bc2d-772333a2317e/resource/ef31b2b4-a894-484b-99bc-e35d62ace777/download/bp0015l-student-visas-lodged-report-locked-at-2025-08-31-v100.xlsx,BP0015 pivot-cache aggregation
2026-08-31,2016-10,granted,125,Primary,Outside Australia,"China, Peoples Republic of (excl SARs)",Postgraduate Research Sector,dfc7a893-0523-4b8e-bc5a-829e35bec90f,2026-09-23T23:23:24.105009,d3a5638eb5c2147d7f18a11a2ea6625e3ea36e4588bde9382588c575fdbfe43c,https://data.gov.au/data/dataset/324aa4f7-46bb-4d56-bc2d-772333a2317e/resource/dfc7a893-0523-4b8e-bc5a-829e35bec90f/download/bp0015l-student-visas-granted-report-locked-at-2025-08-31-v100.xlsx,BP0015 pivot-cache aggregation
2026-08-31,2016-10,lodged,25,Primary,Outside Australia,"China, Peoples Republic of (excl SARs)",Postgraduate Research Sector,ef31b2b4-a894-484b-99bc-e35d62ace777,2026-09-23T23:21:48.495885,094c98ff27ecb66ac3d8ca3294d48c717f38149b8d6662e947baa086a651d9e2,https://data.gov.au/data/dataset/324aa4f7-46bb-4d56-bc2d-772333a2317e/resource/ef31b2b4-a894-484b-99bc-e35d62ace777/download/bp0015l-student-visas-lodged-report-locked-at-2025-08-31-v100.xlsx,BP0015 pivot-cache aggregation
2026-08-31,2016-11,granted,61,Primary,Outside Australia,"China, Peoples Republic of (excl SARs)",Postgraduate Research Sector,dfc7a893-0523-4b8e-bc5a-829e35bec90f,2026-09-23T23:23:24.105009,d3a5638eb5c2147d7f18a11a2ea6625e3ea36e4588bde9382588c575fdbfe43c,https://data.gov.au/data/dataset/324aa4f7-46bb-4d56-bc2d-772333a2317e/resource/dfc7a893-0523-4b8e-bc5a-829e35bec90f/download/bp0015l-student-visas-granted-report-locked-at-2025-08-31-v100.xlsx,BP0015 pivot-cache aggregation
2026-08-31,2016-11,lodged,58,Primary,Outside Australia,"China, Peoples Republic of (excl SARs)",Postgraduate Research Sector,ef31b2b4-a894-484b-99bc-e35d62ace777,2026-09-23T23:21:48.495885,094c98ff27ecb66ac3d8ca3294d48c717f38149b8d6662e947baa086a651d9e2,https://data.gov.au/data/dataset/324aa4f7-46bb-4d56-bc2d-772333a2317e/resource/ef31b2b4-a894-484b-99bc-e35d62ace777/download/bp0015l-student-visas-lodged-report-locked-at-2025-08-31-v100.xlsx,BP0015 pivot-cache aggregation
2026-08-31,2016-12,granted,93,Primary,Outside Australia,"China, Peoples Republic of (excl SARs)",Postgraduate Research Sector,dfc7a893-0523-4b8e-bc5a-829e35bec90f,2026-09-23T23:23:24.105009,d3a5638eb5c2147d7f18a11a2ea6625e3ea36e4588bde9382588c575fdbfe43c,https://data.gov.au/data/dataset/324aa4f7-46bb-4d56-bc2d-772333a2317e/resource/dfc7a893-0523-4b8e-bc5a-829e35bec90f/download/bp0015l-student-visas-granted-report-locked-at-2025-08-31-v100.xlsx,BP0015 pivot-cache aggregation
2026-08-31,2016-12,lodged,70,Primary,Outside Australia,"China, Peoples Republic of (excl SARs)",Postgraduate Research Sector,ef31b2b4-a894-484b-99bc-e35d62ace777,2026-09-23T23:21:48.495885,094c98ff27ecb66ac3d8ca3294d48c717f38149b8d6662e947baa086a651d9e2,https://data.gov.au/data/dataset/324aa4f7-46bb-4d56-bc2d-772333a2317e/resource/ef31b2b4-a894-484b-99bc-e35d62ace777/download/bp0015l-student-visas-lodged-report-locked-at-2025-08-31-v100.xlsx,BP0015 pivot-cache aggregation
2026-08-31,2017-01,granted,94,Primary,Outside Australia,"China, Peoples Republic of (excl SARs)",Postgraduate Research Sector,dfc7a893-0523-4b8e-bc5a-829e35bec90f,2026-09-23T23:23:24.105009,d3a5638eb5c2147d7f18a11a2ea6625e3ea36e4588bde9382588c575fdbfe43c,https://data.gov.au/data/dataset/324aa4f7-46bb-4d56-bc2d-772333a2317e/resource/dfc7a893-0523-4b8e-bc5a-829e35bec90f/download/bp0015l-student-visas-granted-report-locked-at-2025-08-31-v100.xlsx,BP0015 pivot-cache aggregation
2026-08-31,2017-01,lodged,90,Primary,Outside Australia,"China, Peoples Republic of (excl SARs)",Postgraduate Research Sector,ef31b2b4-a894-484b-99bc-e35d62ace777,2026-09-23T23:21:48.495885,094c98ff27ecb66ac3d8ca3294d48c717f38149b8d6662e947baa086a651d9e2,https://data.gov.au/data/dataset/324aa4f7-46bb-4d56-bc2d-772333a2317e/resource/ef31b2b4-a894-484b-99bc-e35d62ace777/download/bp0015l-student-visas-lodged-report-locked-at-2025-08-31-v100.xlsx,BP0015 pivot-cache aggregation
2026-08-31,2017-02,granted,93,Primary,Outside Australia,"China, Peoples Republic of (excl SARs)",Postgraduate Research Sector,dfc7a893-0523-4b8e-bc5a-829e35bec90f,2026-09-23T23:23:24.105009,d3a5638eb5c2147d7f18a11a2ea6625e3ea36e4588bde9382588c575fdbfe43c,https://data.gov.au/data/dataset/324aa4f7-46bb-4d56-bc2d-772333a2317e/resource/dfc7a893-0523-4b8e-bc5a-829e35bec90f/download/bp0015l-student-visas-granted-report-locked-at-2025-08-31-v100.xlsx,BP0015 pivot-cache aggregation
2026-08-31,2017-02,lodged,67,Primary,Outside Australia,"China, Peoples Republic of (excl SARs)",Postgraduate Research Sector,ef31b2b4-a894-484b-99bc-e35d62ace777,2026-09-23T23:21:48.495885,094c98ff27ecb66ac3d8ca3294d48c717f38149b8d6662e947baa086a651d9e2,https://data.gov.au/data/dataset/324aa4f7-46bb-4d56-bc2d-772333a2317e/resource/ef31b2b4-a894-484b-99bc-e35d62ace777/download/bp0015l-student-visas-lodged-report-locked-at-2025-08-31-v100.xlsx,BP0015 pivot-cache aggregation
2026-08-31,2017-03,granted,118,Primary,Outside Australia,"China, Peoples Republic of (excl SARs)",Postgraduate Research Sector,dfc7a893-0523-4b8e-bc5a-829e35bec90f,2026-09-23T23:23:24.105009,d3a5638eb5c2147d7f18a11a2ea6625e3ea36e4588bde9382588c575fdbfe43c,https://data.gov.au/data/dataset/324aa4f7-46bb-4d56-bc2d-772333a2317e/resource/dfc7a893-0523-4b8e-bc5a-829e35bec90f/download/bp0015l-student-visas-granted-report-locked-at-2025-08-31-v100.xlsx,BP0015 pivot-cache aggregation
2026-08-31,2017-03,lodged,46,Primary,Outside Australia,"China, Peoples Republic of (excl SARs)",Postgraduate Research Sector,ef31b2b4-a894-484b-99bc-e35d62ace777,2026-09-23T23:21:48.495885,094c98ff27ecb66ac3d8ca3294d48c717f38149b8d6662e947baa086a651d9e2,https://data.gov.au/data/dataset/324aa4f7-46bb-4d56-bc2d-772333a2317e/resource/ef31b2b4-a894-484b-99bc-e35d62ace777/download/bp0015l-student-visas-lodged-report-locked-at-2025-08-31-v100.xlsx,BP0015 pivot-cache aggregation
2026-08-31,2017-04,granted,73,Primary,Outside Australia,"China, Peoples Republic of (excl SARs)",Postgraduate Research Sector,dfc7a893-0523-4b8e-bc5a-829e35bec90f,2026-09-23T23:23:24.105009,d3a5638eb5c2147d7f18a11a2ea6625e3ea36e4588bde9382588c575fdbfe43c,https://data.gov.au/data/dataset/324aa4f7-46bb-4d56-bc2d-772333a2317e/resource/dfc7a893-0523-4b8e-bc5a-829e35bec90f/download/bp0015l-student-visas-granted-report-locked-at-2025-08-31-v100.xlsx,BP0015 pivot-cache aggregation
2026-08-31,2017-04,lodged,38,Primary,Outside Australia,"China, Peoples Republic of (excl SARs)",Postgraduate Research Sector,ef31b2b4-a894-484b-99bc-e35d62ace777,2026-09-23T23:21:48.495885,094c98ff27ecb66ac3d8ca3294d48c717f38149b8d6662e947baa086a651d9e2,https://data.gov.au/data/dataset/324aa4f7-46bb-4d56-bc2d-772333a2317e/resource/ef31b2b4-a894-484b-99bc-e35d62ace777/download/bp0015l-student-visas-lodged-report-locked-at-2025-08-31-v100.xlsx,BP0015 pivot-cache aggregation
2026-08-31,2017-05,granted,48,Primary,Outside Australia,"China, Peoples Republic of (excl SARs)",Postgraduate Research Sector,dfc7a893-0523-4b8e-bc5a-829e35bec90f,2026-09-23T23:23:24.105009,d3a5638eb5c2147d7f18a11a2ea6625e3ea36e4588bde9382588c575fdbfe43c,https://data.gov.au/data/dataset/324aa4f7-46bb-4d56-bc2d-772333a2317e/resource/dfc7a893-0523-4b8e-bc5a-829e35bec90f/download/bp0015l-student-visas-granted-report-locked-at-2025-08-31-v100.xlsx,BP0015 pivot-cache aggregation
2026-08-31,2017-05,lodged,65,Primary,Outside Australia,"China, Peoples Republic of (excl SARs)",Postgraduate Research Sector,ef31b2b4-a894-484b-99bc-e35d62ace777,2026-09-23T23:21:48.495885,094c98ff27ecb66ac3d8ca3294d48c717f38149b8d6662e947baa086a651d9e2,https://data.gov.au/data/dataset/324aa4f7-46bb-4d56-bc2d-772333a2317e/resource/ef31b2b4-a894-484b-99bc-e35d62ace777/download/bp0015l-student-visas-lodged-report-locked-at-2025-08-31-v100.xlsx,BP0015 pivot-cache aggregation
2026-08-31,2017-06,granted,73,Primary,Outside Australia,"China, Peoples Republic of (excl SARs)",Postgraduate Research Sector,dfc7a893-0523-4b8e-bc5a-829e35bec90f,2026-09-23T23:23:24.105009,d3a5638eb5c2147d7f18a11a2ea6625e3ea36e4588bde9382588c575fdbfe43c,https://data.gov.au/data/dataset/324aa4f7-46bb-4d56-bc2d-772333a2317e/resource/dfc7a893-0523-4b8e-bc5a-829e35bec90f/download/bp0015l-student-visas-granted-report-locked-at-2025-08-31-v100.xlsx,BP0015 pivot-cache aggregation
2026-08-31,2017-06,lodged,109,Primary,Outside Australia,"China, Peoples Republic of (excl SARs)",Postgraduate Research Sector,ef31b2b4-a894-484b-99bc-e35d62ace777,2026-09-23T23:21:48.495885,094c98ff27ecb66ac3d8ca3294d48c717f38149b8d6662e947baa086a651d9e2,https://data.gov.au/data/dataset/324aa4f7-46bb-4d56-bc2d-772333a2317e/resource/ef31b2b4-a894-484b-99bc-e35d62ace777/download/bp0015l-student-visas-lodged-report-locked-at-2025-08-31-v100.xlsx,BP0015 pivot-cache aggregation
2026-08-31,2017-07,granted,138,Primary,Outside Australia,"China, Peoples Republic of (excl SARs)",Postgraduate Research Sector,dfc7a893-0523-4b8e-bc5a-829e35bec90f,2026-09-23T23:23:24.105009,d3a5638eb5c2147d7f18a11a2ea6625e3ea36e4588bde9382588c575fdbfe43c,https://data.gov.au/data/dataset/324aa4f7-46bb-4d56-bc2d-772333a2317e/resource/dfc7a893-0523-4b8e-bc5a-829e35bec90f/download/bp0015l-student-visas-granted-report-locked-at-2025-08-31-v100.xlsx,BP0015 pivot-cache aggregation
2026-08-31,2017-07,lodged,237,Primary,Outside Australia,"China, Peoples Republic of (excl SARs)",Postgraduate Research Sector,ef31b2b4-a894-484b-99bc-e35d62ace777,2026-09-23T23:21:48.495885,094c98ff27ecb66ac3d8ca3294d48c717f38149b8d6662e947baa086a651d9e2,https://data.gov.au/data/dataset/324aa4f7-46bb-4d56-bc2d-772333a2317e/resource/ef31b2b4-a894-484b-99bc-e35d62ace777/download/bp0015l-student-visas-lodged-report-locked-at-2025-08-31-v100.xlsx,BP0015 pivot-cache aggregation
2026-08-31,2017-08,granted,139,Primary,Outside Australia,"China, Peoples Republic of (excl SARs)",Postgraduate Research Sector,dfc7a893-0523-4b8e-bc5a-829e35bec90f,2026-09-23T23:23:24.105009,d3a5638eb5c2147d7f18a11a2ea6625e3ea36e4588bde9382588c575fdbfe43c,https://data.gov.au/data/dataset/324aa4f7-46bb-4d56-bc2d-772333a2317e/resource/dfc7a893-0523-4b8e-bc5a-829e35bec90f/download/bp0015l-student-visas-granted-report-locked-at-2025-08-31-v100.xlsx,BP0015 pivot-cache aggregation
2026-08-31,2017-08,lodged,125,Primary,Outside Australia,"China, Peoples Republic of (excl SARs)",Postgraduate Research Sector,ef31b2b4-a894-484b-99bc-e35d62ace777,2026-09-23T23:21:48.495885,094c98ff27ecb66ac3d8ca3294d48c717f38149b8d6662e947baa086a651d9e2,https://data.gov.au/data/dataset/324aa4f7-46bb-4d56-bc2d-772333a2317e/resource/ef31b2b4-a894-484b-99bc-e35d62ace777/download/bp0015l-student-visas-lodged-report-locked-at-2025-08-31-v100.xlsx,BP0015 pivot-cache aggregation
2026-08-31,2017-09,granted,89,Primary,Outside Australia,"China, Peoples Republic of (excl SARs)",Postgraduate Research Sector,dfc7a893-0523-4b8e-bc5a-829e35bec90f,2026-09-23T23:23:24.105009,d3a5638eb5c2147d7f18a11a2ea6625e3ea36e4588bde9382588c575fdbfe43c,https://data.gov.au/data/dataset/324aa4f7-46bb-4d56-bc2d-772333a2317e/resource/dfc7a893-0523-4b8e-bc5a-829e35bec90f/download/bp0015l-student-visas-granted-report-locked-at-2025-08-31-v100.xlsx,BP0015 pivot-cache aggregation
2026-08-31,2017-09,lodged,63,Primary,Outside Australia,"China, Peoples Republic of (excl SARs)",Postgraduate Research Sector,ef31b2b4-a894-484b-99bc-e35d62ace777,2026-09-23T23:21:48.495885,094c98ff27ecb66ac3d8ca3294d48c717f38149b8d6662e947baa086a651d9e2,https://data.gov.au/data/dataset/324aa4f7-46bb-4d56-bc2d-772333a2317e/resource/ef31b2b4-a894-484b-99bc-e35d62ace777/download/bp0015l-student-visas-lodged-report-locked-at-2025-08-31-v100.xlsx,BP0015 pivot-cache aggregation
2026-08-31,2017-10,granted,44,Primary,Outside Australia,"China, Peoples Republic of (excl SARs)",Postgraduate Research Sector,dfc7a893-0523-4b8e-bc5a-829e35bec90f,2026-09-23T23:23:24.105009,d3a5638eb5c2147d7f18a11a2ea6625e3ea36e4588bde9382588c575fdbfe43c,https://data.gov.au/data/dataset/324aa4f7-46bb-4d56-bc2d-772333a2317e/resource/dfc7a893-0523-4b8e-bc5a-829e35bec90f/download/bp0015l-student-visas-granted-report-locked-at-2025-08-31-v100.xlsx,BP0015 pivot-cache aggregation
2026-08-31,2017-10,lodged,33,Primary,Outside Australia,"China, Peoples Republic of (excl SARs)",Postgraduate Research Sector,ef31b2b4-a894-484b-99bc-e35d62ace777,2026-09-23T23:21:48.495885,094c98ff27ecb66ac3d8ca3294d48c717f38149b8d6662e947baa086a651d9e2,https://data.gov.au/data/dataset/324aa4f7-46bb-4d56-bc2d-772333a2317e/resource/ef31b2b4-a894-484b-99bc-e35d62ace777/download/bp0015l-student-visas-lodged-report-locked-at-2025-08-31-v100.xlsx,BP0015 pivot-cache aggregation
2026-08-31,2017-11,granted,53,Primary,Outside Australia,"China, Peoples Republic of (excl SARs)",Postgraduate Research Sector,dfc7a893-0523-4b8e-bc5a-829e35bec90f,2026-09-23T23:23:24.105009,d3a5638eb5c2147d7f18a11a2ea6625e3ea36e4588bde9382588c575fdbfe43c,https://data.gov.au/data/dataset/324aa4f7-46bb-4d56-bc2d-772333a2317e/resource/dfc7a893-0523-4b8e-bc5a-829e35bec90f/download/bp0015l-student-visas-granted-report-locked-at-2025-08-31-v100.xlsx,BP0015 pivot-cache aggregation
2026-08-31,2017-11,lodged,93,Primary,Outside Australia,"China, Peoples Republic of (excl SARs)",Postgraduate Research Sector,ef31b2b4-a894-484b-99bc-e35d62ace777,2026-09-23T23:21:48.495885,094c98ff27ecb66ac3d8ca3294d48c717f38149b8d6662e947baa086a651d9e2,https://data.gov.au/data/dataset/324aa4f7-46bb-4d56-bc2d-772333a2317e/resource/ef31b2b4-a894-484b-99bc-e35d62ace777/download/bp0015l-student-visas-lodged-report-locked-at-2025-08-31-v100.xlsx,BP0015 pivot-cache aggregation
2026-08-31,2017-12,granted,59,Primary,Outside Australia,"China, Peoples Republic of (excl SARs)",Postgraduate Research Sector,dfc7a893-0523-4b8e-bc5a-829e35bec90f,2026-09-23T23:23:24.105009,d3a5638eb5c2147d7f18a11a2ea6625e3ea36e4588bde9382588c575fdbfe43c,https://data.gov.au/data/dataset/324aa4f7-46bb-4d56-bc2d-772333a2317e/resource/dfc7a893-0523-4b8e-bc5a-829e35bec90f/download/bp0015l-student-visas-granted-report-locked-at-2025-08-31-v100.xlsx,BP0015 pivot-cache aggregation
2026-08-31,2017-12,lodged,107,Primary,Outside Australia,"China, Peoples Republic of (excl SARs)",Postgraduate Research Sector,ef31b2b4-a894-484b-99bc-e35d62ace777,2026-09-23T23:21:48.495885,094c98ff27ecb66ac3d8ca3294d48c717f38149b8d6662e947baa086a651d9e2,https://data.gov.au/data/dataset/324aa4f7-46bb-4d56-bc2d-772333a2317e/resource/ef31b2b4-a894-484b-99bc-e35d62ace777/download/bp0015l-student-visas-lodged-report-locked-at-2025-08-31-v100.xlsx,BP0015 pivot-cache aggregation
2026-08-31,2018-01,granted,103,Primary,Outside Australia,"China, Peoples Republic of (excl SARs)",Postgraduate Research Sector,dfc7a893-0523-4b8e-bc5a-829e35bec90f,2026-09-23T23:23:24.105009,d3a5638eb5c2147d7f18a11a2ea6625e3ea36e4588bde9382588c575fdbfe43c,https://data.gov.au/data/dataset/324aa4f7-46bb-4d56-bc2d-772333a2317e/resource/dfc7a893-0523-4b8e-bc5a-829e35bec90f/download/bp0015l-student-visas-granted-report-locked-at-2025-08-31-v100.xlsx,BP0015 pivot-cache aggregation
2026-08-31,2018-01,lodged,97,Primary,Outside Australia,"China, Peoples Republic of (excl SARs)",Postgraduate Research Sector,ef31b2b4-a894-484b-99bc-e35d62ace777,2026-09-23T23:21:48.495885,094c98ff27ecb66ac3d8ca3294d48c717f38149b8d6662e947baa086a651d9e2,https://data.gov.au/data/dataset/324aa4f7-46bb-4d56-bc2d-772333a2317e/resource/ef31b2b4-a894-484b-99bc-e35d62ace777/download/bp0015l-student-visas-lodged-report-locked-at-2025-08-31-v100.xlsx,BP0015 pivot-cache aggregation
2026-08-31,2018-02,granted,60,Primary,Outside Australia,"China, Peoples Republic of (excl SARs)",Postgraduate Research Sector,dfc7a893-0523-4b8e-bc5a-829e35bec90f,2026-09-23T23:23:24.105009,d3a5638eb5c2147d7f18a11a2ea6625e3ea36e4588bde9382588c575fdbfe43c,https://data.gov.au/data/dataset/324aa4f7-46bb-4d56-bc2d-772333a2317e/resource/dfc7a893-0523-4b8e-bc5a-829e35bec90f/download/bp0015l-student-visas-granted-report-locked-at-2025-08-31-v100.xlsx,BP0015 pivot-cache aggregation
2026-08-31,2018-02,lodged,49,Primary,Outside Australia,"China, Peoples Republic of (excl SARs)",Postgraduate Research Sector,ef31b2b4-a894-484b-99bc-e35d62ace777,2026-09-23T23:21:48.495885,094c98ff27ecb66ac3d8ca3294d48c717f38149b8d6662e947baa086a651d9e2,https://data.gov.au/data/dataset/324aa4f7-46bb-4d56-bc2d-772333a2317e/resource/ef31b2b4-a894-484b-99bc-e35d62ace777/download/bp0015l-student-visas-lodged-report-locked-at-2025-08-31-v100.xlsx,BP0015 pivot-cache aggregation
2026-08-31,2018-03,granted,64,Primary,Outside Australia,"China, Peoples Republic of (excl SARs)",Postgraduate Research Sector,dfc7a893-0523-4b8e-bc5a-829e35bec90f,2026-09-23T23:23:24.105009,d3a5638eb5c2147d7f18a11a2ea6625e3ea36e4588bde9382588c575fdbfe43c,https://data.gov.au/data/dataset/324aa4f7-46bb-4d56-bc2d-772333a2317e/resource/dfc7a893-0523-4b8e-bc5a-829e35bec90f/download/bp0015l-student-visas-granted-report-locked-at-2025-08-31-v100.xlsx,BP0015 pivot-cache aggregation
2026-08-31,2018-03,lodged,48,Primary,Outside Australia,"China, Peoples Republic of (excl SARs)",Postgraduate Research Sector,ef31b2b4-a894-484b-99bc-e35d62ace777,2026-09-23T23:21:48.495885,094c98ff27ecb66ac3d8ca3294d48c717f38149b8d6662e947baa086a651d9e2,https://data.gov.au/data/dataset/324aa4f7-46bb-4d56-bc2d-772333a2317e/resource/ef31b2b4-a894-484b-99bc-e35d62ace777/download/bp0015l-student-visas-lodged-report-locked-at-2025-08-31-v100.xlsx,BP0015 pivot-cache aggregation
2026-08-31,2018-04,granted,60,Primary,Outside Australia,"China, Peoples Republic of (excl SARs)",Postgraduate Research Sector,dfc7a893-0523-4b8e-bc5a-829e35bec90f,2026-09-23T23:23:24.105009,d3a5638eb5c2147d7f18a11a2ea6625e3ea36e4588bde9382588c575fdbfe43c,https://data.gov.au/data/dataset/324aa4f7-46bb-4d56-bc2d-772333a2317e/resource/dfc7a893-0523-4b8e-bc5a-829e35bec90f/download/bp0015l-student-visas-granted-report-locked-at-2025-08-31-v100.xlsx,BP0015 pivot-cache aggregation
2026-08-31,2018-04,lodged,58,Primary,Outside Australia,"China, Peoples Republic of (excl SARs)",Postgraduate Research Sector,ef31b2b4-a894-484b-99bc-e35d62ace777,2026-09-23T23:21:48.495885,094c98ff27ecb66ac3d8ca3294d48c717f38149b8d6662e947baa086a651d9e2,https://data.gov.au/data/dataset/324aa4f7-46bb-4d56-bc2d-772333a2317e/resource/ef31b2b4-a894-484b-99bc-e35d62ace777/download/bp0015l-student-visas-lodged-report-locked-at-2025-08-31-v100.xlsx,BP0015 pivot-cache aggregation
2026-08-31,2018-05,granted,72,Primary,Outside Australia,"China, Peoples Republic of (excl SARs)",Postgraduate Research Sector,dfc7a893-0523-4b8e-bc5a-829e35bec90f,2026-09-23T23:23:24.105009,d3a5638eb5c2147d7f18a11a2ea6625e3ea36e4588bde9382588c575fdbfe43c,https://data.gov.au/data/dataset/324aa4f7-46bb-4d56-bc2d-772333a2317e/resource/dfc7a893-0523-4b8e-bc5a-829e35bec90f/download/bp0015l-student-visas-granted-report-locked-at-2025-08-31-v100.xlsx,BP0015 pivot-cache aggregation
2026-08-31,2018-05,lodged,69,Primary,Outside Australia,"China, Peoples Republic of (excl SARs)",Postgraduate Research Sector,ef31b2b4-a894-484b-99bc-e35d62ace777,2026-09-23T23:21:48.495885,094c98ff27ecb66ac3d8ca3294d48c717f38149b8d6662e947baa086a651d9e2,https://data.gov.au/data/dataset/324aa4f7-46bb-4d56-bc2d-772333a2317e/resource/ef31b2b4-a894-484b-99bc-e35d62ace777/download/bp0015l-student-visas-lodged-report-locked-at-2025-08-31-v100.xlsx,BP0015 pivot-cache aggregation
2026-08-31,2018-06,granted,53,Primary,Outside Australia,"China, Peoples Republic of (excl SARs)",Postgraduate Research Sector,dfc7a893-0523-4b8e-bc5a-829e35bec90f,2026-09-23T23:23:24.105009,d3a5638eb5c2147d7f18a11a2ea6625e3ea36e4588bde9382588c575fdbfe43c,https://data.gov.au/data/dataset/324aa4f7-46bb-4d56-bc2d-772333a2317e/resource/dfc7a893-0523-4b8e-bc5a-829e35bec90f/download/bp0015l-student-visas-granted-report-locked-at-2025-08-31-v100.xlsx,BP0015 pivot-cache aggregation
2026-08-31,2018-06,lodged,93,Primary,Outside Australia,"China, Peoples Republic of (excl SARs)",Postgraduate Research Sector,ef31b2b4-a894-484b-99bc-e35d62ace777,2026-09-23T23:21:48.495885,094c98ff27ecb66ac3d8ca3294d48c717f38149b8d6662e947baa086a651d9e2,https://data.gov.au/data/dataset/324aa4f7-46bb-4d56-bc2d-772333a2317e/resource/ef31b2b4-a894-484b-99bc-e35d62ace777/download/bp0015l-student-visas-lodged-report-locked-at-2025-08-31-v100.xlsx,BP0015 pivot-cache aggregation
2026-08-31,2018-07,granted,154,Primary,Outside Australia,"China, Peoples Republic of (excl SARs)",Postgraduate Research Sector,dfc7a893-0523-4b8e-bc5a-829e35bec90f,2026-09-23T23:23:24.105009,d3a5638eb5c2147d7f18a11a2ea6625e3ea36e4588bde9382588c575fdbfe43c,https://data.gov.au/data/dataset/324aa4f7-46bb-4d56-bc2d-772333a2317e/resource/dfc7a893-0523-4b8e-bc5a-829e35bec90f/download/bp0015l-student-visas-granted-report-locked-at-2025-08-31-v100.xlsx,BP0015 pivot-cache aggregation
2026-08-31,2018-07,lodged,206,Primary,Outside Australia,"China, Peoples Republic of (excl SARs)",Postgraduate Research Sector,ef31b2b4-a894-484b-99bc-e35d62ace777,2026-09-23T23:21:48.495885,094c98ff27ecb66ac3d8ca3294d48c717f38149b8d6662e947baa086a651d9e2,https://data.gov.au/data/dataset/324aa4f7-46bb-4d56-bc2d-772333a2317e/resource/ef31b2b4-a894-484b-99bc-e35d62ace777/download/bp0015l-student-visas-lodged-report-locked-at-2025-08-31-v100.xlsx,BP0015 pivot-cache aggregation
2026-08-31,2018-08,granted,162,Primary,Outside Australia,"China, Peoples Republic of (excl SARs)",Postgraduate Research Sector,dfc7a893-0523-4b8e-bc5a-829e35bec90f,2026-09-23T23:23:24.105009,d3a5638eb5c2147d7f18a11a2ea6625e3ea36e4588bde9382588c575fdbfe43c,https://data.gov.au/data/dataset/324aa4f7-46bb-4d56-bc2d-772333a2317e/resource/dfc7a893-0523-4b8e-bc5a-829e35bec90f/download/bp0015l-student-visas-granted-report-locked-at-2025-08-31-v100.xlsx,BP0015 pivot-cache aggregation
2026-08-31,2018-08,lodged,131,Primary,Outside Australia,"China, Peoples Republic of (excl SARs)",Postgraduate Research Sector,ef31b2b4-a894-484b-99bc-e35d62ace777,2026-09-23T23:21:48.495885,094c98ff27ecb66ac3d8ca3294d48c717f38149b8d6662e947baa086a651d9e2,https://data.gov.au/data/dataset/324aa4f7-46bb-4d56-bc2d-772333a2317e/resource/ef31b2b4-a894-484b-99bc-e35d62ace777/download/bp0015l-student-visas-lodged-report-locked-at-2025-08-31-v100.xlsx,BP0015 pivot-cache aggregation
2026-08-31,2018-09,granted,69,Primary,Outside Australia,"China, Peoples Republic of (excl SARs)",Postgraduate Research Sector,dfc7a893-0523-4b8e-bc5a-829e35bec90f,2026-09-23T23:23:24.105009,d3a5638eb5c2147d7f18a11a2ea6625e3ea36e4588bde9382588c575fdbfe43c,https://data.gov.au/data/dataset/324aa4f7-46bb-4d56-bc2d-772333a2317e/resource/dfc7a893-0523-4b8e-bc5a-829e35bec90f/download/bp0015l-student-visas-granted-report-locked-at-2025-08-31-v100.xlsx,BP0015 pivot-cache aggregation
2026-08-31,2018-09,lodged,64,Primary,Outside Australia,"China, Peoples Republic of (excl SARs)",Postgraduate Research Sector,ef31b2b4-a894-484b-99bc-e35d62ace777,2026-09-23T23:21:48.495885,094c98ff27ecb66ac3d8ca3294d48c717f38149b8d6662e947baa086a651d9e2,https://data.gov.au/data/dataset/324aa4f7-46bb-4d56-bc2d-772333a2317e/resource/ef31b2b4-a894-484b-99bc-e35d62ace777/download/bp0015l-student-visas-lodged-report-locked-at-2025-08-31-v100.xlsx,BP0015 pivot-cache aggregation
2026-08-31,2018-10,granted,45,Primary,Outside Australia,"China, Peoples Republic of (excl SARs)",Postgraduate Research Sector,dfc7a893-0523-4b8e-bc5a-829e35bec90f,2026-09-23T23:23:24.105009,d3a5638eb5c2147d7f18a11a2ea6625e3ea36e4588bde9382588c575fdbfe43c,https://data.gov.au/data/dataset/324aa4f7-46bb-4d56-bc2d-772333a2317e/resource/dfc7a893-0523-4b8e-bc5a-829e35bec90f/download/bp0015l-student-visas-granted-report-locked-at-2025-08-31-v100.xlsx,BP0015 pivot-cache aggregation
2026-08-31,2018-10,lodged,62,Primary,Outside Australia,"China, Peoples Republic of (excl SARs)",Postgraduate Research Sector,ef31b2b4-a894-484b-99bc-e35d62ace777,2026-09-23T23:21:48.495885,094c98ff27ecb66ac3d8ca3294d48c717f38149b8d6662e947baa086a651d9e2,https://data.gov.au/data/dataset/324aa4f7-46bb-4d56-bc2d-772333a2317e/resource/ef31b2b4-a894-484b-99bc-e35d62ace777/download/bp0015l-student-visas-lodged-report-locked-at-2025-08-31-v100.xlsx,BP0015 pivot-cache aggregation
2026-08-31,2018-11,granted,58,Primary,Outside Australia,"China, Peoples Republic of (excl SARs)",Postgraduate Research Sector,dfc7a893-0523-4b8e-bc5a-829e35bec90f,2026-09-23T23:23:24.105009,d3a5638eb5c2147d7f18a11a2ea6625e3ea36e4588bde9382588c575fdbfe43c,https://data.gov.au/data/dataset/324aa4f7-46bb-4d56-bc2d-772333a2317e/resource/dfc7a893-0523-4b8e-bc5a-829e35bec90f/download/bp0015l-student-visas-granted-report-locked-at-2025-08-31-v100.xlsx,BP0015 pivot-cache aggregation
2026-08-31,2018-11,lodged,99,Primary,Outside Australia,"China, Peoples Republic of (excl SARs)",Postgraduate Research Sector,ef31b2b4-a894-484b-99bc-e35d62ace777,2026-09-23T23:21:48.495885,094c98ff27ecb66ac3d8ca3294d48c717f38149b8d6662e947baa086a651d9e2,https://data.gov.au/data/dataset/324aa4f7-46bb-4d56-bc2d-772333a2317e/resource/ef31b2b4-a894-484b-99bc-e35d62ace777/download/bp0015l-student-visas-lodged-report-locked-at-2025-08-31-v100.xlsx,BP0015 pivot-cache aggregation
2026-08-31,2018-12,granted,72,Primary,Outside Australia,"China, Peoples Republic of (excl SARs)",Postgraduate Research Sector,dfc7a893-0523-4b8e-bc5a-829e35bec90f,2026-09-23T23:23:24.105009,d3a5638eb5c2147d7f18a11a2ea6625e3ea36e4588bde9382588c575fdbfe43c,https://data.gov.au/data/dataset/324aa4f7-46bb-4d56-bc2d-772333a2317e/resource/dfc7a893-0523-4b8e-bc5a-829e35bec90f/download/bp0015l-student-visas-granted-report-locked-at-2025-08-31-v100.xlsx,BP0015 pivot-cache aggregation
2026-08-31,2018-12,lodged,104,Primary,Outside Australia,"China, Peoples Republic of (excl SARs)",Postgraduate Research Sector,ef31b2b4-a894-484b-99bc-e35d62ace777,2026-09-23T23:21:48.495885,094c98ff27ecb66ac3d8ca3294d48c717f38149b8d6662e947baa086a651d9e2,https://data.gov.au/data/dataset/324aa4f7-46bb-4d56-bc2d-772333a2317e/resource/ef31b2b4-a894-484b-99bc-e35d62ace777/download/bp0015l-student-visas-lodged-report-locked-at-2025-08-31-v100.xlsx,BP0015 pivot-cache aggregation
2026-08-31,2019-01,granted,71,Primary,Outside Australia,"China, Peoples Republic of (excl SARs)",Postgraduate Research Sector,dfc7a893-0523-4b8e-bc5a-829e35bec90f,2026-09-23T23:23:24.105009,d3a5638eb5c2147d7f18a11a2ea6625e3ea36e4588bde9382588c575fdbfe43c,https://data.gov.au/data/dataset/324aa4f7-46bb-4d56-bc2d-772333a2317e/resource/dfc7a893-0523-4b8e-bc5a-829e35bec90f/download/bp0015l-student-visas-granted-report-locked-at-2025-08-31-v100.xlsx,BP0015 pivot-cache aggregation
2026-08-31,2019-01,lodged,90,Primary,Outside Australia,"China, Peoples Republic of (excl SARs)",Postgraduate Research Sector,ef31b2b4-a894-484b-99bc-e35d62ace777,2026-09-23T23:21:48.495885,094c98ff27ecb66ac3d8ca3294d48c717f38149b8d6662e947baa086a651d9e2,https://data.gov.au/data/dataset/324aa4f7-46bb-4d56-bc2d-772333a2317e/resource/ef31b2b4-a894-484b-99bc-e35d62ace777/download/bp0015l-student-visas-lodged-report-locked-at-2025-08-31-v100.xlsx,BP0015 pivot-cache aggregation
2026-08-31,2019-02,granted,39,Primary,Outside Australia,"China, Peoples Republic of (excl SARs)",Postgraduate Research Sector,dfc7a893-0523-4b8e-bc5a-829e35bec90f,2026-09-23T23:23:24.105009,d3a5638eb5c2147d7f18a11a2ea6625e3ea36e4588bde9382588c575fdbfe43c,https://data.gov.au/data/dataset/324aa4f7-46bb-4d56-bc2d-772333a2317e/resource/dfc7a893-0523-4b8e-bc5a-829e35bec90f/download/bp0015l-student-visas-granted-report-locked-at-2025-08-31-v100.xlsx,BP0015 pivot-cache aggregation
2026-08-31,2019-02,lodged,55,Primary,Outside Australia,"China, Peoples Republic of (excl SARs)",Postgraduate Research Sector,ef31b2b4-a894-484b-99bc-e35d62ace777,2026-09-23T23:21:48.495885,094c98ff27ecb66ac3d8ca3294d48c717f38149b8d6662e947baa086a651d9e2,https://data.gov.au/data/dataset/324aa4f7-46bb-4d56-bc2d-772333a2317e/resource/ef31b2b4-a894-484b-99bc-e35d62ace777/download/bp0015l-student-visas-lodged-report-locked-at-2025-08-31-v100.xlsx,BP0015 pivot-cache aggregation
2026-08-31,2019-03,granted,29,Primary,Outside Australia,"China, Peoples Republic of (excl SARs)",Postgraduate Research Sector,dfc7a893-0523-4b8e-bc5a-829e35bec90f,2026-09-23T23:23:24.105009,d3a5638eb5c2147d7f18a11a2ea6625e3ea36e4588bde9382588c575fdbfe43c,https://data.gov.au/data/dataset/324aa4f7-46bb-4d56-bc2d-772333a2317e/resource/dfc7a893-0523-4b8e-bc5a-829e35bec90f/download/bp0015l-student-visas-granted-report-locked-at-2025-08-31-v100.xlsx,BP0015 pivot-cache aggregation
2026-08-31,2019-03,lodged,57,Primary,Outside Australia,"China, Peoples Republic of (excl SARs)",Postgraduate Research Sector,ef31b2b4-a894-484b-99bc-e35d62ace777,2026-09-23T23:21:48.495885,094c98ff27ecb66ac3d8ca3294d48c717f38149b8d6662e947baa086a651d9e2,https://data.gov.au/data/dataset/324aa4f7-46bb-4d56-bc2d-772333a2317e/resource/ef31b2b4-a894-484b-99bc-e35d62ace777/download/bp0015l-student-visas-lodged-report-locked-at-2025-08-31-v100.xlsx,BP0015 pivot-cache aggregation
2026-08-31,2019-04,granted,36,Primary,Outside Australia,"China, Peoples Republic of (excl SARs)",Postgraduate Research Sector,dfc7a893-0523-4b8e-bc5a-829e35bec90f,2026-09-23T23:23:24.105009,d3a5638eb5c2147d7f18a11a2ea6625e3ea36e4588bde9382588c575fdbfe43c,https://data.gov.au/data/dataset/324aa4f7-46bb-4d56-bc2d-772333a2317e/resource/dfc7a893-0523-4b8e-bc5a-829e35bec90f/download/bp0015l-student-visas-granted-report-locked-at-2025-08-31-v100.xlsx,BP0015 pivot-cache aggregation
2026-08-31,2019-04,lodged,72,Primary,Outside Australia,"China, Peoples Republic of (excl SARs)",Postgraduate Research Sector,ef31b2b4-a894-484b-99bc-e35d62ace777,2026-09-23T23:21:48.495885,094c98ff27ecb66ac3d8ca3294d48c717f38149b8d6662e947baa086a651d9e2,https://data.gov.au/data/dataset/324aa4f7-46bb-4d56-bc2d-772333a2317e/resource/ef31b2b4-a894-484b-99bc-e35d62ace777/download/bp0015l-student-visas-lodged-report-locked-at-2025-08-31-v100.xlsx,BP0015 pivot-cache aggregation
2026-08-31,2019-05,granted,58,Primary,Outside Australia,"China, Peoples Republic of (excl SARs)",Postgraduate Research Sector,dfc7a893-0523-4b8e-bc5a-829e35bec90f,2026-09-23T23:23:24.105009,d3a5638eb5c2147d7f18a11a2ea6625e3ea36e4588bde9382588c575fdbfe43c,https://data.gov.au/data/dataset/324aa4f7-46bb-4d56-bc2d-772333a2317e/resource/dfc7a893-0523-4b8e-bc5a-829e35bec90f/download/bp0015l-student-visas-granted-report-locked-at-2025-08-31-v100.xlsx,BP0015 pivot-cache aggregation
2026-08-31,2019-05,lodged,79,Primary,Outside Australia,"China, Peoples Republic of (excl SARs)",Postgraduate Research Sector,ef31b2b4-a894-484b-99bc-e35d62ace777,2026-09-23T23:21:48.495885,094c98ff27ecb66ac3d8ca3294d48c717f38149b8d6662e947baa086a651d9e2,https://data.gov.au/data/dataset/324aa4f7-46bb-4d56-bc2d-772333a2317e/resource/ef31b2b4-a894-484b-99bc-e35d62ace777/download/bp0015l-student-visas-lodged-report-locked-at-2025-08-31-v100.xlsx,BP0015 pivot-cache aggregation
2026-08-31,2019-06,granted,69,Primary,Outside Australia,"China, Peoples Republic of (excl SARs)",Postgraduate Research Sector,dfc7a893-0523-4b8e-bc5a-829e35bec90f,2026-09-23T23:23:24.105009,d3a5638eb5c2147d7f18a11a2ea6625e3ea36e4588bde9382588c575fdbfe43c,https://data.gov.au/data/dataset/324aa4f7-46bb-4d56-bc2d-772333a2317e/resource/dfc7a893-0523-4b8e-bc5a-829e35bec90f/download/bp0015l-student-visas-granted-report-locked-at-2025-08-31-v100.xlsx,BP0015 pivot-cache aggregation
2026-08-31,2019-06,lodged,87,Primary,Outside Australia,"China, Peoples Republic of (excl SARs)",Postgraduate Research Sector,ef31b2b4-a894-484b-99bc-e35d62ace777,2026-09-23T23:21:48.495885,094c98ff27ecb66ac3d8ca3294d48c717f38149b8d6662e947baa086a651d9e2,https://data.gov.au/data/dataset/324aa4f7-46bb-4d56-bc2d-772333a2317e/resource/ef31b2b4-a894-484b-99bc-e35d62ace777/download/bp0015l-student-visas-lodged-report-locked-at-2025-08-31-v100.xlsx,BP0015 pivot-cache aggregation
2026-08-31,2019-07,granted,110,Primary,Outside Australia,"China, Peoples Republic of (excl SARs)",Postgraduate Research Sector,dfc7a893-0523-4b8e-bc5a-829e35bec90f,2026-09-23T23:23:24.105009,d3a5638eb5c2147d7f18a11a2ea6625e3ea36e4588bde9382588c575fdbfe43c,https://data.gov.au/data/dataset/324aa4f7-46bb-4d56-bc2d-772333a2317e/resource/dfc7a893-0523-4b8e-bc5a-829e35bec90f/download/bp0015l-student-visas-granted-report-locked-at-2025-08-31-v100.xlsx,BP0015 pivot-cache aggregation
2026-08-31,2019-07,lodged,200,Primary,Outside Australia,"China, Peoples Republic of (excl SARs)",Postgraduate Research Sector,ef31b2b4-a894-484b-99bc-e35d62ace777,2026-09-23T23:21:48.495885,094c98ff27ecb66ac3d8ca3294d48c717f38149b8d6662e947baa086a651d9e2,https://data.gov.au/data/dataset/324aa4f7-46bb-4d56-bc2d-772333a2317e/resource/ef31b2b4-a894-484b-99bc-e35d62ace777/download/bp0015l-student-visas-lodged-report-locked-at-2025-08-31-v100.xlsx,BP0015 pivot-cache aggregation
2026-08-31,2019-08,granted,82,Primary,Outside Australia,"China, Peoples Republic of (excl SARs)",Postgraduate Research Sector,dfc7a893-0523-4b8e-bc5a-829e35bec90f,2026-09-23T23:23:24.105009,d3a5638eb5c2147d7f18a11a2ea6625e3ea36e4588bde9382588c575fdbfe43c,https://data.gov.au/data/dataset/324aa4f7-46bb-4d56-bc2d-772333a2317e/resource/dfc7a893-0523-4b8e-bc5a-829e35bec90f/download/bp0015l-student-visas-granted-report-locked-at-2025-08-31-v100.xlsx,BP0015 pivot-cache aggregation
2026-08-31,2019-08,lodged,132,Primary,Outside Australia,"China, Peoples Republic of (excl SARs)",Postgraduate Research Sector,ef31b2b4-a894-484b-99bc-e35d62ace777,2026-09-23T23:21:48.495885,094c98ff27ecb66ac3d8ca3294d48c717f38149b8d6662e947baa086a651d9e2,https://data.gov.au/data/dataset/324aa4f7-46bb-4d56-bc2d-772333a2317e/resource/ef31b2b4-a894-484b-99bc-e35d62ace777/download/bp0015l-student-visas-lodged-report-locked-at-2025-08-31-v100.xlsx,BP0015 pivot-cache aggregation
2026-08-31,2019-09,granted,78,Primary,Outside Australia,"China, Peoples Republic of (excl SARs)",Postgraduate Research Sector,dfc7a893-0523-4b8e-bc5a-829e35bec90f,2026-09-23T23:23:24.105009,d3a5638eb5c2147d7f18a11a2ea6625e3ea36e4588bde9382588c575fdbfe43c,https://data.gov.au/data/dataset/324aa4f7-46bb-4d56-bc2d-772333a2317e/resource/dfc7a893-0523-4b8e-bc5a-829e35bec90f/download/bp0015l-student-visas-granted-report-locked-at-2025-08-31-v100.xlsx,BP0015 pivot-cache aggregation
2026-08-31,2019-09,lodged,75,Primary,Outside Australia,"China, Peoples Republic of (excl SARs)",Postgraduate Research Sector,ef31b2b4-a894-484b-99bc-e35d62ace777,2026-09-23T23:21:48.495885,094c98ff27ecb66ac3d8ca3294d48c717f38149b8d6662e947baa086a651d9e2,https://data.gov.au/data/dataset/324aa4f7-46bb-4d56-bc2d-772333a2317e/resource/ef31b2b4-a894-484b-99bc-e35d62ace777/download/bp0015l-student-visas-lodged-report-locked-at-2025-08-31-v100.xlsx,BP0015 pivot-cache aggregation
2026-08-31,2019-10,granted,42,Primary,Outside Australia,"China, Peoples Republic of (excl SARs)",Postgraduate Research Sector,dfc7a893-0523-4b8e-bc5a-829e35bec90f,2026-09-23T23:23:24.105009,d3a5638eb5c2147d7f18a11a2ea6625e3ea36e4588bde9382588c575fdbfe43c,https://data.gov.au/data/dataset/324aa4f7-46bb-4d56-bc2d-772333a2317e/resource/dfc7a893-0523-4b8e-bc5a-829e35bec90f/download/bp0015l-student-visas-granted-report-locked-at-2025-08-31-v100.xlsx,BP0015 pivot-cache aggregation
2026-08-31,2019-10,lodged,73,Primary,Outside Australia,"China, Peoples Republic of (excl SARs)",Postgraduate Research Sector,ef31b2b4-a894-484b-99bc-e35d62ace777,2026-09-23T23:21:48.495885,094c98ff27ecb66ac3d8ca3294d48c717f38149b8d6662e947baa086a651d9e2,https://data.gov.au/data/dataset/324aa4f7-46bb-4d56-bc2d-772333a2317e/resource/ef31b2b4-a894-484b-99bc-e35d62ace777/download/bp0015l-student-visas-lodged-report-locked-at-2025-08-31-v100.xlsx,BP0015 pivot-cache aggregation
2026-08-31,2019-11,granted,66,Primary,Outside Australia,"China, Peoples Republic of (excl SARs)",Postgraduate Research Sector,dfc7a893-0523-4b8e-bc5a-829e35bec90f,2026-09-23T23:23:24.105009,d3a5638eb5c2147d7f18a11a2ea6625e3ea36e4588bde9382588c575fdbfe43c,https://data.gov.au/data/dataset/324aa4f7-46bb-4d56-bc2d-772333a2317e/resource/dfc7a893-0523-4b8e-bc5a-829e35bec90f/download/bp0015l-student-visas-granted-report-locked-at-2025-08-31-v100.xlsx,BP0015 pivot-cache aggregation
2026-08-31,2019-11,lodged,103,Primary,Outside Australia,"China, Peoples Republic of (excl SARs)",Postgraduate Research Sector,ef31b2b4-a894-484b-99bc-e35d62ace777,2026-09-23T23:21:48.495885,094c98ff27ecb66ac3d8ca3294d48c717f38149b8d6662e947baa086a651d9e2,https://data.gov.au/data/dataset/324aa4f7-46bb-4d56-bc2d-772333a2317e/resource/ef31b2b4-a894-484b-99bc-e35d62ace777/download/bp0015l-student-visas-lodged-report-locked-at-2025-08-31-v100.xlsx,BP0015 pivot-cache aggregation
2026-08-31,2019-12,granted,57,Primary,Outside Australia,"China, Peoples Republic of (excl SARs)",Postgraduate Research Sector,dfc7a893-0523-4b8e-bc5a-829e35bec90f,2026-09-23T23:23:24.105009,d3a5638eb5c2147d7f18a11a2ea6625e3ea36e4588bde9382588c575fdbfe43c,https://data.gov.au/data/dataset/324aa4f7-46bb-4d56-bc2d-772333a2317e/resource/dfc7a893-0523-4b8e-bc5a-829e35bec90f/download/bp0015l-student-visas-granted-report-locked-at-2025-08-31-v100.xlsx,BP0015 pivot-cache aggregation
2026-08-31,2019-12,lodged,107,Primary,Outside Australia,"China, Peoples Republic of (excl SARs)",Postgraduate Research Sector,ef31b2b4-a894-484b-99bc-e35d62ace777,2026-09-23T23:21:48.495885,094c98ff27ecb66ac3d8ca3294d48c717f38149b8d6662e947baa086a651d9e2,https://data.gov.au/data/dataset/324aa4f7-46bb-4d56-bc2d-772333a2317e/resource/ef31b2b4-a894-484b-99bc-e35d62ace777/download/bp0015l-student-visas-lodged-report-locked-at-2025-08-31-v100.xlsx,BP0015 pivot-cache aggregation
2026-08-31,2020-01,granted,89,Primary,Outside Australia,"China, Peoples Republic of (excl SARs)",Postgraduate Research Sector,dfc7a893-0523-4b8e-bc5a-829e35bec90f,2026-09-23T23:23:24.105009,d3a5638eb5c2147d7f18a11a2ea6625e3ea36e4588bde9382588c575fdbfe43c,https://data.gov.au/data/dataset/324aa4f7-46bb-4d56-bc2d-772333a2317e/resource/dfc7a893-0523-4b8e-bc5a-829e35bec90f/download/bp0015l-student-visas-granted-report-locked-at-2025-08-31-v100.xlsx,BP0015 pivot-cache aggregation
2026-08-31,2020-01,lodged,99,Primary,Outside Australia,"China, Peoples Republic of (excl SARs)",Postgraduate Research Sector,ef31b2b4-a894-484b-99bc-e35d62ace777,2026-09-23T23:21:48.495885,094c98ff27ecb66ac3d8ca3294d48c717f38149b8d6662e947baa086a651d9e2,https://data.gov.au/data/dataset/324aa4f7-46bb-4d56-bc2d-772333a2317e/resource/ef31b2b4-a894-484b-99bc-e35d62ace777/download/bp0015l-student-visas-lodged-report-locked-at-2025-08-31-v100.xlsx,BP0015 pivot-cache aggregation
2026-08-31,2020-02,granted,70,Primary,Outside Australia,"China, Peoples Republic of (excl SARs)",Postgraduate Research Sector,dfc7a893-0523-4b8e-bc5a-829e35bec90f,2026-09-23T23:23:24.105009,d3a5638eb5c2147d7f18a11a2ea6625e3ea36e4588bde9382588c575fdbfe43c,https://data.gov.au/data/dataset/324aa4f7-46bb-4d56-bc2d-772333a2317e/resource/dfc7a893-0523-4b8e-bc5a-829e35bec90f/download/bp0015l-student-visas-granted-report-locked-at-2025-08-31-v100.xlsx,BP0015 pivot-cache aggregation
2026-08-31,2020-02,lodged,50,Primary,Outside Australia,"China, Peoples Republic of (excl SARs)",Postgraduate Research Sector,ef31b2b4-a894-484b-99bc-e35d62ace777,2026-09-23T23:21:48.495885,094c98ff27ecb66ac3d8ca3294d48c717f38149b8d6662e947baa086a651d9e2,https://data.gov.au/data/dataset/324aa4f7-46bb-4d56-bc2d-772333a2317e/resource/ef31b2b4-a894-484b-99bc-e35d62ace777/download/bp0015l-student-visas-lodged-report-locked-at-2025-08-31-v100.xlsx,BP0015 pivot-cache aggregation
2026-08-31,2020-03,granted,40,Primary,Outside Australia,"China, Peoples Republic of (excl SARs)",Postgraduate Research Sector,dfc7a893-0523-4b8e-bc5a-829e35bec90f,2026-09-23T23:23:24.105009,d3a5638eb5c2147d7f18a11a2ea6625e3ea36e4588bde9382588c575fdbfe43c,https://data.gov.au/data/dataset/324aa4f7-46bb-4d56-bc2d-772333a2317e/resource/dfc7a893-0523-4b8e-bc5a-829e35bec90f/download/bp0015l-student-visas-granted-report-locked-at-2025-08-31-v100.xlsx,BP0015 pivot-cache aggregation
2026-08-31,2020-03,lodged,63,Primary,Outside Australia,"China, Peoples Republic of (excl SARs)",Postgraduate Research Sector,ef31b2b4-a894-484b-99bc-e35d62ace777,2026-09-23T23:21:48.495885,094c98ff27ecb66ac3d8ca3294d48c717f38149b8d6662e947baa086a651d9e2,https://data.gov.au/data/dataset/324aa4f7-46bb-4d56-bc2d-772333a2317e/resource/ef31b2b4-a894-484b-99bc-e35d62ace777/download/bp0015l-student-visas-lodged-report-locked-at-2025-08-31-v100.xlsx,BP0015 pivot-cache aggregation
2026-08-31,2020-04,granted,12,Primary,Outside Australia,"China, Peoples Republic of (excl SARs)",Postgraduate Research Sector,dfc7a893-0523-4b8e-bc5a-829e35bec90f,2026-09-23T23:23:24.105009,d3a5638eb5c2147d7f18a11a2ea6625e3ea36e4588bde9382588c575fdbfe43c,https://data.gov.au/data/dataset/324aa4f7-46bb-4d56-bc2d-772333a2317e/resource/dfc7a893-0523-4b8e-bc5a-829e35bec90f/download/bp0015l-student-visas-granted-report-locked-at-2025-08-31-v100.xlsx,BP0015 pivot-cache aggregation
2026-08-31,2020-04,lodged,52,Primary,Outside Australia,"China, Peoples Republic of (excl SARs)",Postgraduate Research Sector,ef31b2b4-a894-484b-99bc-e35d62ace777,2026-09-23T23:21:48.495885,094c98ff27ecb66ac3d8ca3294d48c717f38149b8d6662e947baa086a651d9e2,https://data.gov.au/data/dataset/324aa4f7-46bb-4d56-bc2d-772333a2317e/resource/ef31b2b4-a894-484b-99bc-e35d62ace777/download/bp0015l-student-visas-lodged-report-locked-at-2025-08-31-v100.xlsx,BP0015 pivot-cache aggregation
2026-08-31,2020-05,granted,59,Primary,Outside Australia,"China, Peoples Republic of (excl SARs)",Postgraduate Research Sector,dfc7a893-0523-4b8e-bc5a-829e35bec90f,2026-09-23T23:23:24.105009,d3a5638eb5c2147d7f18a11a2ea6625e3ea36e4588bde9382588c575fdbfe43c,https://data.gov.au/data/dataset/324aa4f7-46bb-4d56-bc2d-772333a2317e/resource/dfc7a893-0523-4b8e-bc5a-829e35bec90f/download/bp0015l-student-visas-granted-report-locked-at-2025-08-31-v100.xlsx,BP0015 pivot-cache aggregation
2026-08-31,2020-05,lodged,95,Primary,Outside Australia,"China, Peoples Republic of (excl SARs)",Postgraduate Research Sector,ef31b2b4-a894-484b-99bc-e35d62ace777,2026-09-23T23:21:48.495885,094c98ff27ecb66ac3d8ca3294d48c717f38149b8d6662e947baa086a651d9e2,https://data.gov.au/data/dataset/324aa4f7-46bb-4d56-bc2d-772333a2317e/resource/ef31b2b4-a894-484b-99bc-e35d62ace777/download/bp0015l-student-visas-lodged-report-locked-at-2025-08-31-v100.xlsx,BP0015 pivot-cache aggregation
2026-08-31,2020-06,granted,25,Primary,Outside Australia,"China, Peoples Republic of (excl SARs)",Postgraduate Research Sector,dfc7a893-0523-4b8e-bc5a-829e35bec90f,2026-09-23T23:23:24.105009,d3a5638eb5c2147d7f18a11a2ea6625e3ea36e4588bde9382588c575fdbfe43c,https://data.gov.au/data/dataset/324aa4f7-46bb-4d56-bc2d-772333a2317e/resource/dfc7a893-0523-4b8e-bc5a-829e35bec90f/download/bp0015l-student-visas-granted-report-locked-at-2025-08-31-v100.xlsx,BP0015 pivot-cache aggregation
2026-08-31,2020-06,lodged,73,Primary,Outside Australia,"China, Peoples Republic of (excl SARs)",Postgraduate Research Sector,ef31b2b4-a894-484b-99bc-e35d62ace777,2026-09-23T23:21:48.495885,094c98ff27ecb66ac3d8ca3294d48c717f38149b8d6662e947baa086a651d9e2,https://data.gov.au/data/dataset/324aa4f7-46bb-4d56-bc2d-772333a2317e/resource/ef31b2b4-a894-484b-99bc-e35d62ace777/download/bp0015l-student-visas-lodged-report-locked-at-2025-08-31-v100.xlsx,BP0015 pivot-cache aggregation
2026-08-31,2020-07,granted,102,Primary,Outside Australia,"China, Peoples Republic of (excl SARs)",Postgraduate Research Sector,dfc7a893-0523-4b8e-bc5a-829e35bec90f,2026-09-23T23:23:24.105009,d3a5638eb5c2147d7f18a11a2ea6625e3ea36e4588bde9382588c575fdbfe43c,https://data.gov.au/data/dataset/324aa4f7-46bb-4d56-bc2d-772333a2317e/resource/dfc7a893-0523-4b8e-bc5a-829e35bec90f/download/bp0015l-student-visas-granted-report-locked-at-2025-08-31-v100.xlsx,BP0015 pivot-cache aggregation
2026-08-31,2020-07,lodged,88,Primary,Outside Australia,"China, Peoples Republic of (excl SARs)",Postgraduate Research Sector,ef31b2b4-a894-484b-99bc-e35d62ace777,2026-09-23T23:21:48.495885,094c98ff27ecb66ac3d8ca3294d48c717f38149b8d6662e947baa086a651d9e2,https://data.gov.au/data/dataset/324aa4f7-46bb-4d56-bc2d-772333a2317e/resource/ef31b2b4-a894-484b-99bc-e35d62ace777/download/bp0015l-student-visas-lodged-report-locked-at-2025-08-31-v100.xlsx,BP0015 pivot-cache aggregation
2026-08-31,2020-08,granted,164,Primary,Outside Australia,"China, Peoples Republic of (excl SARs)",Postgraduate Research Sector,dfc7a893-0523-4b8e-bc5a-829e35bec90f,2026-09-23T23:23:24.105009,d3a5638eb5c2147d7f18a11a2ea6625e3ea36e4588bde9382588c575fdbfe43c,https://data.gov.au/data/dataset/324aa4f7-46bb-4d56-bc2d-772333a2317e/resource/dfc7a893-0523-4b8e-bc5a-829e35bec90f/download/bp0015l-student-visas-granted-report-locked-at-2025-08-31-v100.xlsx,BP0015 pivot-cache aggregation
2026-08-31,2020-08,lodged,142,Primary,Outside Australia,"China, Peoples Republic of (excl SARs)",Postgraduate Research Sector,ef31b2b4-a894-484b-99bc-e35d62ace777,2026-09-23T23:21:48.495885,094c98ff27ecb66ac3d8ca3294d48c717f38149b8d6662e947baa086a651d9e2,https://data.gov.au/data/dataset/324aa4f7-46bb-4d56-bc2d-772333a2317e/resource/ef31b2b4-a894-484b-99bc-e35d62ace777/download/bp0015l-student-visas-lodged-report-locked-at-2025-08-31-v100.xlsx,BP0015 pivot-cache aggregation
2026-08-31,2020-09,granted,181,Primary,Outside Australia,"China, Peoples Republic of (excl SARs)",Postgraduate Research Sector,dfc7a893-0523-4b8e-bc5a-829e35bec90f,2026-09-23T23:23:24.105009,d3a5638eb5c2147d7f18a11a2ea6625e3ea36e4588bde9382588c575fdbfe43c,https://data.gov.au/data/dataset/324aa4f7-46bb-4d56-bc2d-772333a2317e/resource/dfc7a893-0523-4b8e-bc5a-829e35bec90f/download/bp0015l-student-visas-granted-report-locked-at-2025-08-31-v100.xlsx,BP0015 pivot-cache aggregation
2026-08-31,2020-09,lodged,125,Primary,Outside Australia,"China, Peoples Republic of (excl SARs)",Postgraduate Research Sector,ef31b2b4-a894-484b-99bc-e35d62ace777,2026-09-23T23:21:48.495885,094c98ff27ecb66ac3d8ca3294d48c717f38149b8d6662e947baa086a651d9e2,https://data.gov.au/data/dataset/324aa4f7-46bb-4d56-bc2d-772333a2317e/resource/ef31b2b4-a894-484b-99bc-e35d62ace777/download/bp0015l-student-visas-lodged-report-locked-at-2025-08-31-v100.xlsx,BP0015 pivot-cache aggregation
2026-08-31,2020-10,granted,73,Primary,Outside Australia,"China, Peoples Republic of (excl SARs)",Postgraduate Research Sector,dfc7a893-0523-4b8e-bc5a-829e35bec90f,2026-09-23T23:23:24.105009,d3a5638eb5c2147d7f18a11a2ea6625e3ea36e4588bde9382588c575fdbfe43c,https://data.gov.au/data/dataset/324aa4f7-46bb-4d56-bc2d-772333a2317e/resource/dfc7a893-0523-4b8e-bc5a-829e35bec90f/download/bp0015l-student-visas-granted-report-locked-at-2025-08-31-v100.xlsx,BP0015 pivot-cache aggregation
2026-08-31,2020-10,lodged,81,Primary,Outside Australia,"China, Peoples Republic of (excl SARs)",Postgraduate Research Sector,ef31b2b4-a894-484b-99bc-e35d62ace777,2026-09-23T23:21:48.495885,094c98ff27ecb66ac3d8ca3294d48c717f38149b8d6662e947baa086a651d9e2,https://data.gov.au/data/dataset/324aa4f7-46bb-4d56-bc2d-772333a2317e/resource/ef31b2b4-a894-484b-99bc-e35d62ace777/download/bp0015l-student-visas-lodged-report-locked-at-2025-08-31-v100.xlsx,BP0015 pivot-cache aggregation
2026-08-31,2020-11,granted,77,Primary,Outside Australia,"China, Peoples Republic of (excl SARs)",Postgraduate Research Sector,dfc7a893-0523-4b8e-bc5a-829e35bec90f,2026-09-23T23:23:24.105009,d3a5638eb5c2147d7f18a11a2ea6625e3ea36e4588bde9382588c575fdbfe43c,https://data.gov.au/data/dataset/324aa4f7-46bb-4d56-bc2d-772333a2317e/resource/dfc7a893-0523-4b8e-bc5a-829e35bec90f/download/bp0015l-student-visas-granted-report-locked-at-2025-08-31-v100.xlsx,BP0015 pivot-cache aggregation
2026-08-31,2020-11,lodged,90,Primary,Outside Australia,"China, Peoples Republic of (excl SARs)",Postgraduate Research Sector,ef31b2b4-a894-484b-99bc-e35d62ace777,2026-09-23T23:21:48.495885,094c98ff27ecb66ac3d8ca3294d48c717f38149b8d6662e947baa086a651d9e2,https://data.gov.au/data/dataset/324aa4f7-46bb-4d56-bc2d-772333a2317e/resource/ef31b2b4-a894-484b-99bc-e35d62ace777/download/bp0015l-student-visas-lodged-report-locked-at-2025-08-31-v100.xlsx,BP0015 pivot-cache aggregation
2026-08-31,2020-12,granted,52,Primary,Outside Australia,"China, Peoples Republic of (excl SARs)",Postgraduate Research Sector,dfc7a893-0523-4b8e-bc5a-829e35bec90f,2026-09-23T23:23:24.105009,d3a5638eb5c2147d7f18a11a2ea6625e3ea36e4588bde9382588c575fdbfe43c,https://data.gov.au/data/dataset/324aa4f7-46bb-4d56-bc2d-772333a2317e/resource/dfc7a893-0523-4b8e-bc5a-829e35bec90f/download/bp0015l-student-visas-granted-report-locked-at-2025-08-31-v100.xlsx,BP0015 pivot-cache aggregation
2026-08-31,2020-12,lodged,84,Primary,Outside Australia,"China, Peoples Republic of (excl SARs)",Postgraduate Research Sector,ef31b2b4-a894-484b-99bc-e35d62ace777,2026-09-23T23:21:48.495885,094c98ff27ecb66ac3d8ca3294d48c717f38149b8d6662e947baa086a651d9e2,https://data.gov.au/data/dataset/324aa4f7-46bb-4d56-bc2d-772333a2317e/resource/ef31b2b4-a894-484b-99bc-e35d62ace777/download/bp0015l-student-visas-lodged-report-locked-at-2025-08-31-v100.xlsx,BP0015 pivot-cache aggregation
2026-08-31,2021-01,granted,67,Primary,Outside Australia,"China, Peoples Republic of (excl SARs)",Postgraduate Research Sector,dfc7a893-0523-4b8e-bc5a-829e35bec90f,2026-09-23T23:23:24.105009,d3a5638eb5c2147d7f18a11a2ea6625e3ea36e4588bde9382588c575fdbfe43c,https://data.gov.au/data/dataset/324aa4f7-46bb-4d56-bc2d-772333a2317e/resource/dfc7a893-0523-4b8e-bc5a-829e35bec90f/download/bp0015l-student-visas-granted-report-locked-at-2025-08-31-v100.xlsx,BP0015 pivot-cache aggregation
2026-08-31,2021-01,lodged,69,Primary,Outside Australia,"China, Peoples Republic of (excl SARs)",Postgraduate Research Sector,ef31b2b4-a894-484b-99bc-e35d62ace777,2026-09-23T23:21:48.495885,094c98ff27ecb66ac3d8ca3294d48c717f38149b8d6662e947baa086a651d9e2,https://data.gov.au/data/dataset/324aa4f7-46bb-4d56-bc2d-772333a2317e/resource/ef31b2b4-a894-484b-99bc-e35d62ace777/download/bp0015l-student-visas-lodged-report-locked-at-2025-08-31-v100.xlsx,BP0015 pivot-cache aggregation
2026-08-31,2021-02,granted,38,Primary,Outside Australia,"China, Peoples Republic of (excl SARs)",Postgraduate Research Sector,dfc7a893-0523-4b8e-bc5a-829e35bec90f,2026-09-23T23:23:24.105009,d3a5638eb5c2147d7f18a11a2ea6625e3ea36e4588bde9382588c575fdbfe43c,https://data.gov.au/data/dataset/324aa4f7-46bb-4d56-bc2d-772333a2317e/resource/dfc7a893-0523-4b8e-bc5a-829e35bec90f/download/bp0015l-student-visas-granted-report-locked-at-2025-08-31-v100.xlsx,BP0015 pivot-cache aggregation
2026-08-31,2021-02,lodged,54,Primary,Outside Australia,"China, Peoples Republic of (excl SARs)",Postgraduate Research Sector,ef31b2b4-a894-484b-99bc-e35d62ace777,2026-09-23T23:21:48.495885,094c98ff27ecb66ac3d8ca3294d48c717f38149b8d6662e947baa086a651d9e2,https://data.gov.au/data/dataset/324aa4f7-46bb-4d56-bc2d-772333a2317e/resource/ef31b2b4-a894-484b-99bc-e35d62ace777/download/bp0015l-student-visas-lodged-report-locked-at-2025-08-31-v100.xlsx,BP0015 pivot-cache aggregation
2026-08-31,2021-03,granted,87,Primary,Outside Australia,"China, Peoples Republic of (excl SARs)",Postgraduate Research Sector,dfc7a893-0523-4b8e-bc5a-829e35bec90f,2026-09-23T23:23:24.105009,d3a5638eb5c2147d7f18a11a2ea6625e3ea36e4588bde9382588c575fdbfe43c,https://data.gov.au/data/dataset/324aa4f7-46bb-4d56-bc2d-772333a2317e/resource/dfc7a893-0523-4b8e-bc5a-829e35bec90f/download/bp0015l-student-visas-granted-report-locked-at-2025-08-31-v100.xlsx,BP0015 pivot-cache aggregation
2026-08-31,2021-03,lodged,64,Primary,Outside Australia,"China, Peoples Republic of (excl SARs)",Postgraduate Research Sector,ef31b2b4-a894-484b-99bc-e35d62ace777,2026-09-23T23:21:48.495885,094c98ff27ecb66ac3d8ca3294d48c717f38149b8d6662e947baa086a651d9e2,https://data.gov.au/data/dataset/324aa4f7-46bb-4d56-bc2d-772333a2317e/resource/ef31b2b4-a894-484b-99bc-e35d62ace777/download/bp0015l-student-visas-lodged-report-locked-at-2025-08-31-v100.xlsx,BP0015 pivot-cache aggregation
2026-08-31,2021-04,granted,55,Primary,Outside Australia,"China, Peoples Republic of (excl SARs)",Postgraduate Research Sector,dfc7a893-0523-4b8e-bc5a-829e35bec90f,2026-09-23T23:23:24.105009,d3a5638eb5c2147d7f18a11a2ea6625e3ea36e4588bde9382588c575fdbfe43c,https://data.gov.au/data/dataset/324aa4f7-46bb-4d56-bc2d-772333a2317e/resource/dfc7a893-0523-4b8e-bc5a-829e35bec90f/download/bp0015l-student-visas-granted-report-locked-at-2025-08-31-v100.xlsx,BP0015 pivot-cache aggregation
2026-08-31,2021-04,lodged,63,Primary,Outside Australia,"China, Peoples Republic of (excl SARs)",Postgraduate Research Sector,ef31b2b4-a894-484b-99bc-e35d62ace777,2026-09-23T23:21:48.495885,094c98ff27ecb66ac3d8ca3294d48c717f38149b8d6662e947baa086a651d9e2,https://data.gov.au/data/dataset/324aa4f7-46bb-4d56-bc2d-772333a2317e/resource/ef31b2b4-a894-484b-99bc-e35d62ace777/download/bp0015l-student-visas-lodged-report-locked-at-2025-08-31-v100.xlsx,BP0015 pivot-cache aggregation
2026-08-31,2021-05,granted,92,Primary,Outside Australia,"China, Peoples Republic of (excl SARs)",Postgraduate Research Sector,dfc7a893-0523-4b8e-bc5a-829e35bec90f,2026-09-23T23:23:24.105009,d3a5638eb5c2147d7f18a11a2ea6625e3ea36e4588bde9382588c575fdbfe43c,https://data.gov.au/data/dataset/324aa4f7-46bb-4d56-bc2d-772333a2317e/resource/dfc7a893-0523-4b8e-bc5a-829e35bec90f/download/bp0015l-student-visas-granted-report-locked-at-2025-08-31-v100.xlsx,BP0015 pivot-cache aggregation
2026-08-31,2021-05,lodged,50,Primary,Outside Australia,"China, Peoples Republic of (excl SARs)",Postgraduate Research Sector,ef31b2b4-a894-484b-99bc-e35d62ace777,2026-09-23T23:21:48.495885,094c98ff27ecb66ac3d8ca3294d48c717f38149b8d6662e947baa086a651d9e2,https://data.gov.au/data/dataset/324aa4f7-46bb-4d56-bc2d-772333a2317e/resource/ef31b2b4-a894-484b-99bc-e35d62ace777/download/bp0015l-student-visas-lodged-report-locked-at-2025-08-31-v100.xlsx,BP0015 pivot-cache aggregation
2026-08-31,2021-06,granted,52,Primary,Outside Australia,"China, Peoples Republic of (excl SARs)",Postgraduate Research Sector,dfc7a893-0523-4b8e-bc5a-829e35bec90f,2026-09-23T23:23:24.105009,d3a5638eb5c2147d7f18a11a2ea6625e3ea36e4588bde9382588c575fdbfe43c,https://data.gov.au/data/dataset/324aa4f7-46bb-4d56-bc2d-772333a2317e/resource/dfc7a893-0523-4b8e-bc5a-829e35bec90f/download/bp0015l-student-visas-granted-report-locked-at-2025-08-31-v100.xlsx,BP0015 pivot-cache aggregation
2026-08-31,2021-06,lodged,67,Primary,Outside Australia,"China, Peoples Republic of (excl SARs)",Postgraduate Research Sector,ef31b2b4-a894-484b-99bc-e35d62ace777,2026-09-23T23:21:48.495885,094c98ff27ecb66ac3d8ca3294d48c717f38149b8d6662e947baa086a651d9e2,https://data.gov.au/data/dataset/324aa4f7-46bb-4d56-bc2d-772333a2317e/resource/ef31b2b4-a894-484b-99bc-e35d62ace777/download/bp0015l-student-visas-lodged-report-locked-at-2025-08-31-v100.xlsx,BP0015 pivot-cache aggregation
2026-08-31,2021-07,granted,67,Primary,Outside Australia,"China, Peoples Republic of (excl SARs)",Postgraduate Research Sector,dfc7a893-0523-4b8e-bc5a-829e35bec90f,2026-09-23T23:23:24.105009,d3a5638eb5c2147d7f18a11a2ea6625e3ea36e4588bde9382588c575fdbfe43c,https://data.gov.au/data/dataset/324aa4f7-46bb-4d56-bc2d-772333a2317e/resource/dfc7a893-0523-4b8e-bc5a-829e35bec90f/download/bp0015l-student-visas-granted-report-locked-at-2025-08-31-v100.xlsx,BP0015 pivot-cache aggregation
2026-08-31,2021-07,lodged,101,Primary,Outside Australia,"China, Peoples Republic of (excl SARs)",Postgraduate Research Sector,ef31b2b4-a894-484b-99bc-e35d62ace777,2026-09-23T23:21:48.495885,094c98ff27ecb66ac3d8ca3294d48c717f38149b8d6662e947baa086a651d9e2,https://data.gov.au/data/dataset/324aa4f7-46bb-4d56-bc2d-772333a2317e/resource/ef31b2b4-a894-484b-99bc-e35d62ace777/download/bp0015l-student-visas-lodged-report-locked-at-2025-08-31-v100.xlsx,BP0015 pivot-cache aggregation
2026-08-31,2021-08,granted,63,Primary,Outside Australia,"China, Peoples Republic of (excl SARs)",Postgraduate Research Sector,dfc7a893-0523-4b8e-bc5a-829e35bec90f,2026-09-23T23:23:24.105009,d3a5638eb5c2147d7f18a11a2ea6625e3ea36e4588bde9382588c575fdbfe43c,https://data.gov.au/data/dataset/324aa4f7-46bb-4d56-bc2d-772333a2317e/resource/dfc7a893-0523-4b8e-bc5a-829e35bec90f/download/bp0015l-student-visas-granted-report-locked-at-2025-08-31-v100.xlsx,BP0015 pivot-cache aggregation
2026-08-31,2021-08,lodged,90,Primary,Outside Australia,"China, Peoples Republic of (excl SARs)",Postgraduate Research Sector,ef31b2b4-a894-484b-99bc-e35d62ace777,2026-09-23T23:21:48.495885,094c98ff27ecb66ac3d8ca3294d48c717f38149b8d6662e947baa086a651d9e2,https://data.gov.au/data/dataset/324aa4f7-46bb-4d56-bc2d-772333a2317e/resource/ef31b2b4-a894-484b-99bc-e35d62ace777/download/bp0015l-student-visas-lodged-report-locked-at-2025-08-31-v100.xlsx,BP0015 pivot-cache aggregation
2026-08-31,2021-09,granted,64,Primary,Outside Australia,"China, Peoples Republic of (excl SARs)",Postgraduate Research Sector,dfc7a893-0523-4b8e-bc5a-829e35bec90f,2026-09-23T23:23:24.105009,d3a5638eb5c2147d7f18a11a2ea6625e3ea36e4588bde9382588c575fdbfe43c,https://data.gov.au/data/dataset/324aa4f7-46bb-4d56-bc2d-772333a2317e/resource/dfc7a893-0523-4b8e-bc5a-829e35bec90f/download/bp0015l-student-visas-granted-report-locked-at-2025-08-31-v100.xlsx,BP0015 pivot-cache aggregation
2026-08-31,2021-09,lodged,81,Primary,Outside Australia,"China, Peoples Republic of (excl SARs)",Postgraduate Research Sector,ef31b2b4-a894-484b-99bc-e35d62ace777,2026-09-23T23:21:48.495885,094c98ff27ecb66ac3d8ca3294d48c717f38149b8d6662e947baa086a651d9e2,https://data.gov.au/data/dataset/324aa4f7-46bb-4d56-bc2d-772333a2317e/resource/ef31b2b4-a894-484b-99bc-e35d62ace777/download/bp0015l-student-visas-lodged-report-locked-at-2025-08-31-v100.xlsx,BP0015 pivot-cache aggregation
2026-08-31,2021-10,granted,18,Primary,Outside Australia,"China, Peoples Republic of (excl SARs)",Postgraduate Research Sector,dfc7a893-0523-4b8e-bc5a-829e35bec90f,2026-09-23T23:23:24.105009,d3a5638eb5c2147d7f18a11a2ea6625e3ea36e4588bde9382588c575fdbfe43c,https://data.gov.au/data/dataset/324aa4f7-46bb-4d56-bc2d-772333a2317e/resource/dfc7a893-0523-4b8e-bc5a-829e35bec90f/download/bp0015l-student-visas-granted-report-locked-at-2025-08-31-v100.xlsx,BP0015 pivot-cache aggregation
2026-08-31,2021-10,lodged,61,Primary,Outside Australia,"China, Peoples Republic of (excl SARs)",Postgraduate Research Sector,ef31b2b4-a894-484b-99bc-e35d62ace777,2026-09-23T23:21:48.495885,094c98ff27ecb66ac3d8ca3294d48c717f38149b8d6662e947baa086a651d9e2,https://data.gov.au/data/dataset/324aa4f7-46bb-4d56-bc2d-772333a2317e/resource/ef31b2b4-a894-484b-99bc-e35d62ace777/download/bp0015l-student-visas-lodged-report-locked-at-2025-08-31-v100.xlsx,BP0015 pivot-cache aggregation
2026-08-31,2021-11,granted,79,Primary,Outside Australia,"China, Peoples Republic of (excl SARs)",Postgraduate Research Sector,dfc7a893-0523-4b8e-bc5a-829e35bec90f,2026-09-23T23:23:24.105009,d3a5638eb5c2147d7f18a11a2ea6625e3ea36e4588bde9382588c575fdbfe43c,https://data.gov.au/data/dataset/324aa4f7-46bb-4d56-bc2d-772333a2317e/resource/dfc7a893-0523-4b8e-bc5a-829e35bec90f/download/bp0015l-student-visas-granted-report-locked-at-2025-08-31-v100.xlsx,BP0015 pivot-cache aggregation
2026-08-31,2021-11,lodged,95,Primary,Outside Australia,"China, Peoples Republic of (excl SARs)",Postgraduate Research Sector,ef31b2b4-a894-484b-99bc-e35d62ace777,2026-09-23T23:21:48.495885,094c98ff27ecb66ac3d8ca3294d48c717f38149b8d6662e947baa086a651d9e2,https://data.gov.au/data/dataset/324aa4f7-46bb-4d56-bc2d-772333a2317e/resource/ef31b2b4-a894-484b-99bc-e35d62ace777/download/bp0015l-student-visas-lodged-report-locked-at-2025-08-31-v100.xlsx,BP0015 pivot-cache aggregation
2026-08-31,2021-12,granted,82,Primary,Outside Australia,"China, Peoples Republic of (excl SARs)",Postgraduate Research Sector,dfc7a893-0523-4b8e-bc5a-829e35bec90f,2026-09-23T23:23:24.105009,d3a5638eb5c2147d7f18a11a2ea6625e3ea36e4588bde9382588c575fdbfe43c,https://data.gov.au/data/dataset/324aa4f7-46bb-4d56-bc2d-772333a2317e/resource/dfc7a893-0523-4b8e-bc5a-829e35bec90f/download/bp0015l-student-visas-granted-report-locked-at-2025-08-31-v100.xlsx,BP0015 pivot-cache aggregation
2026-08-31,2021-12,lodged,120,Primary,Outside Australia,"China, Peoples Republic of (excl SARs)",Postgraduate Research Sector,ef31b2b4-a894-484b-99bc-e35d62ace777,2026-09-23T23:21:48.495885,094c98ff27ecb66ac3d8ca3294d48c717f38149b8d6662e947baa086a651d9e2,https://data.gov.au/data/dataset/324aa4f7-46bb-4d56-bc2d-772333a2317e/resource/ef31b2b4-a894-484b-99bc-e35d62ace777/download/bp0015l-student-visas-lodged-report-locked-at-2025-08-31-v100.xlsx,BP0015 pivot-cache aggregation
2026-08-31,2022-01,granted,67,Primary,Outside Australia,"China, Peoples Republic of (excl SARs)",Postgraduate Research Sector,dfc7a893-0523-4b8e-bc5a-829e35bec90f,2026-09-23T23:23:24.105009,d3a5638eb5c2147d7f18a11a2ea6625e3ea36e4588bde9382588c575fdbfe43c,https://data.gov.au/data/dataset/324aa4f7-46bb-4d56-bc2d-772333a2317e/resource/dfc7a893-0523-4b8e-bc5a-829e35bec90f/download/bp0015l-student-visas-granted-report-locked-at-2025-08-31-v100.xlsx,BP0015 pivot-cache aggregation
2026-08-31,2022-01,lodged,101,Primary,Outside Australia,"China, Peoples Republic of (excl SARs)",Postgraduate Research Sector,ef31b2b4-a894-484b-99bc-e35d62ace777,2026-09-23T23:21:48.495885,094c98ff27ecb66ac3d8ca3294d48c717f38149b8d6662e947baa086a651d9e2,https://data.gov.au/data/dataset/324aa4f7-46bb-4d56-bc2d-772333a2317e/resource/ef31b2b4-a894-484b-99bc-e35d62ace777/download/bp0015l-student-visas-lodged-report-locked-at-2025-08-31-v100.xlsx,BP0015 pivot-cache aggregation
2026-08-31,2022-02,granted,71,Primary,Outside Australia,"China, Peoples Republic of (excl SARs)",Postgraduate Research Sector,dfc7a893-0523-4b8e-bc5a-829e35bec90f,2026-09-23T23:23:24.105009,d3a5638eb5c2147d7f18a11a2ea6625e3ea36e4588bde9382588c575fdbfe43c,https://data.gov.au/data/dataset/324aa4f7-46bb-4d56-bc2d-772333a2317e/resource/dfc7a893-0523-4b8e-bc5a-829e35bec90f/download/bp0015l-student-visas-granted-report-locked-at-2025-08-31-v100.xlsx,BP0015 pivot-cache aggregation
2026-08-31,2022-02,lodged,115,Primary,Outside Australia,"China, Peoples Republic of (excl SARs)",Postgraduate Research Sector,ef31b2b4-a894-484b-99bc-e35d62ace777,2026-09-23T23:21:48.495885,094c98ff27ecb66ac3d8ca3294d48c717f38149b8d6662e947baa086a651d9e2,https://data.gov.au/data/dataset/324aa4f7-46bb-4d56-bc2d-772333a2317e/resource/ef31b2b4-a894-484b-99bc-e35d62ace777/download/bp0015l-student-visas-lodged-report-locked-at-2025-08-31-v100.xlsx,BP0015 pivot-cache aggregation
2026-08-31,2022-03,granted,22,Primary,Outside Australia,"China, Peoples Republic of (excl SARs)",Postgraduate Research Sector,dfc7a893-0523-4b8e-bc5a-829e35bec90f,2026-09-23T23:23:24.105009,d3a5638eb5c2147d7f18a11a2ea6625e3ea36e4588bde9382588c575fdbfe43c,https://data.gov.au/data/dataset/324aa4f7-46bb-4d56-bc2d-772333a2317e/resource/dfc7a893-0523-4b8e-bc5a-829e35bec90f/download/bp0015l-student-visas-granted-report-locked-at-2025-08-31-v100.xlsx,BP0015 pivot-cache aggregation
2026-08-31,2022-03,lodged,107,Primary,Outside Australia,"China, Peoples Republic of (excl SARs)",Postgraduate Research Sector,ef31b2b4-a894-484b-99bc-e35d62ace777,2026-09-23T23:21:48.495885,094c98ff27ecb66ac3d8ca3294d48c717f38149b8d6662e947baa086a651d9e2,https://data.gov.au/data/dataset/324aa4f7-46bb-4d56-bc2d-772333a2317e/resource/ef31b2b4-a894-484b-99bc-e35d62ace777/download/bp0015l-student-visas-lodged-report-locked-at-2025-08-31-v100.xlsx,BP0015 pivot-cache aggregation
2026-08-31,2022-04,granted,7,Primary,Outside Australia,"China, Peoples Republic of (excl SARs)",Postgraduate Research Sector,dfc7a893-0523-4b8e-bc5a-829e35bec90f,2026-09-23T23:23:24.105009,d3a5638eb5c2147d7f18a11a2ea6625e3ea36e4588bde9382588c575fdbfe43c,https://data.gov.au/data/dataset/324aa4f7-46bb-4d56-bc2d-772333a2317e/resource/dfc7a893-0523-4b8e-bc5a-829e35bec90f/download/bp0015l-student-visas-granted-report-locked-at-2025-08-31-v100.xlsx,BP0015 pivot-cache aggregation
2026-08-31,2022-04,lodged,76,Primary,Outside Australia,"China, Peoples Republic of (excl SARs)",Postgraduate Research Sector,ef31b2b4-a894-484b-99bc-e35d62ace777,2026-09-23T23:21:48.495885,094c98ff27ecb66ac3d8ca3294d48c717f38149b8d6662e947baa086a651d9e2,https://data.gov.au/data/dataset/324aa4f7-46bb-4d56-bc2d-772333a2317e/resource/ef31b2b4-a894-484b-99bc-e35d62ace777/download/bp0015l-student-visas-lodged-report-locked-at-2025-08-31-v100.xlsx,BP0015 pivot-cache aggregation
2026-08-31,2022-05,granted,5,Primary,Outside Australia,"China, Peoples Republic of (excl SARs)",Postgraduate Research Sector,dfc7a893-0523-4b8e-bc5a-829e35bec90f,2026-09-23T23:23:24.105009,d3a5638eb5c2147d7f18a11a2ea6625e3ea36e4588bde9382588c575fdbfe43c,https://data.gov.au/data/dataset/324aa4f7-46bb-4d56-bc2d-772333a2317e/resource/dfc7a893-0523-4b8e-bc5a-829e35bec90f/download/bp0015l-student-visas-granted-report-locked-at-2025-08-31-v100.xlsx,BP0015 pivot-cache aggregation
2026-08-31,2022-05,lodged,87,Primary,Outside Australia,"China, Peoples Republic of (excl SARs)",Postgraduate Research Sector,ef31b2b4-a894-484b-99bc-e35d62ace777,2026-09-23T23:21:48.495885,094c98ff27ecb66ac3d8ca3294d48c717f38149b8d6662e947baa086a651d9e2,https://data.gov.au/data/dataset/324aa4f7-46bb-4d56-bc2d-772333a2317e/resource/ef31b2b4-a894-484b-99bc-e35d62ace777/download/bp0015l-student-visas-lodged-report-locked-at-2025-08-31-v100.xlsx,BP0015 pivot-cache aggregation
2026-08-31,2022-06,granted,50,Primary,Outside Australia,"China, Peoples Republic of (excl SARs)",Postgraduate Research Sector,dfc7a893-0523-4b8e-bc5a-829e35bec90f,2026-09-23T23:23:24.105009,d3a5638eb5c2147d7f18a11a2ea6625e3ea36e4588bde9382588c575fdbfe43c,https://data.gov.au/data/dataset/324aa4f7-46bb-4d56-bc2d-772333a2317e/resource/dfc7a893-0523-4b8e-bc5a-829e35bec90f/download/bp0015l-student-visas-granted-report-locked-at-2025-08-31-v100.xlsx,BP0015 pivot-cache aggregation
2026-08-31,2022-06,lodged,109,Primary,Outside Australia,"China, Peoples Republic of (excl SARs)",Postgraduate Research Sector,ef31b2b4-a894-484b-99bc-e35d62ace777,2026-09-23T23:21:48.495885,094c98ff27ecb66ac3d8ca3294d48c717f38149b8d6662e947baa086a651d9e2,https://data.gov.au/data/dataset/324aa4f7-46bb-4d56-bc2d-772333a2317e/resource/ef31b2b4-a894-484b-99bc-e35d62ace777/download/bp0015l-student-visas-lodged-report-locked-at-2025-08-31-v100.xlsx,BP0015 pivot-cache aggregation
2026-08-31,2022-07,granted,54,Primary,Outside Australia,"China, Peoples Republic of (excl SARs)",Postgraduate Research Sector,dfc7a893-0523-4b8e-bc5a-829e35bec90f,2026-09-23T23:23:24.105009,d3a5638eb5c2147d7f18a11a2ea6625e3ea36e4588bde9382588c575fdbfe43c,https://data.gov.au/data/dataset/324aa4f7-46bb-4d56-bc2d-772333a2317e/resource/dfc7a893-0523-4b8e-bc5a-829e35bec90f/download/bp0015l-student-visas-granted-report-locked-at-2025-08-31-v100.xlsx,BP0015 pivot-cache aggregation
2026-08-31,2022-07,lodged,138,Primary,Outside Australia,"China, Peoples Republic of (excl SARs)",Postgraduate Research Sector,ef31b2b4-a894-484b-99bc-e35d62ace777,2026-09-23T23:21:48.495885,094c98ff27ecb66ac3d8ca3294d48c717f38149b8d6662e947baa086a651d9e2,https://data.gov.au/data/dataset/324aa4f7-46bb-4d56-bc2d-772333a2317e/resource/ef31b2b4-a894-484b-99bc-e35d62ace777/download/bp0015l-student-visas-lodged-report-locked-at-2025-08-31-v100.xlsx,BP0015 pivot-cache aggregation
2026-08-31,2022-08,granted,96,Primary,Outside Australia,"China, Peoples Republic of (excl SARs)",Postgraduate Research Sector,dfc7a893-0523-4b8e-bc5a-829e35bec90f,2026-09-23T23:23:24.105009,d3a5638eb5c2147d7f18a11a2ea6625e3ea36e4588bde9382588c575fdbfe43c,https://data.gov.au/data/dataset/324aa4f7-46bb-4d56-bc2d-772333a2317e/resource/dfc7a893-0523-4b8e-bc5a-829e35bec90f/download/bp0015l-student-visas-granted-report-locked-at-2025-08-31-v100.xlsx,BP0015 pivot-cache aggregation
2026-08-31,2022-08,lodged,138,Primary,Outside Australia,"China, Peoples Republic of (excl SARs)",Postgraduate Research Sector,ef31b2b4-a894-484b-99bc-e35d62ace777,2026-09-23T23:21:48.495885,094c98ff27ecb66ac3d8ca3294d48c717f38149b8d6662e947baa086a651d9e2,https://data.gov.au/data/dataset/324aa4f7-46bb-4d56-bc2d-772333a2317e/resource/ef31b2b4-a894-484b-99bc-e35d62ace777/download/bp0015l-student-visas-lodged-report-locked-at-2025-08-31-v100.xlsx,BP0015 pivot-cache aggregation
2026-08-31,2022-09,granted,99,Primary,Outside Australia,"China, Peoples Republic of (excl SARs)",Postgraduate Research Sector,dfc7a893-0523-4b8e-bc5a-829e35bec90f,2026-09-23T23:23:24.105009,d3a5638eb5c2147d7f18a11a2ea6625e3ea36e4588bde9382588c575fdbfe43c,https://data.gov.au/data/dataset/324aa4f7-46bb-4d56-bc2d-772333a2317e/resource/dfc7a893-0523-4b8e-bc5a-829e35bec90f/download/bp0015l-student-visas-granted-report-locked-at-2025-08-31-v100.xlsx,BP0015 pivot-cache aggregation
2026-08-31,2022-09,lodged,80,Primary,Outside Australia,"China, Peoples Republic of (excl SARs)",Postgraduate Research Sector,ef31b2b4-a894-484b-99bc-e35d62ace777,2026-09-23T23:21:48.495885,094c98ff27ecb66ac3d8ca3294d48c717f38149b8d6662e947baa086a651d9e2,https://data.gov.au/data/dataset/324aa4f7-46bb-4d56-bc2d-772333a2317e/resource/ef31b2b4-a894-484b-99bc-e35d62ace777/download/bp0015l-student-visas-lodged-report-locked-at-2025-08-31-v100.xlsx,BP0015 pivot-cache aggregation
2026-08-31,2022-10,granted,42,Primary,Outside Australia,"China, Peoples Republic of (excl SARs)",Postgraduate Research Sector,dfc7a893-0523-4b8e-bc5a-829e35bec90f,2026-09-23T23:23:24.105009,d3a5638eb5c2147d7f18a11a2ea6625e3ea36e4588bde9382588c575fdbfe43c,https://data.gov.au/data/dataset/324aa4f7-46bb-4d56-bc2d-772333a2317e/resource/dfc7a893-0523-4b8e-bc5a-829e35bec90f/download/bp0015l-student-visas-granted-report-locked-at-2025-08-31-v100.xlsx,BP0015 pivot-cache aggregation
2026-08-31,2022-10,lodged,78,Primary,Outside Australia,"China, Peoples Republic of (excl SARs)",Postgraduate Research Sector,ef31b2b4-a894-484b-99bc-e35d62ace777,2026-09-23T23:21:48.495885,094c98ff27ecb66ac3d8ca3294d48c717f38149b8d6662e947baa086a651d9e2,https://data.gov.au/data/dataset/324aa4f7-46bb-4d56-bc2d-772333a2317e/resource/ef31b2b4-a894-484b-99bc-e35d62ace777/download/bp0015l-student-visas-lodged-report-locked-at-2025-08-31-v100.xlsx,BP0015 pivot-cache aggregation
2026-08-31,2022-11,granted,38,Primary,Outside Australia,"China, Peoples Republic of (excl SARs)",Postgraduate Research Sector,dfc7a893-0523-4b8e-bc5a-829e35bec90f,2026-09-23T23:23:24.105009,d3a5638eb5c2147d7f18a11a2ea6625e3ea36e4588bde9382588c575fdbfe43c,https://data.gov.au/data/dataset/324aa4f7-46bb-4d56-bc2d-772333a2317e/resource/dfc7a893-0523-4b8e-bc5a-829e35bec90f/download/bp0015l-student-visas-granted-report-locked-at-2025-08-31-v100.xlsx,BP0015 pivot-cache aggregation
2026-08-31,2022-11,lodged,91,Primary,Outside Australia,"China, Peoples Republic of (excl SARs)",Postgraduate Research Sector,ef31b2b4-a894-484b-99bc-e35d62ace777,2026-09-23T23:21:48.495885,094c98ff27ecb66ac3d8ca3294d48c717f38149b8d6662e947baa086a651d9e2,https://data.gov.au/data/dataset/324aa4f7-46bb-4d56-bc2d-772333a2317e/resource/ef31b2b4-a894-484b-99bc-e35d62ace777/download/bp0015l-student-visas-lodged-report-locked-at-2025-08-31-v100.xlsx,BP0015 pivot-cache aggregation
2026-08-31,2022-12,granted,35,Primary,Outside Australia,"China, Peoples Republic of (excl SARs)",Postgraduate Research Sector,dfc7a893-0523-4b8e-bc5a-829e35bec90f,2026-09-23T23:23:24.105009,d3a5638eb5c2147d7f18a11a2ea6625e3ea36e4588bde9382588c575fdbfe43c,https://data.gov.au/data/dataset/324aa4f7-46bb-4d56-bc2d-772333a2317e/resource/dfc7a893-0523-4b8e-bc5a-829e35bec90f/download/bp0015l-student-visas-granted-report-locked-at-2025-08-31-v100.xlsx,BP0015 pivot-cache aggregation
2026-08-31,2022-12,lodged,105,Primary,Outside Australia,"China, Peoples Republic of (excl SARs)",Postgraduate Research Sector,ef31b2b4-a894-484b-99bc-e35d62ace777,2026-09-23T23:21:48.495885,094c98ff27ecb66ac3d8ca3294d48c717f38149b8d6662e947baa086a651d9e2,https://data.gov.au/data/dataset/324aa4f7-46bb-4d56-bc2d-772333a2317e/resource/ef31b2b4-a894-484b-99bc-e35d62ace777/download/bp0015l-student-visas-lodged-report-locked-at-2025-08-31-v100.xlsx,BP0015 pivot-cache aggregation
2026-08-31,2023-01,granted,56,Primary,Outside Australia,"China, Peoples Republic of (excl SARs)",Postgraduate Research Sector,dfc7a893-0523-4b8e-bc5a-829e35bec90f,2026-09-23T23:23:24.105009,d3a5638eb5c2147d7f18a11a2ea6625e3ea36e4588bde9382588c575fdbfe43c,https://data.gov.au/data/dataset/324aa4f7-46bb-4d56-bc2d-772333a2317e/resource/dfc7a893-0523-4b8e-bc5a-829e35bec90f/download/bp0015l-student-visas-granted-report-locked-at-2025-08-31-v100.xlsx,BP0015 pivot-cache aggregation
2026-08-31,2023-01,lodged,84,Primary,Outside Australia,"China, Peoples Republic of (excl SARs)",Postgraduate Research Sector,ef31b2b4-a894-484b-99bc-e35d62ace777,2026-09-23T23:21:48.495885,094c98ff27ecb66ac3d8ca3294d48c717f38149b8d6662e947baa086a651d9e2,https://data.gov.au/data/dataset/324aa4f7-46bb-4d56-bc2d-772333a2317e/resource/ef31b2b4-a894-484b-99bc-e35d62ace777/download/bp0015l-student-visas-lodged-report-locked-at-2025-08-31-v100.xlsx,BP0015 pivot-cache aggregation
2026-08-31,2023-02,granted,49,Primary,Outside Australia,"China, Peoples Republic of (excl SARs)",Postgraduate Research Sector,dfc7a893-0523-4b8e-bc5a-829e35bec90f,2026-09-23T23:23:24.105009,d3a5638eb5c2147d7f18a11a2ea6625e3ea36e4588bde9382588c575fdbfe43c,https://data.gov.au/data/dataset/324aa4f7-46bb-4d56-bc2d-772333a2317e/resource/dfc7a893-0523-4b8e-bc5a-829e35bec90f/download/bp0015l-student-visas-granted-report-locked-at-2025-08-31-v100.xlsx,BP0015 pivot-cache aggregation
2026-08-31,2023-02,lodged,61,Primary,Outside Australia,"China, Peoples Republic of (excl SARs)",Postgraduate Research Sector,ef31b2b4-a894-484b-99bc-e35d62ace777,2026-09-23T23:21:48.495885,094c98ff27ecb66ac3d8ca3294d48c717f38149b8d6662e947baa086a651d9e2,https://data.gov.au/data/dataset/324aa4f7-46bb-4d56-bc2d-772333a2317e/resource/ef31b2b4-a894-484b-99bc-e35d62ace777/download/bp0015l-student-visas-lodged-report-locked-at-2025-08-31-v100.xlsx,BP0015 pivot-cache aggregation
2026-08-31,2023-03,granted,257,Primary,Outside Australia,"China, Peoples Republic of (excl SARs)",Postgraduate Research Sector,dfc7a893-0523-4b8e-bc5a-829e35bec90f,2026-09-23T23:23:24.105009,d3a5638eb5c2147d7f18a11a2ea6625e3ea36e4588bde9382588c575fdbfe43c,https://data.gov.au/data/dataset/324aa4f7-46bb-4d56-bc2d-772333a2317e/resource/dfc7a893-0523-4b8e-bc5a-829e35bec90f/download/bp0015l-student-visas-granted-report-locked-at-2025-08-31-v100.xlsx,BP0015 pivot-cache aggregation
2026-08-31,2023-03,lodged,93,Primary,Outside Australia,"China, Peoples Republic of (excl SARs)",Postgraduate Research Sector,ef31b2b4-a894-484b-99bc-e35d62ace777,2026-09-23T23:21:48.495885,094c98ff27ecb66ac3d8ca3294d48c717f38149b8d6662e947baa086a651d9e2,https://data.gov.au/data/dataset/324aa4f7-46bb-4d56-bc2d-772333a2317e/resource/ef31b2b4-a894-484b-99bc-e35d62ace777/download/bp0015l-student-visas-lodged-report-locked-at-2025-08-31-v100.xlsx,BP0015 pivot-cache aggregation
2026-08-31,2023-04,granted,89,Primary,Outside Australia,"China, Peoples Republic of (excl SARs)",Postgraduate Research Sector,dfc7a893-0523-4b8e-bc5a-829e35bec90f,2026-09-23T23:23:24.105009,d3a5638eb5c2147d7f18a11a2ea6625e3ea36e4588bde9382588c575fdbfe43c,https://data.gov.au/data/dataset/324aa4f7-46bb-4d56-bc2d-772333a2317e/resource/dfc7a893-0523-4b8e-bc5a-829e35bec90f/download/bp0015l-student-visas-granted-report-locked-at-2025-08-31-v100.xlsx,BP0015 pivot-cache aggregation
2026-08-31,2023-04,lodged,51,Primary,Outside Australia,"China, Peoples Republic of (excl SARs)",Postgraduate Research Sector,ef31b2b4-a894-484b-99bc-e35d62ace777,2026-09-23T23:21:48.495885,094c98ff27ecb66ac3d8ca3294d48c717f38149b8d6662e947baa086a651d9e2,https://data.gov.au/data/dataset/324aa4f7-46bb-4d56-bc2d-772333a2317e/resource/ef31b2b4-a894-484b-99bc-e35d62ace777/download/bp0015l-student-visas-lodged-report-locked-at-2025-08-31-v100.xlsx,BP0015 pivot-cache aggregation
2026-08-31,2023-05,granted,168,Primary,Outside Australia,"China, Peoples Republic of (excl SARs)",Postgraduate Research Sector,dfc7a893-0523-4b8e-bc5a-829e35bec90f,2026-09-23T23:23:24.105009,d3a5638eb5c2147d7f18a11a2ea6625e3ea36e4588bde9382588c575fdbfe43c,https://data.gov.au/data/dataset/324aa4f7-46bb-4d56-bc2d-772333a2317e/resource/dfc7a893-0523-4b8e-bc5a-829e35bec90f/download/bp0015l-student-visas-granted-report-locked-at-2025-08-31-v100.xlsx,BP0015 pivot-cache aggregation
2026-08-31,2023-05,lodged,74,Primary,Outside Australia,"China, Peoples Republic of (excl SARs)",Postgraduate Research Sector,ef31b2b4-a894-484b-99bc-e35d62ace777,2026-09-23T23:21:48.495885,094c98ff27ecb66ac3d8ca3294d48c717f38149b8d6662e947baa086a651d9e2,https://data.gov.au/data/dataset/324aa4f7-46bb-4d56-bc2d-772333a2317e/resource/ef31b2b4-a894-484b-99bc-e35d62ace777/download/bp0015l-student-visas-lodged-report-locked-at-2025-08-31-v100.xlsx,BP0015 pivot-cache aggregation
2026-08-31,2023-06,granted,72,Primary,Outside Australia,"China, Peoples Republic of (excl SARs)",Postgraduate Research Sector,dfc7a893-0523-4b8e-bc5a-829e35bec90f,2026-09-23T23:23:24.105009,d3a5638eb5c2147d7f18a11a2ea6625e3ea36e4588bde9382588c575fdbfe43c,https://data.gov.au/data/dataset/324aa4f7-46bb-4d56-bc2d-772333a2317e/resource/dfc7a893-0523-4b8e-bc5a-829e35bec90f/download/bp0015l-student-visas-granted-report-locked-at-2025-08-31-v100.xlsx,BP0015 pivot-cache aggregation
2026-08-31,2023-06,lodged,132,Primary,Outside Australia,"China, Peoples Republic of (excl SARs)",Postgraduate Research Sector,ef31b2b4-a894-484b-99bc-e35d62ace777,2026-09-23T23:21:48.495885,094c98ff27ecb66ac3d8ca3294d48c717f38149b8d6662e947baa086a651d9e2,https://data.gov.au/data/dataset/324aa4f7-46bb-4d56-bc2d-772333a2317e/resource/ef31b2b4-a894-484b-99bc-e35d62ace777/download/bp0015l-student-visas-lodged-report-locked-at-2025-08-31-v100.xlsx,BP0015 pivot-cache aggregation
2026-08-31,2023-07,granted,58,Primary,Outside Australia,"China, Peoples Republic of (excl SARs)",Postgraduate Research Sector,dfc7a893-0523-4b8e-bc5a-829e35bec90f,2026-09-23T23:23:24.105009,d3a5638eb5c2147d7f18a11a2ea6625e3ea36e4588bde9382588c575fdbfe43c,https://data.gov.au/data/dataset/324aa4f7-46bb-4d56-bc2d-772333a2317e/resource/dfc7a893-0523-4b8e-bc5a-829e35bec90f/download/bp0015l-student-visas-granted-report-locked-at-2025-08-31-v100.xlsx,BP0015 pivot-cache aggregation
2026-08-31,2023-07,lodged,161,Primary,Outside Australia,"China, Peoples Republic of (excl SARs)",Postgraduate Research Sector,ef31b2b4-a894-484b-99bc-e35d62ace777,2026-09-23T23:21:48.495885,094c98ff27ecb66ac3d8ca3294d48c717f38149b8d6662e947baa086a651d9e2,https://data.gov.au/data/dataset/324aa4f7-46bb-4d56-bc2d-772333a2317e/resource/ef31b2b4-a894-484b-99bc-e35d62ace777/download/bp0015l-student-visas-lodged-report-locked-at-2025-08-31-v100.xlsx,BP0015 pivot-cache aggregation
2026-08-31,2023-08,granted,163,Primary,Outside Australia,"China, Peoples Republic of (excl SARs)",Postgraduate Research Sector,dfc7a893-0523-4b8e-bc5a-829e35bec90f,2026-09-23T23:23:24.105009,d3a5638eb5c2147d7f18a11a2ea6625e3ea36e4588bde9382588c575fdbfe43c,https://data.gov.au/data/dataset/324aa4f7-46bb-4d56-bc2d-772333a2317e/resource/dfc7a893-0523-4b8e-bc5a-829e35bec90f/download/bp0015l-student-visas-granted-report-locked-at-2025-08-31-v100.xlsx,BP0015 pivot-cache aggregation
2026-08-31,2023-08,lodged,136,Primary,Outside Australia,"China, Peoples Republic of (excl SARs)",Postgraduate Research Sector,ef31b2b4-a894-484b-99bc-e35d62ace777,2026-09-23T23:21:48.495885,094c98ff27ecb66ac3d8ca3294d48c717f38149b8d6662e947baa086a651d9e2,https://data.gov.au/data/dataset/324aa4f7-46bb-4d56-bc2d-772333a2317e/resource/ef31b2b4-a894-484b-99bc-e35d62ace777/download/bp0015l-student-visas-lodged-report-locked-at-2025-08-31-v100.xlsx,BP0015 pivot-cache aggregation
2026-08-31,2023-09,granted,45,Primary,Outside Australia,"China, Peoples Republic of (excl SARs)",Postgraduate Research Sector,dfc7a893-0523-4b8e-bc5a-829e35bec90f,2026-09-23T23:23:24.105009,d3a5638eb5c2147d7f18a11a2ea6625e3ea36e4588bde9382588c575fdbfe43c,https://data.gov.au/data/dataset/324aa4f7-46bb-4d56-bc2d-772333a2317e/resource/dfc7a893-0523-4b8e-bc5a-829e35bec90f/download/bp0015l-student-visas-granted-report-locked-at-2025-08-31-v100.xlsx,BP0015 pivot-cache aggregation
2026-08-31,2023-09,lodged,74,Primary,Outside Australia,"China, Peoples Republic of (excl SARs)",Postgraduate Research Sector,ef31b2b4-a894-484b-99bc-e35d62ace777,2026-09-23T23:21:48.495885,094c98ff27ecb66ac3d8ca3294d48c717f38149b8d6662e947baa086a651d9e2,https://data.gov.au/data/dataset/324aa4f7-46bb-4d56-bc2d-772333a2317e/resource/ef31b2b4-a894-484b-99bc-e35d62ace777/download/bp0015l-student-visas-lodged-report-locked-at-2025-08-31-v100.xlsx,BP0015 pivot-cache aggregation
2026-08-31,2023-10,granted,71,Primary,Outside Australia,"China, Peoples Republic of (excl SARs)",Postgraduate Research Sector,dfc7a893-0523-4b8e-bc5a-829e35bec90f,2026-09-23T23:23:24.105009,d3a5638eb5c2147d7f18a11a2ea6625e3ea36e4588bde9382588c575fdbfe43c,https://data.gov.au/data/dataset/324aa4f7-46bb-4d56-bc2d-772333a2317e/resource/dfc7a893-0523-4b8e-bc5a-829e35bec90f/download/bp0015l-student-visas-granted-report-locked-at-2025-08-31-v100.xlsx,BP0015 pivot-cache aggregation
2026-08-31,2023-10,lodged,71,Primary,Outside Australia,"China, Peoples Republic of (excl SARs)",Postgraduate Research Sector,ef31b2b4-a894-484b-99bc-e35d62ace777,2026-09-23T23:21:48.495885,094c98ff27ecb66ac3d8ca3294d48c717f38149b8d6662e947baa086a651d9e2,https://data.gov.au/data/dataset/324aa4f7-46bb-4d56-bc2d-772333a2317e/resource/ef31b2b4-a894-484b-99bc-e35d62ace777/download/bp0015l-student-visas-lodged-report-locked-at-2025-08-31-v100.xlsx,BP0015 pivot-cache aggregation
2026-08-31,2023-11,granted,239,Primary,Outside Australia,"China, Peoples Republic of (excl SARs)",Postgraduate Research Sector,dfc7a893-0523-4b8e-bc5a-829e35bec90f,2026-09-23T23:23:24.105009,d3a5638eb5c2147d7f18a11a2ea6625e3ea36e4588bde9382588c575fdbfe43c,https://data.gov.au/data/dataset/324aa4f7-46bb-4d56-bc2d-772333a2317e/resource/dfc7a893-0523-4b8e-bc5a-829e35bec90f/download/bp0015l-student-visas-granted-report-locked-at-2025-08-31-v100.xlsx,BP0015 pivot-cache aggregation
2026-08-31,2023-11,lodged,112,Primary,Outside Australia,"China, Peoples Republic of (excl SARs)",Postgraduate Research Sector,ef31b2b4-a894-484b-99bc-e35d62ace777,2026-09-23T23:21:48.495885,094c98ff27ecb66ac3d8ca3294d48c717f38149b8d6662e947baa086a651d9e2,https://data.gov.au/data/dataset/324aa4f7-46bb-4d56-bc2d-772333a2317e/resource/ef31b2b4-a894-484b-99bc-e35d62ace777/download/bp0015l-student-visas-lodged-report-locked-at-2025-08-31-v100.xlsx,BP0015 pivot-cache aggregation
2026-08-31,2023-12,granted,158,Primary,Outside Australia,"China, Peoples Republic of (excl SARs)",Postgraduate Research Sector,dfc7a893-0523-4b8e-bc5a-829e35bec90f,2026-09-23T23:23:24.105009,d3a5638eb5c2147d7f18a11a2ea6625e3ea36e4588bde9382588c575fdbfe43c,https://data.gov.au/data/dataset/324aa4f7-46bb-4d56-bc2d-772333a2317e/resource/dfc7a893-0523-4b8e-bc5a-829e35bec90f/download/bp0015l-student-visas-granted-report-locked-at-2025-08-31-v100.xlsx,BP0015 pivot-cache aggregation
2026-08-31,2023-12,lodged,117,Primary,Outside Australia,"China, Peoples Republic of (excl SARs)",Postgraduate Research Sector,ef31b2b4-a894-484b-99bc-e35d62ace777,2026-09-23T23:21:48.495885,094c98ff27ecb66ac3d8ca3294d48c717f38149b8d6662e947baa086a651d9e2,https://data.gov.au/data/dataset/324aa4f7-46bb-4d56-bc2d-772333a2317e/resource/ef31b2b4-a894-484b-99bc-e35d62ace777/download/bp0015l-student-visas-lodged-report-locked-at-2025-08-31-v100.xlsx,BP0015 pivot-cache aggregation
2026-08-31,2024-01,granted,179,Primary,Outside Australia,"China, Peoples Republic of (excl SARs)",Postgraduate Research Sector,dfc7a893-0523-4b8e-bc5a-829e35bec90f,2026-09-23T23:23:24.105009,d3a5638eb5c2147d7f18a11a2ea6625e3ea36e4588bde9382588c575fdbfe43c,https://data.gov.au/data/dataset/324aa4f7-46bb-4d56-bc2d-772333a2317e/resource/dfc7a893-0523-4b8e-bc5a-829e35bec90f/download/bp0015l-student-visas-granted-report-locked-at-2025-08-31-v100.xlsx,BP0015 pivot-cache aggregation
2026-08-31,2024-01,lodged,134,Primary,Outside Australia,"China, Peoples Republic of (excl SARs)",Postgraduate Research Sector,ef31b2b4-a894-484b-99bc-e35d62ace777,2026-09-23T23:21:48.495885,094c98ff27ecb66ac3d8ca3294d48c717f38149b8d6662e947baa086a651d9e2,https://data.gov.au/data/dataset/324aa4f7-46bb-4d56-bc2d-772333a2317e/resource/ef31b2b4-a894-484b-99bc-e35d62ace777/download/bp0015l-student-visas-lodged-report-locked-at-2025-08-31-v100.xlsx,BP0015 pivot-cache aggregation
2026-08-31,2024-02,granted,107,Primary,Outside Australia,"China, Peoples Republic of (excl SARs)",Postgraduate Research Sector,dfc7a893-0523-4b8e-bc5a-829e35bec90f,2026-09-23T23:23:24.105009,d3a5638eb5c2147d7f18a11a2ea6625e3ea36e4588bde9382588c575fdbfe43c,https://data.gov.au/data/dataset/324aa4f7-46bb-4d56-bc2d-772333a2317e/resource/dfc7a893-0523-4b8e-bc5a-829e35bec90f/download/bp0015l-student-visas-granted-report-locked-at-2025-08-31-v100.xlsx,BP0015 pivot-cache aggregation
2026-08-31,2024-02,lodged,87,Primary,Outside Australia,"China, Peoples Republic of (excl SARs)",Postgraduate Research Sector,ef31b2b4-a894-484b-99bc-e35d62ace777,2026-09-23T23:21:48.495885,094c98ff27ecb66ac3d8ca3294d48c717f38149b8d6662e947baa086a651d9e2,https://data.gov.au/data/dataset/324aa4f7-46bb-4d56-bc2d-772333a2317e/resource/ef31b2b4-a894-484b-99bc-e35d62ace777/download/bp0015l-student-visas-lodged-report-locked-at-2025-08-31-v100.xlsx,BP0015 pivot-cache aggregation
2026-08-31,2024-03,granted,69,Primary,Outside Australia,"China, Peoples Republic of (excl SARs)",Postgraduate Research Sector,dfc7a893-0523-4b8e-bc5a-829e35bec90f,2026-09-23T23:23:24.105009,d3a5638eb5c2147d7f18a11a2ea6625e3ea36e4588bde9382588c575fdbfe43c,https://data.gov.au/data/dataset/324aa4f7-46bb-4d56-bc2d-772333a2317e/resource/dfc7a893-0523-4b8e-bc5a-829e35bec90f/download/bp0015l-student-visas-granted-report-locked-at-2025-08-31-v100.xlsx,BP0015 pivot-cache aggregation
2026-08-31,2024-03,lodged,86,Primary,Outside Australia,"China, Peoples Republic of (excl SARs)",Postgraduate Research Sector,ef31b2b4-a894-484b-99bc-e35d62ace777,2026-09-23T23:21:48.495885,094c98ff27ecb66ac3d8ca3294d48c717f38149b8d6662e947baa086a651d9e2,https://data.gov.au/data/dataset/324aa4f7-46bb-4d56-bc2d-772333a2317e/resource/ef31b2b4-a894-484b-99bc-e35d62ace777/download/bp0015l-student-visas-lodged-report-locked-at-2025-08-31-v100.xlsx,BP0015 pivot-cache aggregation
2026-08-31,2024-04,granted,60,Primary,Outside Australia,"China, Peoples Republic of (excl SARs)",Postgraduate Research Sector,dfc7a893-0523-4b8e-bc5a-829e35bec90f,2026-09-23T23:23:24.105009,d3a5638eb5c2147d7f18a11a2ea6625e3ea36e4588bde9382588c575fdbfe43c,https://data.gov.au/data/dataset/324aa4f7-46bb-4d56-bc2d-772333a2317e/resource/dfc7a893-0523-4b8e-bc5a-829e35bec90f/download/bp0015l-student-visas-granted-report-locked-at-2025-08-31-v100.xlsx,BP0015 pivot-cache aggregation
2026-08-31,2024-04,lodged,91,Primary,Outside Australia,"China, Peoples Republic of (excl SARs)",Postgraduate Research Sector,ef31b2b4-a894-484b-99bc-e35d62ace777,2026-09-23T23:21:48.495885,094c98ff27ecb66ac3d8ca3294d48c717f38149b8d6662e947baa086a651d9e2,https://data.gov.au/data/dataset/324aa4f7-46bb-4d56-bc2d-772333a2317e/resource/ef31b2b4-a894-484b-99bc-e35d62ace777/download/bp0015l-student-visas-lodged-report-locked-at-2025-08-31-v100.xlsx,BP0015 pivot-cache aggregation
2026-08-31,2024-05,granted,70,Primary,Outside Australia,"China, Peoples Republic of (excl SARs)",Postgraduate Research Sector,dfc7a893-0523-4b8e-bc5a-829e35bec90f,2026-09-23T23:23:24.105009,d3a5638eb5c2147d7f18a11a2ea6625e3ea36e4588bde9382588c575fdbfe43c,https://data.gov.au/data/dataset/324aa4f7-46bb-4d56-bc2d-772333a2317e/resource/dfc7a893-0523-4b8e-bc5a-829e35bec90f/download/bp0015l-student-visas-granted-report-locked-at-2025-08-31-v100.xlsx,BP0015 pivot-cache aggregation
2026-08-31,2024-05,lodged,111,Primary,Outside Australia,"China, Peoples Republic of (excl SARs)",Postgraduate Research Sector,ef31b2b4-a894-484b-99bc-e35d62ace777,2026-09-23T23:21:48.495885,094c98ff27ecb66ac3d8ca3294d48c717f38149b8d6662e947baa086a651d9e2,https://data.gov.au/data/dataset/324aa4f7-46bb-4d56-bc2d-772333a2317e/resource/ef31b2b4-a894-484b-99bc-e35d62ace777/download/bp0015l-student-visas-lodged-report-locked-at-2025-08-31-v100.xlsx,BP0015 pivot-cache aggregation
2026-08-31,2024-06,granted,139,Primary,Outside Australia,"China, Peoples Republic of (excl SARs)",Postgraduate Research Sector,dfc7a893-0523-4b8e-bc5a-829e35bec90f,2026-09-23T23:23:24.105009,d3a5638eb5c2147d7f18a11a2ea6625e3ea36e4588bde9382588c575fdbfe43c,https://data.gov.au/data/dataset/324aa4f7-46bb-4d56-bc2d-772333a2317e/resource/dfc7a893-0523-4b8e-bc5a-829e35bec90f/download/bp0015l-student-visas-granted-report-locked-at-2025-08-31-v100.xlsx,BP0015 pivot-cache aggregation
2026-08-31,2024-06,lodged,215,Primary,Outside Australia,"China, Peoples Republic of (excl SARs)",Postgraduate Research Sector,ef31b2b4-a894-484b-99bc-e35d62ace777,2026-09-23T23:21:48.495885,094c98ff27ecb66ac3d8ca3294d48c717f38149b8d6662e947baa086a651d9e2,https://data.gov.au/data/dataset/324aa4f7-46bb-4d56-bc2d-772333a2317e/resource/ef31b2b4-a894-484b-99bc-e35d62ace777/download/bp0015l-student-visas-lodged-report-locked-at-2025-08-31-v100.xlsx,BP0015 pivot-cache aggregation
2026-08-31,2024-07,granted,110,Primary,Outside Australia,"China, Peoples Republic of (excl SARs)",Postgraduate Research Sector,dfc7a893-0523-4b8e-bc5a-829e35bec90f,2026-09-23T23:23:24.105009,d3a5638eb5c2147d7f18a11a2ea6625e3ea36e4588bde9382588c575fdbfe43c,https://data.gov.au/data/dataset/324aa4f7-46bb-4d56-bc2d-772333a2317e/resource/dfc7a893-0523-4b8e-bc5a-829e35bec90f/download/bp0015l-student-visas-granted-report-locked-at-2025-08-31-v100.xlsx,BP0015 pivot-cache aggregation
2026-08-31,2024-07,lodged,297,Primary,Outside Australia,"China, Peoples Republic of (excl SARs)",Postgraduate Research Sector,ef31b2b4-a894-484b-99bc-e35d62ace777,2026-09-23T23:21:48.495885,094c98ff27ecb66ac3d8ca3294d48c717f38149b8d6662e947baa086a651d9e2,https://data.gov.au/data/dataset/324aa4f7-46bb-4d56-bc2d-772333a2317e/resource/ef31b2b4-a894-484b-99bc-e35d62ace777/download/bp0015l-student-visas-lodged-report-locked-at-2025-08-31-v100.xlsx,BP0015 pivot-cache aggregation
2026-08-31,2024-08,granted,101,Primary,Outside Australia,"China, Peoples Republic of (excl SARs)",Postgraduate Research Sector,dfc7a893-0523-4b8e-bc5a-829e35bec90f,2026-09-23T23:23:24.105009,d3a5638eb5c2147d7f18a11a2ea6625e3ea36e4588bde9382588c575fdbfe43c,https://data.gov.au/data/dataset/324aa4f7-46bb-4d56-bc2d-772333a2317e/resource/dfc7a893-0523-4b8e-bc5a-829e35bec90f/download/bp0015l-student-visas-granted-report-locked-at-2025-08-31-v100.xlsx,BP0015 pivot-cache aggregation
2026-08-31,2024-08,lodged,190,Primary,Outside Australia,"China, Peoples Republic of (excl SARs)",Postgraduate Research Sector,ef31b2b4-a894-484b-99bc-e35d62ace777,2026-09-23T23:21:48.495885,094c98ff27ecb66ac3d8ca3294d48c717f38149b8d6662e947baa086a651d9e2,https://data.gov.au/data/dataset/324aa4f7-46bb-4d56-bc2d-772333a2317e/resource/ef31b2b4-a894-484b-99bc-e35d62ace777/download/bp0015l-student-visas-lodged-report-locked-at-2025-08-31-v100.xlsx,BP0015 pivot-cache aggregation
2026-08-31,2024-09,granted,113,Primary,Outside Australia,"China, Peoples Republic of (excl SARs)",Postgraduate Research Sector,dfc7a893-0523-4b8e-bc5a-829e35bec90f,2026-09-23T23:23:24.105009,d3a5638eb5c2147d7f18a11a2ea6625e3ea36e4588bde9382588c575fdbfe43c,https://data.gov.au/data/dataset/324aa4f7-46bb-4d56-bc2d-772333a2317e/resource/dfc7a893-0523-4b8e-bc5a-829e35bec90f/download/bp0015l-student-visas-granted-report-locked-at-2025-08-31-v100.xlsx,BP0015 pivot-cache aggregation
2026-08-31,2024-09,lodged,112,Primary,Outside Australia,"China, Peoples Republic of (excl SARs)",Postgraduate Research Sector,ef31b2b4-a894-484b-99bc-e35d62ace777,2026-09-23T23:21:48.495885,094c98ff27ecb66ac3d8ca3294d48c717f38149b8d6662e947baa086a651d9e2,https://data.gov.au/data/dataset/324aa4f7-46bb-4d56-bc2d-772333a2317e/resource/ef31b2b4-a894-484b-99bc-e35d62ace777/download/bp0015l-student-visas-lodged-report-locked-at-2025-08-31-v100.xlsx,BP0015 pivot-cache aggregation
2026-08-31,2024-10,granted,77,Primary,Outside Australia,"China, Peoples Republic of (excl SARs)",Postgraduate Research Sector,dfc7a893-0523-4b8e-bc5a-829e35bec90f,2026-09-23T23:23:24.105009,d3a5638eb5c2147d7f18a11a2ea6625e3ea36e4588bde9382588c575fdbfe43c,https://data.gov.au/data/dataset/324aa4f7-46bb-4d56-bc2d-772333a2317e/resource/dfc7a893-0523-4b8e-bc5a-829e35bec90f/download/bp0015l-student-visas-granted-report-locked-at-2025-08-31-v100.xlsx,BP0015 pivot-cache aggregation
2026-08-31,2024-10,lodged,134,Primary,Outside Australia,"China, Peoples Republic of (excl SARs)",Postgraduate Research Sector,ef31b2b4-a894-484b-99bc-e35d62ace777,2026-09-23T23:21:48.495885,094c98ff27ecb66ac3d8ca3294d48c717f38149b8d6662e947baa086a651d9e2,https://data.gov.au/data/dataset/324aa4f7-46bb-4d56-bc2d-772333a2317e/resource/ef31b2b4-a894-484b-99bc-e35d62ace777/download/bp0015l-student-visas-lodged-report-locked-at-2025-08-31-v100.xlsx,BP0015 pivot-cache aggregation
2026-08-31,2024-11,granted,124,Primary,Outside Australia,"China, Peoples Republic of (excl SARs)",Postgraduate Research Sector,dfc7a893-0523-4b8e-bc5a-829e35bec90f,2026-09-23T23:23:24.105009,d3a5638eb5c2147d7f18a11a2ea6625e3ea36e4588bde9382588c575fdbfe43c,https://data.gov.au/data/dataset/324aa4f7-46bb-4d56-bc2d-772333a2317e/resource/dfc7a893-0523-4b8e-bc5a-829e35bec90f/download/bp0015l-student-visas-granted-report-locked-at-2025-08-31-v100.xlsx,BP0015 pivot-cache aggregation
2026-08-31,2024-11,lodged,145,Primary,Outside Australia,"China, Peoples Republic of (excl SARs)",Postgraduate Research Sector,ef31b2b4-a894-484b-99bc-e35d62ace777,2026-09-23T23:21:48.495885,094c98ff27ecb66ac3d8ca3294d48c717f38149b8d6662e947baa086a651d9e2,https://data.gov.au/data/dataset/324aa4f7-46bb-4d56-bc2d-772333a2317e/resource/ef31b2b4-a894-484b-99bc-e35d62ace777/download/bp0015l-student-visas-lodged-report-locked-at-2025-08-31-v100.xlsx,BP0015 pivot-cache aggregation
2026-08-31,2024-12,granted,189,Primary,Outside Australia,"China, Peoples Republic of (excl SARs)",Postgraduate Research Sector,dfc7a893-0523-4b8e-bc5a-829e35bec90f,2026-09-23T23:23:24.105009,d3a5638eb5c2147d7f18a11a2ea6625e3ea36e4588bde9382588c575fdbfe43c,https://data.gov.au/data/dataset/324aa4f7-46bb-4d56-bc2d-772333a2317e/resource/dfc7a893-0523-4b8e-bc5a-829e35bec90f/download/bp0015l-student-visas-granted-report-locked-at-2025-08-31-v100.xlsx,BP0015 pivot-cache aggregation
2026-08-31,2024-12,lodged,195,Primary,Outside Australia,"China, Peoples Republic of (excl SARs)",Postgraduate Research Sector,ef31b2b4-a894-484b-99bc-e35d62ace777,2026-09-23T23:21:48.495885,094c98ff27ecb66ac3d8ca3294d48c717f38149b8d6662e947baa086a651d9e2,https://data.gov.au/data/dataset/324aa4f7-46bb-4d56-bc2d-772333a2317e/resource/ef31b2b4-a894-484b-99bc-e35d62ace777/download/bp0015l-student-visas-lodged-report-locked-at-2025-08-31-v100.xlsx,BP0015 pivot-cache aggregation
2026-08-31,2025-01,granted,148,Primary,Outside Australia,"China, Peoples Republic of (excl SARs)",Postgraduate Research Sector,dfc7a893-0523-4b8e-bc5a-829e35bec90f,2026-09-23T23:23:24.105009,d3a5638eb5c2147d7f18a11a2ea6625e3ea36e4588bde9382588c575fdbfe43c,https://data.gov.au/data/dataset/324aa4f7-46bb-4d56-bc2d-772333a2317e/resource/dfc7a893-0523-4b8e-bc5a-829e35bec90f/download/bp0015l-student-visas-granted-report-locked-at-2025-08-31-v100.xlsx,BP0015 pivot-cache aggregation
2026-08-31,2025-01,lodged,164,Primary,Outside Australia,"China, Peoples Republic of (excl SARs)",Postgraduate Research Sector,ef31b2b4-a894-484b-99bc-e35d62ace777,2026-09-23T23:21:48.495885,094c98ff27ecb66ac3d8ca3294d48c717f38149b8d6662e947baa086a651d9e2,https://data.gov.au/data/dataset/324aa4f7-46bb-4d56-bc2d-772333a2317e/resource/ef31b2b4-a894-484b-99bc-e35d62ace777/download/bp0015l-student-visas-lodged-report-locked-at-2025-08-31-v100.xlsx,BP0015 pivot-cache aggregation
2026-08-31,2025-02,granted,107,Primary,Outside Australia,"China, Peoples Republic of (excl SARs)",Postgraduate Research Sector,dfc7a893-0523-4b8e-bc5a-829e35bec90f,2026-09-23T23:23:24.105009,d3a5638eb5c2147d7f18a11a2ea6625e3ea36e4588bde9382588c575fdbfe43c,https://data.gov.au/data/dataset/324aa4f7-46bb-4d56-bc2d-772333a2317e/resource/dfc7a893-0523-4b8e-bc5a-829e35bec90f/download/bp0015l-student-visas-granted-report-locked-at-2025-08-31-v100.xlsx,BP0015 pivot-cache aggregation
2026-08-31,2025-02,lodged,140,Primary,Outside Australia,"China, Peoples Republic of (excl SARs)",Postgraduate Research Sector,ef31b2b4-a894-484b-99bc-e35d62ace777,2026-09-23T23:21:48.495885,094c98ff27ecb66ac3d8ca3294d48c717f38149b8d6662e947baa086a651d9e2,https://data.gov.au/data/dataset/324aa4f7-46bb-4d56-bc2d-772333a2317e/resource/ef31b2b4-a894-484b-99bc-e35d62ace777/download/bp0015l-student-visas-lodged-report-locked-at-2025-08-31-v100.xlsx,BP0015 pivot-cache aggregation
2026-08-31,2025-03,granted,109,Primary,Outside Australia,"China, Peoples Republic of (excl SARs)",Postgraduate Research Sector,dfc7a893-0523-4b8e-bc5a-829e35bec90f,2026-09-23T23:23:24.105009,d3a5638eb5c2147d7f18a11a2ea6625e3ea36e4588bde9382588c575fdbfe43c,https://data.gov.au/data/dataset/324aa4f7-46bb-4d56-bc2d-772333a2317e/resource/dfc7a893-0523-4b8e-bc5a-829e35bec90f/download/bp0015l-student-visas-granted-report-locked-at-2025-08-31-v100.xlsx,BP0015 pivot-cache aggregation
2026-08-31,2025-03,lodged,127,Primary,Outside Australia,"China, Peoples Republic of (excl SARs)",Postgraduate Research Sector,ef31b2b4-a894-484b-99bc-e35d62ace777,2026-09-23T23:21:48.495885,094c98ff27ecb66ac3d8ca3294d48c717f38149b8d6662e947baa086a651d9e2,https://data.gov.au/data/dataset/324aa4f7-46bb-4d56-bc2d-772333a2317e/resource/ef31b2b4-a894-484b-99bc-e35d62ace777/download/bp0015l-student-visas-lodged-report-locked-at-2025-08-31-v100.xlsx,BP0015 pivot-cache aggregation
2026-08-31,2025-04,granted,81,Primary,Outside Australia,"China, Peoples Republic of (excl SARs)",Postgraduate Research Sector,dfc7a893-0523-4b8e-bc5a-829e35bec90f,2026-09-23T23:23:24.105009,d3a5638eb5c2147d7f18a11a2ea6625e3ea36e4588bde9382588c575fdbfe43c,https://data.gov.au/data/dataset/324aa4f7-46bb-4d56-bc2d-772333a2317e/resource/dfc7a893-0523-4b8e-bc5a-829e35bec90f/download/bp0015l-student-visas-granted-report-locked-at-2025-08-31-v100.xlsx,BP0015 pivot-cache aggregation
2026-08-31,2025-04,lodged,127,Primary,Outside Australia,"China, Peoples Republic of (excl SARs)",Postgraduate Research Sector,ef31b2b4-a894-484b-99bc-e35d62ace777,2026-09-23T23:21:48.495885,094c98ff27ecb66ac3d8ca3294d48c717f38149b8d6662e947baa086a651d9e2,https://data.gov.au/data/dataset/324aa4f7-46bb-4d56-bc2d-772333a2317e/resource/ef31b2b4-a894-484b-99bc-e35d62ace777/download/bp0015l-student-visas-lodged-report-locked-at-2025-08-31-v100.xlsx,BP0015 pivot-cache aggregation
2026-08-31,2025-05,granted,120,Primary,Outside Australia,"China, Peoples Republic of (excl SARs)",Postgraduate Research Sector,dfc7a893-0523-4b8e-bc5a-829e35bec90f,2026-09-23T23:23:24.105009,d3a5638eb5c2147d7f18a11a2ea6625e3ea36e4588bde9382588c575fdbfe43c,https://data.gov.au/data/dataset/324aa4f7-46bb-4d56-bc2d-772333a2317e/resource/dfc7a893-0523-4b8e-bc5a-829e35bec90f/download/bp0015l-student-visas-granted-report-locked-at-2025-08-31-v100.xlsx,BP0015 pivot-cache aggregation
2026-08-31,2025-05,lodged,146,Primary,Outside Australia,"China, Peoples Republic of (excl SARs)",Postgraduate Research Sector,ef31b2b4-a894-484b-99bc-e35d62ace777,2026-09-23T23:21:48.495885,094c98ff27ecb66ac3d8ca3294d48c717f38149b8d6662e947baa086a651d9e2,https://data.gov.au/data/dataset/324aa4f7-46bb-4d56-bc2d-772333a2317e/resource/ef31b2b4-a894-484b-99bc-e35d62ace777/download/bp0015l-student-visas-lodged-report-locked-at-2025-08-31-v100.xlsx,BP0015 pivot-cache aggregation
2026-08-31,2025-06,granted,178,Primary,Outside Australia,"China, Peoples Republic of (excl SARs)",Postgraduate Research Sector,dfc7a893-0523-4b8e-bc5a-829e35bec90f,2026-09-23T23:23:24.105009,d3a5638eb5c2147d7f18a11a2ea6625e3ea36e4588bde9382588c575fdbfe43c,https://data.gov.au/data/dataset/324aa4f7-46bb-4d56-bc2d-772333a2317e/resource/dfc7a893-0523-4b8e-bc5a-829e35bec90f/download/bp0015l-student-visas-granted-report-locked-at-2025-08-31-v100.xlsx,BP0015 pivot-cache aggregation
2026-08-31,2025-06,lodged,206,Primary,Outside Australia,"China, Peoples Republic of (excl SARs)",Postgraduate Research Sector,ef31b2b4-a894-484b-99bc-e35d62ace777,2026-09-23T23:21:48.495885,094c98ff27ecb66ac3d8ca3294d48c717f38149b8d6662e947baa086a651d9e2,https://data.gov.au/data/dataset/324aa4f7-46bb-4d56-bc2d-772333a2317e/resource/ef31b2b4-a894-484b-99bc-e35d62ace777/download/bp0015l-student-visas-lodged-report-locked-at-2025-08-31-v100.xlsx,BP0015 pivot-cache aggregation
2026-08-31,2025-07,granted,302,Primary,Outside Australia,"China, Peoples Republic of (excl SARs)",Postgraduate Research Sector,dfc7a893-0523-4b8e-bc5a-829e35bec90f,2026-09-23T23:23:24.105009,d3a5638eb5c2147d7f18a11a2ea6625e3ea36e4588bde9382588c575fdbfe43c,https://data.gov.au/data/dataset/324aa4f7-46bb-4d56-bc2d-772333a2317e/resource/dfc7a893-0523-4b8e-bc5a-829e35bec90f/download/bp0015l-student-visas-granted-report-locked-at-2025-08-31-v100.xlsx,BP0015 pivot-cache aggregation
2026-08-31,2025-07,lodged,419,Primary,Outside Australia,"China, Peoples Republic of (excl SARs)",Postgraduate Research Sector,ef31b2b4-a894-484b-99bc-e35d62ace777,2026-09-23T23:21:48.495885,094c98ff27ecb66ac3d8ca3294d48c717f38149b8d6662e947baa086a651d9e2,https://data.gov.au/data/dataset/324aa4f7-46bb-4d56-bc2d-772333a2317e/resource/ef31b2b4-a894-484b-99bc-e35d62ace777/download/bp0015l-student-visas-lodged-report-locked-at-2025-08-31-v100.xlsx,BP0015 pivot-cache aggregation
2026-08-31,2025-08,granted,263,Primary,Outside Australia,"China, Peoples Republic of (excl SARs)",Postgraduate Research Sector,dfc7a893-0523-4b8e-bc5a-829e35bec90f,2026-09-23T23:23:24.105009,d3a5638eb5c2147d7f18a11a2ea6625e3ea36e4588bde9382588c575fdbfe43c,https://data.gov.au/data/dataset/324aa4f7-46bb-4d56-bc2d-772333a2317e/resource/dfc7a893-0523-4b8e-bc5a-829e35bec90f/download/bp0015l-student-visas-granted-report-locked-at-2025-08-31-v100.xlsx,BP0015 pivot-cache aggregation
2026-08-31,2025-08,lodged,224,Primary,Outside Australia,"China, Peoples Republic of (excl SARs)",Postgraduate Research Sector,ef31b2b4-a894-484b-99bc-e35d62ace777,2026-09-23T23:21:48.495885,094c98ff27ecb66ac3d8ca3294d48c717f38149b8d6662e947baa086a651d9e2,https://data.gov.au/data/dataset/324aa4f7-46bb-4d56-bc2d-772333a2317e/resource/ef31b2b4-a894-484b-99bc-e35d62ace777/download/bp0015l-student-visas-lodged-report-locked-at-2025-08-31-v100.xlsx,BP0015 pivot-cache aggregation
2026-08-31,2025-09,granted,157,Primary,Outside Australia,"China, Peoples Republic of (excl SARs)",Postgraduate Research Sector,dfc7a893-0523-4b8e-bc5a-829e35bec90f,2026-09-23T23:23:24.105009,d3a5638eb5c2147d7f18a11a2ea6625e3ea36e4588bde9382588c575fdbfe43c,https://data.gov.au/data/dataset/324aa4f7-46bb-4d56-bc2d-772333a2317e/resource/dfc7a893-0523-4b8e-bc5a-829e35bec90f/download/bp0015l-student-visas-granted-report-locked-at-2025-08-31-v100.xlsx,BP0015 pivot-cache aggregation
2026-08-31,2025-09,lodged,154,Primary,Outside Australia,"China, Peoples Republic of (excl SARs)",Postgraduate Research Sector,ef31b2b4-a894-484b-99bc-e35d62ace777,2026-09-23T23:21:48.495885,094c98ff27ecb66ac3d8ca3294d48c717f38149b8d6662e947baa086a651d9e2,https://data.gov.au/data/dataset/324aa4f7-46bb-4d56-bc2d-772333a2317e/resource/ef31b2b4-a894-484b-99bc-e35d62ace777/download/bp0015l-student-visas-lodged-report-locked-at-2025-08-31-v100.xlsx,BP0015 pivot-cache aggregation
2026-08-31,2025-10,granted,133,Primary,Outside Australia,"China, Peoples Republic of (excl SARs)",Postgraduate Research Sector,dfc7a893-0523-4b8e-bc5a-829e35bec90f,2026-09-23T23:23:24.105009,d3a5638eb5c2147d7f18a11a2ea6625e3ea36e4588bde9382588c575fdbfe43c,https://data.gov.au/data/dataset/324aa4f7-46bb-4d56-bc2d-772333a2317e/resource/dfc7a893-0523-4b8e-bc5a-829e35bec90f/download/bp0015l-student-visas-granted-report-locked-at-2025-08-31-v100.xlsx,BP0015 pivot-cache aggregation
2026-08-31,2025-10,lodged,129,Primary,Outside Australia,"China, Peoples Republic of (excl SARs)",Postgraduate Research Sector,ef31b2b4-a894-484b-99bc-e35d62ace777,2026-09-23T23:21:48.495885,094c98ff27ecb66ac3d8ca3294d48c717f38149b8d6662e947baa086a651d9e2,https://data.gov.au/data/dataset/324aa4f7-46bb-4d56-bc2d-772333a2317e/resource/ef31b2b4-a894-484b-99bc-e35d62ace777/download/bp0015l-student-visas-lodged-report-locked-at-2025-08-31-v100.xlsx,BP0015 pivot-cache aggregation
2026-08-31,2025-11,granted,126,Primary,Outside Australia,"China, Peoples Republic of (excl SARs)",Postgraduate Research Sector,dfc7a893-0523-4b8e-bc5a-829e35bec90f,2026-09-23T23:23:24.105009,d3a5638eb5c2147d7f18a11a2ea6625e3ea36e4588bde9382588c575fdbfe43c,https://data.gov.au/data/dataset/324aa4f7-46bb-4d56-bc2d-772333a2317e/resource/dfc7a893-0523-4b8e-bc5a-829e35bec90f/download/bp0015l-student-visas-granted-report-locked-at-2025-08-31-v100.xlsx,BP0015 pivot-cache aggregation
2026-08-31,2025-11,lodged,148,Primary,Outside Australia,"China, Peoples Republic of (excl SARs)",Postgraduate Research Sector,ef31b2b4-a894-484b-99bc-e35d62ace777,2026-09-23T23:21:48.495885,094c98ff27ecb66ac3d8ca3294d48c717f38149b8d6662e947baa086a651d9e2,https://data.gov.au/data/dataset/324aa4f7-46bb-4d56-bc2d-772333a2317e/resource/ef31b2b4-a894-484b-99bc-e35d62ace777/download/bp0015l-student-visas-lodged-report-locked-at-2025-08-31-v100.xlsx,BP0015 pivot-cache aggregation
2026-08-31,2025-12,granted,133,Primary,Outside Australia,"China, Peoples Republic of (excl SARs)",Postgraduate Research Sector,dfc7a893-0523-4b8e-bc5a-829e35bec90f,2026-09-23T23:23:24.105009,d3a5638eb5c2147d7f18a11a2ea6625e3ea36e4588bde9382588c575fdbfe43c,https://data.gov.au/data/dataset/324aa4f7-46bb-4d56-bc2d-772333a2317e/resource/dfc7a893-0523-4b8e-bc5a-829e35bec90f/download/bp0015l-student-visas-granted-report-locked-at-2025-08-31-v100.xlsx,BP0015 pivot-cache aggregation
2026-08-31,2025-12,lodged,184,Primary,Outside Australia,"China, Peoples Republic of (excl SARs)",Postgraduate Research Sector,ef31b2b4-a894-484b-99bc-e35d62ace777,2026-09-23T23:21:48.495885,094c98ff27ecb66ac3d8ca3294d48c717f38149b8d6662e947baa086a651d9e2,https://data.gov.au/data/dataset/324aa4f7-46bb-4d56-bc2d-772333a2317e/resource/ef31b2b4-a894-484b-99bc-e35d62ace777/download/bp0015l-student-visas-lodged-report-locked-at-2025-08-31-v100.xlsx,BP0015 pivot-cache aggregation
2026-08-31,2026-01,granted,144,Primary,Outside Australia,"China, Peoples Republic of (excl SARs)",Postgraduate Research Sector,dfc7a893-0523-4b8e-bc5a-829e35bec90f,2026-09-23T23:23:24.105009,d3a5638eb5c2147d7f18a11a2ea6625e3ea36e4588bde9382588c575fdbfe43c,https://data.gov.au/data/dataset/324aa4f7-46bb-4d56-bc2d-772333a2317e/resource/dfc7a893-0523-4b8e-bc5a-829e35bec90f/download/bp0015l-student-visas-granted-report-locked-at-2025-08-31-v100.xlsx,BP0015 pivot-cache aggregation
2026-08-31,2026-01,lodged,150,Primary,Outside Australia,"China, Peoples Republic of (excl SARs)",Postgraduate Research Sector,ef31b2b4-a894-484b-99bc-e35d62ace777,2026-09-23T23:21:48.495885,094c98ff27ecb66ac3d8ca3294d48c717f38149b8d6662e947baa086a651d9e2,https://data.gov.au/data/dataset/324aa4f7-46bb-4d56-bc2d-772333a2317e/resource/ef31b2b4-a894-484b-99bc-e35d62ace777/download/bp0015l-student-visas-lodged-report-locked-at-2025-08-31-v100.xlsx,BP0015 pivot-cache aggregation
2026-08-31,2026-02,granted,126,Primary,Outside Australia,"China, Peoples Republic of (excl SARs)",Postgraduate Research Sector,dfc7a893-0523-4b8e-bc5a-829e35bec90f,2026-09-23T23:23:24.105009,d3a5638eb5c2147d7f18a11a2ea6625e3ea36e4588bde9382588c575fdbfe43c,https://data.gov.au/data/dataset/324aa4f7-46bb-4d56-bc2d-772333a2317e/resource/dfc7a893-0523-4b8e-bc5a-829e35bec90f/download/bp0015l-student-visas-granted-report-locked-at-2025-08-31-v100.xlsx,BP0015 pivot-cache aggregation
2026-08-31,2026-02,lodged,99,Primary,Outside Australia,"China, Peoples Republic of (excl SARs)",Postgraduate Research Sector,ef31b2b4-a894-484b-99bc-e35d62ace777,2026-09-23T23:21:48.495885,094c98ff27ecb66ac3d8ca3294d48c717f38149b8d6662e947baa086a651d9e2,https://data.gov.au/data/dataset/324aa4f7-46bb-4d56-bc2d-772333a2317e/resource/ef31b2b4-a894-484b-99bc-e35d62ace777/download/bp0015l-student-visas-lodged-report-locked-at-2025-08-31-v100.xlsx,BP0015 pivot-cache aggregation
2026-08-31,2026-03,granted,125,Primary,Outside Australia,"China, Peoples Republic of (excl SARs)",Postgraduate Research Sector,dfc7a893-0523-4b8e-bc5a-829e35bec90f,2026-09-23T23:23:24.105009,d3a5638eb5c2147d7f18a11a2ea6625e3ea36e4588bde9382588c575fdbfe43c,https://data.gov.au/data/dataset/324aa4f7-46bb-4d56-bc2d-772333a2317e/resource/dfc7a893-0523-4b8e-bc5a-829e35bec90f/download/bp0015l-student-visas-granted-report-locked-at-2025-08-31-v100.xlsx,BP0015 pivot-cache aggregation
2026-08-31,2026-03,lodged,101,Primary,Outside Australia,"China, Peoples Republic of (excl SARs)",Postgraduate Research Sector,ef31b2b4-a894-484b-99bc-e35d62ace777,2026-09-23T23:21:48.495885,094c98ff27ecb66ac3d8ca3294d48c717f38149b8d6662e947baa086a651d9e2,https://data.gov.au/data/dataset/324aa4f7-46bb-4d56-bc2d-772333a2317e/resource/ef31b2b4-a894-484b-99bc-e35d62ace777/download/bp0015l-student-visas-lodged-report-locked-at-2025-08-31-v100.xlsx,BP0015 pivot-cache aggregation
2026-08-31,2026-04,granted,88,Primary,Outside Australia,"China, Peoples Republic of (excl SARs)",Postgraduate Research Sector,dfc7a893-0523-4b8e-bc5a-829e35bec90f,2026-09-23T23:23:24.105009,d3a5638eb5c2147d7f18a11a2ea6625e3ea36e4588bde9382588c575fdbfe43c,https://data.gov.au/data/dataset/324aa4f7-46bb-4d56-bc2d-772333a2317e/resource/dfc7a893-0523-4b8e-bc5a-829e35bec90f/download/bp0015l-student-visas-granted-report-locked-at-2025-08-31-v100.xlsx,BP0015 pivot-cache aggregation
2026-08-31,2026-04,lodged,106,Primary,Outside Australia,"China, Peoples Republic of (excl SARs)",Postgraduate Research Sector,ef31b2b4-a894-484b-99bc-e35d62ace777,2026-09-23T23:21:48.495885,094c98ff27ecb66ac3d8ca3294d48c717f38149b8d6662e947baa086a651d9e2,https://data.gov.au/data/dataset/324aa4f7-46bb-4d56-bc2d-772333a2317e/resource/ef31b2b4-a894-484b-99bc-e35d62ace777/download/bp0015l-student-visas-lodged-report-locked-at-2025-08-31-v100.xlsx,BP0015 pivot-cache aggregation
2026-08-31,2026-05,granted,90,Primary,Outside Australia,"China, Peoples Republic of (excl SARs)",Postgraduate Research Sector,dfc7a893-0523-4b8e-bc5a-829e35bec90f,2026-09-23T23:23:24.105009,d3a5638eb5c2147d7f18a11a2ea6625e3ea36e4588bde9382588c575fdbfe43c,https://data.gov.au/data/dataset/324aa4f7-46bb-4d56-bc2d-772333a2317e/resource/dfc7a893-0523-4b8e-bc5a-829e35bec90f/download/bp0015l-student-visas-granted-report-locked-at-2025-08-31-v100.xlsx,BP0015 pivot-cache aggregation
2026-08-31,2026-05,lodged,124,Primary,Outside Australia,"China, Peoples Republic of (excl SARs)",Postgraduate Research Sector,ef31b2b4-a894-484b-99bc-e35d62ace777,2026-09-23T23:21:48.495885,094c98ff27ecb66ac3d8ca3294d48c717f38149b8d6662e947baa086a651d9e2,https://data.gov.au/data/dataset/324aa4f7-46bb-4d56-bc2d-772333a2317e/resource/ef31b2b4-a894-484b-99bc-e35d62ace777/download/bp0015l-student-visas-lodged-report-locked-at-2025-08-31-v100.xlsx,BP0015 pivot-cache aggregation
2026-08-31,2026-06,granted,133,Primary,Outside Australia,"China, Peoples Republic of (excl SARs)",Postgraduate Research Sector,dfc7a893-0523-4b8e-bc5a-829e35bec90f,2026-09-23T23:23:24.105009,d3a5638eb5c2147d7f18a11a2ea6625e3ea36e4588bde9382588c575fdbfe43c,https://data.gov.au/data/dataset/324aa4f7-46bb-4d56-bc2d-772333a2317e/resource/dfc7a893-0523-4b8e-bc5a-829e35bec90f/download/bp0015l-student-visas-granted-report-locked-at-2025-08-31-v100.xlsx,BP0015 pivot-cache aggregation
2026-08-31,2026-06,lodged,246,Primary,Outside Australia,"China, Peoples Republic of (excl SARs)",Postgraduate Research Sector,ef31b2b4-a894-484b-99bc-e35d62ace777,2026-09-23T23:21:48.495885,094c98ff27ecb66ac3d8ca3294d48c717f38149b8d6662e947baa086a651d9e2,https://data.gov.au/data/dataset/324aa4f7-46bb-4d56-bc2d-772333a2317e/resource/ef31b2b4-a894-484b-99bc-e35d62ace777/download/bp0015l-student-visas-lodged-report-locked-at-2025-08-31-v100.xlsx,BP0015 pivot-cache aggregation
2026-08-31,2026-07,granted,192,Primary,Outside Australia,"China, Peoples Republic of (excl SARs)",Postgraduate Research Sector,dfc7a893-0523-4b8e-bc5a-829e35bec90f,2026-09-23T23:23:24.105009,d3a5638eb5c2147d7f18a11a2ea6625e3ea36e4588bde9382588c575fdbfe43c,https://data.gov.au/data/dataset/324aa4f7-46bb-4d56-bc2d-772333a2317e/resource/dfc7a893-0523-4b8e-bc5a-829e35bec90f/download/bp0015l-student-visas-granted-report-locked-at-2025-08-31-v100.xlsx,BP0015 pivot-cache aggregation
2026-08-31,2026-07,lodged,332,Primary,Outside Australia,"China, Peoples Republic of (excl SARs)",Postgraduate Research Sector,ef31b2b4-a894-484b-99bc-e35d62ace777,2026-09-23T23:21:48.495885,094c98ff27ecb66ac3d8ca3294d48c717f38149b8d6662e947baa086a651d9e2,https://data.gov.au/data/dataset/324aa4f7-46bb-4d56-bc2d-772333a2317e/resource/ef31b2b4-a894-484b-99bc-e35d62ace777/download/bp0015l-student-visas-lodged-report-locked-at-2025-08-31-v100.xlsx,BP0015 pivot-cache aggregation
2026-08-31,2026-08,granted,124,Primary,Outside Australia,"China, Peoples Republic of (excl SARs)",Postgraduate Research Sector,dfc7a893-0523-4b8e-bc5a-829e35bec90f,2026-09-23T23:23:24.105009,d3a5638eb5c2147d7f18a11a2ea6625e3ea36e4588bde9382588c575fdbfe43c,https://data.gov.au/data/dataset/324aa4f7-46bb-4d56-bc2d-772333a2317e/resource/dfc7a893-0523-4b8e-bc5a-829e35bec90f/download/bp0015l-student-visas-granted-report-locked-at-2025-08-31-v100.xlsx,BP0015 pivot-cache aggregation
2026-08-31,2026-08,lodged,247,Primary,Outside Australia,"China, Peoples Republic of (excl SARs)",Postgraduate Research Sector,ef31b2b4-a894-484b-99bc-e35d62ace777,2026-09-23T23:21:48.495885,094c98ff27ecb66ac3d8ca3294d48c717f38149b8d6662e947baa086a651d9e2,https://data.gov.au/data/dataset/324aa4f7-46bb-4d56-bc2d-772333a2317e/resource/ef31b2b4-a894-484b-99bc-e35d62ace777/download/bp0015l-student-visas-lodged-report-locked-at-2025-08-31-v100.xlsx,BP0015 pivot-cache aggregation
